NC_007716.1	272396	1
NC_007716.1	272397	1
NC_007716.1	272398	1
NC_007716.1	272399	1
NC_007716.1	272400	1
NC_007716.1	272401	1
NC_007716.1	272402	1
NC_007716.1	272403	1
NC_007716.1	272404	1
NC_007716.1	272405	1
NC_007716.1	272406	1
NC_007716.1	272407	1
NC_007716.1	272408	1
NC_007716.1	272409	1
NC_007716.1	272410	1
NC_007716.1	272411	1
NC_007716.1	272412	1
NC_007716.1	272413	1
NC_007716.1	272414	1
NC_007716.1	272415	1
NC_007716.1	272416	1
NC_007716.1	272417	1
NC_007716.1	272418	1
NC_007716.1	272419	1
NC_007716.1	272420	1
NC_007716.1	272421	1
NC_007716.1	272422	1
NC_007716.1	272423	1
NC_007716.1	272424	1
NC_007716.1	272425	1
NC_007716.1	272426	1
NC_007716.1	272427	1
NC_007716.1	272428	1
NC_007716.1	272429	1
NC_007716.1	272430	1
NC_007716.1	272431	1
NC_007716.1	272432	1
NC_007716.1	272433	1
NC_007716.1	272434	1
NC_007716.1	272435	1
NC_007716.1	272436	1
NC_007716.1	272437	1
NC_007716.1	272438	1
NC_007716.1	272439	1
NC_007716.1	272440	1
NC_007716.1	272441	1
NC_007716.1	272442	1
NC_007716.1	272443	1
NC_007716.1	272444	1
NC_007716.1	272445	1
NC_007716.1	272446	1
NC_007716.1	272447	1
NC_007716.1	272448	1
NC_007716.1	272449	1
NC_007716.1	272450	1
NC_007716.1	272451	1
NC_007716.1	272452	1
NC_007716.1	272453	1
NC_007716.1	272454	1
NC_007716.1	272455	1
NC_007716.1	272456	1
NC_007716.1	272457	1
NC_007716.1	272458	1
NC_007716.1	272459	1
NC_007716.1	272460	1
NC_007716.1	272461	1
NC_007716.1	272462	1
NC_007716.1	272463	1
NC_007716.1	272464	1
NC_007716.1	272465	1
NC_007716.1	272466	1
NC_007716.1	272467	1
NC_007716.1	272468	1
NC_007716.1	272469	1
NC_007716.1	272470	1
NC_007716.1	272471	1
NC_007716.1	272472	1
NC_007716.1	272473	1
NC_007716.1	272474	1
NC_007716.1	272475	1
NC_007716.1	272476	1
NC_007716.1	272477	1
NC_007716.1	272478	1
NC_007716.1	272479	1
NC_007716.1	272480	1
NC_007716.1	272481	1
NC_007716.1	272482	1
NC_007716.1	272483	1
NC_007716.1	272484	1
NC_007716.1	272485	1
NC_007716.1	272486	1
NC_007716.1	272487	1
NC_007716.1	272488	1
NC_007716.1	272489	1
NC_007716.1	272490	1
NC_007716.1	272491	1
NC_007716.1	272492	1
NC_007716.1	272493	1
NC_007716.1	272494	1
NC_007716.1	272495	1
NC_007716.1	272496	1
NC_007716.1	272497	1
NC_007716.1	272498	1
NC_007716.1	272499	1
NC_007716.1	272500	1
NC_007716.1	272501	1
NC_007716.1	272502	1
NC_007716.1	272503	1
NC_007716.1	272504	1
NC_007716.1	272505	1
NC_007716.1	272506	1
NC_007716.1	272507	1
NC_007716.1	272508	1
NC_007716.1	272509	1
NC_007716.1	272510	1
NC_007716.1	272511	1
NC_007716.1	272512	1
NC_007716.1	272513	1
NC_007716.1	272514	1
NC_007716.1	272515	1
NC_007716.1	272516	1
NC_007716.1	272517	1
NC_007716.1	272518	1
NC_007716.1	272519	1
NC_007716.1	272520	1
NC_007716.1	272521	1
NC_007716.1	272522	1
NC_007716.1	272523	1
NC_007716.1	272524	1
NC_007716.1	272525	1
NC_007716.1	272526	1
NC_007716.1	272527	1
NC_007716.1	272528	1
NC_007716.1	272529	1
NC_007716.1	272530	1
NC_007716.1	272531	1
NC_007716.1	272532	1
NC_007716.1	272533	1
NC_007716.1	272534	1
NC_007716.1	272535	1
NC_007716.1	272536	1
NC_007716.1	272537	1
NC_007716.1	272538	1
NC_007716.1	272539	1
NC_007716.1	272540	1
NC_007716.1	272541	1
NC_007716.1	272542	1
NC_007716.1	272543	1
NC_007716.1	272544	1
NC_007716.1	272545	1
NC_007716.1	272783	1
NC_007716.1	272784	1
NC_007716.1	272785	1
NC_007716.1	272786	1
NC_007716.1	272787	1
NC_007716.1	272788	1
NC_007716.1	272789	1
NC_007716.1	272790	1
NC_007716.1	272791	1
NC_007716.1	272792	1
NC_007716.1	272793	1
NC_007716.1	272794	1
NC_007716.1	272795	1
NC_007716.1	272796	1
NC_007716.1	272797	1
NC_007716.1	272798	1
NC_007716.1	272799	1
NC_007716.1	272800	1
NC_007716.1	272801	1
NC_007716.1	272802	1
NC_007716.1	272803	1
NC_007716.1	272804	1
NC_007716.1	272805	1
NC_007716.1	272806	1
NC_007716.1	272807	1
NC_007716.1	272808	1
NC_007716.1	272809	1
NC_007716.1	272810	1
NC_007716.1	272811	1
NC_007716.1	272812	1
NC_007716.1	272813	1
NC_007716.1	272814	1
NC_007716.1	272815	1
NC_007716.1	272816	1
NC_007716.1	272817	1
NC_007716.1	272818	1
NC_007716.1	272819	1
NC_007716.1	272820	1
NC_007716.1	272821	1
NC_007716.1	272822	1
NC_007716.1	272823	1
NC_007716.1	272824	1
NC_007716.1	272825	1
NC_007716.1	272826	1
NC_007716.1	272827	1
NC_007716.1	272828	1
NC_007716.1	272829	1
NC_007716.1	272830	1
NC_007716.1	272831	1
NC_007716.1	272832	1
NC_007716.1	272833	1
NC_007716.1	272834	1
NC_007716.1	272835	1
NC_007716.1	272836	1
NC_007716.1	272837	1
NC_007716.1	272838	1
NC_007716.1	272839	1
NC_007716.1	272840	1
NC_007716.1	272841	1
NC_007716.1	272842	1
NC_007716.1	272843	1
NC_007716.1	272844	1
NC_007716.1	272845	1
NC_007716.1	272846	1
NC_007716.1	272847	1
NC_007716.1	272848	1
NC_007716.1	272849	1
NC_007716.1	272850	1
NC_007716.1	272852	1
NC_007716.1	272853	1
NC_007716.1	272854	1
NC_007716.1	272855	1
NC_007716.1	272857	1
NC_007716.1	272858	1
NC_007716.1	272859	1
NC_007716.1	272860	1
NC_007716.1	272861	1
NC_007716.1	272862	1
NC_007716.1	272863	1
NC_007716.1	272864	1
NC_007716.1	272865	1
NC_007716.1	272866	1
NC_007716.1	272867	1
NC_007716.1	272868	1
NC_007716.1	272869	1
NC_007716.1	272870	1
NC_007716.1	272871	1
NC_007716.1	272872	1
NC_007716.1	272873	1
NC_007716.1	272874	1
NC_007716.1	272875	1
NC_007716.1	272876	1
NC_007716.1	272877	1
NC_007716.1	272878	1
NC_007716.1	272879	1
NC_007716.1	272880	1
NC_007716.1	272881	1
NC_007716.1	272882	1
NC_007716.1	272883	1
NC_007716.1	272884	1
NC_007716.1	272885	1
NC_007716.1	272886	1
NC_007716.1	272887	1
NC_007716.1	272888	1
NC_007716.1	272889	1
NC_007716.1	272890	1
NC_007716.1	272891	1
NC_007716.1	272892	1
NC_007716.1	272893	1
NC_007716.1	272894	1
NC_007716.1	272895	1
NC_007716.1	272896	1
NC_007716.1	272897	1
NC_007716.1	272898	1
NC_007716.1	272899	1
NC_007716.1	272900	1
NC_007716.1	272901	1
NC_007716.1	272902	1
NC_007716.1	272903	1
NC_007716.1	272904	1
NC_007716.1	272905	1
NC_007716.1	272906	1
NC_007716.1	272907	1
NC_007716.1	272908	1
NC_007716.1	272909	1
NC_007716.1	272910	1
NC_007716.1	272911	1
NC_007716.1	272912	1
NC_007716.1	272913	1
NC_007716.1	272914	1
NC_007716.1	272915	1
NC_007716.1	272916	1
NC_007716.1	272917	1
NC_007716.1	272918	1
NC_007716.1	272919	1
NC_007716.1	272920	1
NC_007716.1	272921	1
NC_007716.1	272922	1
NC_007716.1	272923	1
NC_007716.1	272924	1
NC_007716.1	272925	1
NC_007716.1	272926	1
NC_007716.1	272927	1
NC_007716.1	272928	1
NC_007716.1	272929	1
NC_007716.1	272930	1
NC_007716.1	272931	1
NC_007716.1	272932	1
NC_007716.1	272933	1
NC_007716.1	272934	1
NC_007716.1	275380	1
NC_007716.1	275381	1
NC_007716.1	275382	1
NC_007716.1	275383	1
NC_007716.1	275384	1
NC_007716.1	275385	1
NC_007716.1	275386	1
NC_007716.1	275387	1
NC_007716.1	275388	2
NC_007716.1	275389	2
NC_007716.1	275390	2
NC_007716.1	275391	2
NC_007716.1	275392	3
NC_007716.1	275393	3
NC_007716.1	275394	3
NC_007716.1	275395	3
NC_007716.1	275396	3
NC_007716.1	275397	3
NC_007716.1	275398	3
NC_007716.1	275399	3
NC_007716.1	275400	3
NC_007716.1	275401	3
NC_007716.1	275402	3
NC_007716.1	275403	3
NC_007716.1	275404	3
NC_007716.1	275405	3
NC_007716.1	275406	3
NC_007716.1	275407	3
NC_007716.1	275408	3
NC_007716.1	275409	3
NC_007716.1	275410	3
NC_007716.1	275411	3
NC_007716.1	275412	4
NC_007716.1	275413	4
NC_007716.1	275414	4
NC_007716.1	275415	4
NC_007716.1	275416	4
NC_007716.1	275417	4
NC_007716.1	275418	4
NC_007716.1	275419	4
NC_007716.1	275420	4
NC_007716.1	275421	4
NC_007716.1	275422	4
NC_007716.1	275423	4
NC_007716.1	275424	4
NC_007716.1	275425	4
NC_007716.1	275426	4
NC_007716.1	275427	4
NC_007716.1	275428	4
NC_007716.1	275429	4
NC_007716.1	275430	4
NC_007716.1	275431	4
NC_007716.1	275432	4
NC_007716.1	275433	4
NC_007716.1	275434	4
NC_007716.1	275435	4
NC_007716.1	275436	4
NC_007716.1	275437	4
NC_007716.1	275438	4
NC_007716.1	275439	4
NC_007716.1	275440	4
NC_007716.1	275441	4
NC_007716.1	275442	4
NC_007716.1	275443	4
NC_007716.1	275444	4
NC_007716.1	275445	4
NC_007716.1	275446	4
NC_007716.1	275447	4
NC_007716.1	275448	4
NC_007716.1	275449	4
NC_007716.1	275450	4
NC_007716.1	275451	4
NC_007716.1	275452	4
NC_007716.1	275453	4
NC_007716.1	275454	4
NC_007716.1	275455	4
NC_007716.1	275456	4
NC_007716.1	275457	4
NC_007716.1	275458	4
NC_007716.1	275459	4
NC_007716.1	275460	4
NC_007716.1	275461	4
NC_007716.1	275462	4
NC_007716.1	275463	4
NC_007716.1	275464	4
NC_007716.1	275465	4
NC_007716.1	275466	4
NC_007716.1	275467	4
NC_007716.1	275468	4
NC_007716.1	275469	4
NC_007716.1	275470	4
NC_007716.1	275471	4
NC_007716.1	275472	4
NC_007716.1	275473	4
NC_007716.1	275474	4
NC_007716.1	275475	4
NC_007716.1	275476	4
NC_007716.1	275477	4
NC_007716.1	275478	4
NC_007716.1	275479	4
NC_007716.1	275480	4
NC_007716.1	275481	4
NC_007716.1	275482	4
NC_007716.1	275483	4
NC_007716.1	275484	4
NC_007716.1	275485	4
NC_007716.1	275486	4
NC_007716.1	275487	4
NC_007716.1	275488	4
NC_007716.1	275489	4
NC_007716.1	275490	4
NC_007716.1	275491	4
NC_007716.1	275492	4
NC_007716.1	275493	4
NC_007716.1	275494	4
NC_007716.1	275495	3
NC_007716.1	275496	4
NC_007716.1	275497	4
NC_007716.1	275498	4
NC_007716.1	275499	4
NC_007716.1	275500	4
NC_007716.1	275501	4
NC_007716.1	275502	4
NC_007716.1	275503	4
NC_007716.1	275504	4
NC_007716.1	275505	4
NC_007716.1	275506	4
NC_007716.1	275507	4
NC_007716.1	275508	4
NC_007716.1	275509	4
NC_007716.1	275510	4
NC_007716.1	275511	4
NC_007716.1	275512	4
NC_007716.1	275513	4
NC_007716.1	275514	4
NC_007716.1	275515	4
NC_007716.1	275516	4
NC_007716.1	275517	4
NC_007716.1	275518	4
NC_007716.1	275519	4
NC_007716.1	275520	4
NC_007716.1	275521	4
NC_007716.1	275522	4
NC_007716.1	275523	4
NC_007716.1	275524	4
NC_007716.1	275525	4
NC_007716.1	275526	4
NC_007716.1	275527	4
NC_007716.1	275528	4
NC_007716.1	275529	4
NC_007716.1	275530	3
NC_007716.1	275531	3
NC_007716.1	275532	3
NC_007716.1	275533	3
NC_007716.1	275534	3
NC_007716.1	275535	3
NC_007716.1	275536	3
NC_007716.1	275537	3
NC_007716.1	275538	2
NC_007716.1	275539	2
NC_007716.1	275540	2
NC_007716.1	275541	2
NC_007716.1	275542	1
NC_007716.1	275543	1
NC_007716.1	275544	1
NC_007716.1	275545	1
NC_007716.1	275546	1
NC_007716.1	275547	1
NC_007716.1	275548	1
NC_007716.1	275549	1
NC_007716.1	275550	1
NC_007716.1	275551	1
NC_007716.1	275552	1
NC_007716.1	275553	1
NC_007716.1	275554	1
NC_007716.1	275555	1
NC_007716.1	275556	1
NC_007716.1	275557	1
NC_007716.1	275558	1
NC_007716.1	275559	1
NC_007716.1	275560	1
NC_007716.1	275561	1
NC_007716.1	275957	1
NC_007716.1	275958	1
NC_007716.1	275959	1
NC_007716.1	275960	1
NC_007716.1	275961	1
NC_007716.1	275962	1
NC_007716.1	275963	1
NC_007716.1	275964	1
NC_007716.1	275965	1
NC_007716.1	275966	1
NC_007716.1	275967	1
NC_007716.1	275968	1
NC_007716.1	275969	1
NC_007716.1	275970	1
NC_007716.1	275971	1
NC_007716.1	275972	1
NC_007716.1	275973	1
NC_007716.1	275974	1
NC_007716.1	275975	1
NC_007716.1	275976	1
NC_007716.1	275977	1
NC_007716.1	275978	1
NC_007716.1	275979	3
NC_007716.1	275980	3
NC_007716.1	275981	3
NC_007716.1	275982	3
NC_007716.1	275983	3
NC_007716.1	275984	4
NC_007716.1	275985	4
NC_007716.1	275986	4
NC_007716.1	275987	4
NC_007716.1	275988	4
NC_007716.1	275989	4
NC_007716.1	275990	4
NC_007716.1	275991	4
NC_007716.1	275992	4
NC_007716.1	275993	4
NC_007716.1	275994	4
NC_007716.1	275995	4
NC_007716.1	275996	4
NC_007716.1	275997	4
NC_007716.1	275998	4
NC_007716.1	275999	4
NC_007716.1	276000	4
NC_007716.1	276001	5
NC_007716.1	276002	6
NC_007716.1	276003	6
NC_007716.1	276004	6
NC_007716.1	276005	6
NC_007716.1	276006	6
NC_007716.1	276007	6
NC_007716.1	276008	6
NC_007716.1	276009	6
NC_007716.1	276010	6
NC_007716.1	276011	6
NC_007716.1	276012	6
NC_007716.1	276013	6
NC_007716.1	276014	6
NC_007716.1	276015	6
NC_007716.1	276016	6
NC_007716.1	276017	6
NC_007716.1	276018	6
NC_007716.1	276019	6
NC_007716.1	276020	6
NC_007716.1	276021	6
NC_007716.1	276022	6
NC_007716.1	276023	6
NC_007716.1	276024	6
NC_007716.1	276025	6
NC_007716.1	276026	6
NC_007716.1	276027	6
NC_007716.1	276028	6
NC_007716.1	276029	6
NC_007716.1	276030	6
NC_007716.1	276031	6
NC_007716.1	276032	6
NC_007716.1	276033	6
NC_007716.1	276034	6
NC_007716.1	276035	6
NC_007716.1	276036	6
NC_007716.1	276037	6
NC_007716.1	276038	6
NC_007716.1	276039	6
NC_007716.1	276040	6
NC_007716.1	276041	6
NC_007716.1	276042	6
NC_007716.1	276043	6
NC_007716.1	276044	6
NC_007716.1	276045	6
NC_007716.1	276046	6
NC_007716.1	276047	6
NC_007716.1	276048	6
NC_007716.1	276049	6
NC_007716.1	276050	6
NC_007716.1	276051	6
NC_007716.1	276052	6
NC_007716.1	276053	6
NC_007716.1	276054	6
NC_007716.1	276055	6
NC_007716.1	276056	6
NC_007716.1	276057	6
NC_007716.1	276058	6
NC_007716.1	276059	6
NC_007716.1	276060	6
NC_007716.1	276061	6
NC_007716.1	276062	6
NC_007716.1	276063	6
NC_007716.1	276064	6
NC_007716.1	276065	6
NC_007716.1	276066	6
NC_007716.1	276067	6
NC_007716.1	276068	6
NC_007716.1	276069	6
NC_007716.1	276070	6
NC_007716.1	276071	6
NC_007716.1	276072	6
NC_007716.1	276073	6
NC_007716.1	276074	6
NC_007716.1	276075	6
NC_007716.1	276076	6
NC_007716.1	276077	6
NC_007716.1	276078	6
NC_007716.1	276079	6
NC_007716.1	276080	6
NC_007716.1	276081	6
NC_007716.1	276082	6
NC_007716.1	276083	6
NC_007716.1	276084	6
NC_007716.1	276085	6
NC_007716.1	276086	6
NC_007716.1	276087	6
NC_007716.1	276088	6
NC_007716.1	276089	6
NC_007716.1	276090	6
NC_007716.1	276091	6
NC_007716.1	276092	6
NC_007716.1	276093	6
NC_007716.1	276094	6
NC_007716.1	276095	6
NC_007716.1	276096	6
NC_007716.1	276097	6
NC_007716.1	276098	6
NC_007716.1	276099	6
NC_007716.1	276100	6
NC_007716.1	276101	6
NC_007716.1	276102	6
NC_007716.1	276103	6
NC_007716.1	276104	6
NC_007716.1	276105	6
NC_007716.1	276106	6
NC_007716.1	276107	5
NC_007716.1	276108	5
NC_007716.1	276109	5
NC_007716.1	276110	5
NC_007716.1	276111	5
NC_007716.1	276112	5
NC_007716.1	276113	5
NC_007716.1	276114	5
NC_007716.1	276115	5
NC_007716.1	276116	5
NC_007716.1	276117	5
NC_007716.1	276118	5
NC_007716.1	276119	5
NC_007716.1	276120	5
NC_007716.1	276121	5
NC_007716.1	276122	5
NC_007716.1	276123	5
NC_007716.1	276124	5
NC_007716.1	276125	5
NC_007716.1	276126	5
NC_007716.1	276127	5
NC_007716.1	276128	5
NC_007716.1	276129	3
NC_007716.1	276130	3
NC_007716.1	276131	3
NC_007716.1	276132	3
NC_007716.1	276133	2
NC_007716.1	276134	2
NC_007716.1	276135	2
NC_007716.1	276136	2
NC_007716.1	276137	2
NC_007716.1	276138	2
NC_007716.1	276139	2
NC_007716.1	276140	2
NC_007716.1	276141	2
NC_007716.1	276142	2
NC_007716.1	276143	2
NC_007716.1	276144	2
NC_007716.1	276145	2
NC_007716.1	276146	2
NC_007716.1	276147	2
NC_007716.1	276148	2
NC_007716.1	276149	2
NC_007716.1	276150	2
NC_007716.1	276151	1
NC_007716.1	493442	1
NC_007716.1	493443	1
NC_007716.1	493444	1
NC_007716.1	493445	1
NC_007716.1	493446	1
NC_007716.1	493447	1
NC_007716.1	493448	1
NC_007716.1	493449	1
NC_007716.1	493450	1
NC_007716.1	493451	1
NC_007716.1	493452	1
NC_007716.1	493453	1
NC_007716.1	493454	1
NC_007716.1	493455	1
NC_007716.1	493456	1
NC_007716.1	493457	1
NC_007716.1	493458	1
NC_007716.1	493459	1
NC_007716.1	493460	1
NC_007716.1	493461	1
NC_007716.1	493462	1
NC_007716.1	493463	1
NC_007716.1	493464	1
NC_007716.1	493465	1
NC_007716.1	493466	1
NC_007716.1	493467	1
NC_007716.1	493468	1
NC_007716.1	493469	1
NC_007716.1	493470	1
NC_007716.1	493471	1
NC_007716.1	493472	1
NC_007716.1	493473	1
NC_007716.1	493474	1
NC_007716.1	493475	2
NC_007716.1	493476	2
NC_007716.1	493477	2
NC_007716.1	493478	2
NC_007716.1	493479	2
NC_007716.1	493480	2
NC_007716.1	493481	2
NC_007716.1	493482	2
NC_007716.1	493483	2
NC_007716.1	493484	2
NC_007716.1	493485	2
NC_007716.1	493486	2
NC_007716.1	493487	2
NC_007716.1	493488	3
NC_007716.1	493489	3
NC_007716.1	493490	3
NC_007716.1	493491	3
NC_007716.1	493492	4
NC_007716.1	493493	4
NC_007716.1	493494	5
NC_007716.1	493495	7
NC_007716.1	493496	7
NC_007716.1	493497	7
NC_007716.1	493498	9
NC_007716.1	493499	10
NC_007716.1	493500	10
NC_007716.1	493501	10
NC_007716.1	493502	10
NC_007716.1	493503	10
NC_007716.1	493504	11
NC_007716.1	493505	10
NC_007716.1	493506	11
NC_007716.1	493507	13
NC_007716.1	493508	13
NC_007716.1	493509	13
NC_007716.1	493510	13
NC_007716.1	493511	13
NC_007716.1	493512	13
NC_007716.1	493513	13
NC_007716.1	493514	13
NC_007716.1	493515	14
NC_007716.1	493516	14
NC_007716.1	493517	14
NC_007716.1	493518	14
NC_007716.1	493519	14
NC_007716.1	493520	14
NC_007716.1	493521	14
NC_007716.1	493522	14
NC_007716.1	493523	14
NC_007716.1	493524	14
NC_007716.1	493525	14
NC_007716.1	493526	14
NC_007716.1	493527	14
NC_007716.1	493528	14
NC_007716.1	493529	14
NC_007716.1	493530	14
NC_007716.1	493531	14
NC_007716.1	493532	14
NC_007716.1	493533	14
NC_007716.1	493534	14
NC_007716.1	493535	14
NC_007716.1	493536	14
NC_007716.1	493537	14
NC_007716.1	493538	14
NC_007716.1	493539	14
NC_007716.1	493540	14
NC_007716.1	493541	14
NC_007716.1	493542	14
NC_007716.1	493543	14
NC_007716.1	493544	14
NC_007716.1	493545	14
NC_007716.1	493546	14
NC_007716.1	493547	14
NC_007716.1	493548	14
NC_007716.1	493549	14
NC_007716.1	493550	14
NC_007716.1	493551	14
NC_007716.1	493552	14
NC_007716.1	493553	14
NC_007716.1	493554	14
NC_007716.1	493555	14
NC_007716.1	493556	14
NC_007716.1	493557	14
NC_007716.1	493558	14
NC_007716.1	493559	14
NC_007716.1	493560	14
NC_007716.1	493561	14
NC_007716.1	493562	14
NC_007716.1	493563	14
NC_007716.1	493564	14
NC_007716.1	493565	14
NC_007716.1	493566	14
NC_007716.1	493567	14
NC_007716.1	493568	14
NC_007716.1	493569	14
NC_007716.1	493570	14
NC_007716.1	493571	14
NC_007716.1	493572	14
NC_007716.1	493573	14
NC_007716.1	493574	14
NC_007716.1	493575	14
NC_007716.1	493576	14
NC_007716.1	493577	14
NC_007716.1	493578	14
NC_007716.1	493579	14
NC_007716.1	493580	14
NC_007716.1	493581	14
NC_007716.1	493582	14
NC_007716.1	493583	14
NC_007716.1	493584	14
NC_007716.1	493585	14
NC_007716.1	493586	14
NC_007716.1	493587	14
NC_007716.1	493588	14
NC_007716.1	493589	14
NC_007716.1	493590	14
NC_007716.1	493591	14
NC_007716.1	493592	13
NC_007716.1	493593	13
NC_007716.1	493594	13
NC_007716.1	493595	13
NC_007716.1	493596	13
NC_007716.1	493597	13
NC_007716.1	493598	13
NC_007716.1	493599	13
NC_007716.1	493600	13
NC_007716.1	493601	13
NC_007716.1	493602	13
NC_007716.1	493603	13
NC_007716.1	493604	13
NC_007716.1	493605	13
NC_007716.1	493606	13
NC_007716.1	493607	13
NC_007716.1	493608	13
NC_007716.1	493609	13
NC_007716.1	493610	13
NC_007716.1	493611	13
NC_007716.1	493612	13
NC_007716.1	493613	13
NC_007716.1	493614	13
NC_007716.1	493615	13
NC_007716.1	493616	13
NC_007716.1	493617	13
NC_007716.1	493618	13
NC_007716.1	493619	13
NC_007716.1	493620	13
NC_007716.1	493621	13
NC_007716.1	493622	13
NC_007716.1	493623	13
NC_007716.1	493624	13
NC_007716.1	493625	12
NC_007716.1	493626	12
NC_007716.1	493627	12
NC_007716.1	493628	12
NC_007716.1	493629	12
NC_007716.1	493630	12
NC_007716.1	493631	12
NC_007716.1	493632	12
NC_007716.1	493633	12
NC_007716.1	493634	12
NC_007716.1	493635	12
NC_007716.1	493636	12
NC_007716.1	493637	12
NC_007716.1	493638	12
NC_007716.1	493639	11
NC_007716.1	493640	11
NC_007716.1	493641	11
NC_007716.1	493642	10
NC_007716.1	493643	10
NC_007716.1	493644	9
NC_007716.1	493645	7
NC_007716.1	493646	7
NC_007716.1	493647	7
NC_007716.1	493648	5
NC_007716.1	493649	4
NC_007716.1	493650	4
NC_007716.1	493651	4
NC_007716.1	493652	4
NC_007716.1	493653	4
NC_007716.1	493654	3
NC_007716.1	493655	3
NC_007716.1	493656	3
NC_007716.1	493657	1
NC_007716.1	493658	1
NC_007716.1	493659	1
NC_007716.1	493660	1
NC_007716.1	493661	1
NC_007716.1	493662	1
NC_007716.1	493663	1
NC_007716.1	493664	1
NC_007716.1	494087	1
NC_007716.1	494088	1
NC_007716.1	494089	1
NC_007716.1	494090	1
NC_007716.1	494091	1
NC_007716.1	494092	1
NC_007716.1	494093	1
NC_007716.1	494094	1
NC_007716.1	494095	1
NC_007716.1	494096	1
NC_007716.1	494097	1
NC_007716.1	494098	1
NC_007716.1	494099	1
NC_007716.1	494100	1
NC_007716.1	494101	1
NC_007716.1	494102	1
NC_007716.1	494103	1
NC_007716.1	494104	1
NC_007716.1	494105	1
NC_007716.1	494106	1
NC_007716.1	494107	1
NC_007716.1	494108	1
NC_007716.1	494109	1
NC_007716.1	494110	1
NC_007716.1	494111	1
NC_007716.1	494112	1
NC_007716.1	494113	1
NC_007716.1	494114	1
NC_007716.1	494115	1
NC_007716.1	494116	1
NC_007716.1	494117	1
NC_007716.1	494118	1
NC_007716.1	494119	1
NC_007716.1	494120	1
NC_007716.1	494121	1
NC_007716.1	494122	1
NC_007716.1	494123	1
NC_007716.1	494124	1
NC_007716.1	494125	1
NC_007716.1	494126	1
NC_007716.1	494127	1
NC_007716.1	494129	1
NC_007716.1	494130	1
NC_007716.1	494131	1
NC_007716.1	494132	1
NC_007716.1	494133	1
NC_007716.1	494134	1
NC_007716.1	494135	1
NC_007716.1	494136	1
NC_007716.1	494137	1
NC_007716.1	494138	1
NC_007716.1	494139	1
NC_007716.1	494140	1
NC_007716.1	494141	1
NC_007716.1	494142	1
NC_007716.1	494143	1
NC_007716.1	494144	1
NC_007716.1	494145	1
NC_007716.1	494146	1
NC_007716.1	494147	1
NC_007716.1	494148	1
NC_007716.1	494149	1
NC_007716.1	494150	1
NC_007716.1	494151	1
NC_007716.1	494152	1
NC_007716.1	494153	1
NC_007716.1	494154	1
NC_007716.1	494155	1
NC_007716.1	494156	1
NC_007716.1	494157	1
NC_007716.1	494158	1
NC_007716.1	494159	1
NC_007716.1	494160	1
NC_007716.1	494161	1
NC_007716.1	494162	1
NC_007716.1	494163	1
NC_007716.1	494164	1
NC_007716.1	494165	1
NC_007716.1	494166	1
NC_007716.1	494167	1
NC_007716.1	494168	1
NC_007716.1	494169	1
NC_007716.1	494170	1
NC_007716.1	494171	1
NC_007716.1	494172	1
NC_007716.1	494173	1
NC_007716.1	494174	1
NC_007716.1	494175	1
NC_007716.1	494176	1
NC_007716.1	494177	1
NC_007716.1	494178	1
NC_007716.1	494179	1
NC_007716.1	494180	1
NC_007716.1	494181	1
NC_007716.1	494182	1
NC_007716.1	494183	1
NC_007716.1	494184	1
NC_007716.1	494185	1
NC_007716.1	494186	1
NC_007716.1	494187	1
NC_007716.1	494188	1
NC_007716.1	494189	1
NC_007716.1	494190	1
NC_007716.1	494191	1
NC_007716.1	494192	1
NC_007716.1	494193	1
NC_007716.1	494194	1
NC_007716.1	494195	1
NC_007716.1	494196	1
NC_007716.1	494197	1
NC_007716.1	494198	1
NC_007716.1	494199	1
NC_007716.1	494200	1
NC_007716.1	494201	1
NC_007716.1	494202	1
NC_007716.1	494203	1
NC_007716.1	494204	1
NC_007716.1	494205	1
NC_007716.1	494206	1
NC_007716.1	494207	1
NC_007716.1	494208	1
NC_007716.1	494209	1
NC_007716.1	494210	1
NC_007716.1	494211	1
NC_007716.1	494212	1
NC_007716.1	494213	1
NC_007716.1	494214	1
NC_007716.1	494215	1
NC_007716.1	494216	1
NC_007716.1	494217	1
NC_007716.1	494218	1
NC_007716.1	494219	1
NC_007716.1	494220	1
NC_007716.1	494221	1
NC_007716.1	494222	1
NC_007716.1	494223	1
NC_007716.1	494224	1
NC_007716.1	494225	1
NC_007716.1	494226	1
NC_007716.1	494227	1
NC_007716.1	494228	1
NC_007716.1	494229	1
NC_007716.1	494230	1
NC_007716.1	494231	1
NC_007716.1	494232	1
NC_007716.1	494233	1
NC_007716.1	494234	1
NC_007716.1	494235	1
NC_007716.1	494236	1
NC_007716.1	496690	1
NC_007716.1	496691	1
NC_007716.1	496692	1
NC_007716.1	496693	1
NC_007716.1	496694	1
NC_007716.1	496695	1
NC_007716.1	496696	1
NC_007716.1	496697	1
NC_007716.1	496698	1
NC_007716.1	496699	1
NC_007716.1	496700	1
NC_007716.1	496701	1
NC_007716.1	496702	1
NC_007716.1	496703	1
NC_007716.1	496704	1
NC_007716.1	496705	1
NC_007716.1	496706	1
NC_007716.1	496707	1
NC_007716.1	496708	1
NC_007716.1	496709	1
NC_007716.1	496710	1
NC_007716.1	496711	1
NC_007716.1	496712	1
NC_007716.1	496713	1
NC_007716.1	496714	1
NC_007716.1	496715	1
NC_007716.1	496716	1
NC_007716.1	496717	1
NC_007716.1	496718	1
NC_007716.1	496719	1
NC_007716.1	496720	1
NC_007716.1	496721	1
NC_007716.1	496722	1
NC_007716.1	496723	1
NC_007716.1	496724	1
NC_007716.1	496725	1
NC_007716.1	496726	1
NC_007716.1	496727	1
NC_007716.1	496728	1
NC_007716.1	496729	1
NC_007716.1	496730	1
NC_007716.1	496731	1
NC_007716.1	496732	1
NC_007716.1	496733	1
NC_007716.1	496734	1
NC_007716.1	496735	1
NC_007716.1	496736	1
NC_007716.1	496737	1
NC_007716.1	496738	1
NC_007716.1	496739	1
NC_007716.1	496740	1
NC_007716.1	496741	1
NC_007716.1	496742	1
NC_007716.1	496743	1
NC_007716.1	496744	1
NC_007716.1	496745	1
NC_007716.1	496746	1
NC_007716.1	496747	1
NC_007716.1	496748	1
NC_007716.1	496749	1
NC_007716.1	496750	1
NC_007716.1	496751	1
NC_007716.1	496752	1
NC_007716.1	496753	1
NC_007716.1	496754	1
NC_007716.1	496755	1
NC_007716.1	496756	1
NC_007716.1	496757	1
NC_007716.1	496758	1
NC_007716.1	496759	1
NC_007716.1	496760	1
NC_007716.1	496761	1
NC_007716.1	496762	1
NC_007716.1	496763	1
NC_007716.1	496764	1
NC_007716.1	496765	1
NC_007716.1	496766	1
NC_007716.1	496767	1
NC_007716.1	496770	1
NC_007716.1	496771	1
NC_007716.1	496772	1
NC_007716.1	496773	1
NC_007716.1	496774	1
NC_007716.1	496775	1
NC_007716.1	496776	1
NC_007716.1	496777	1
NC_007716.1	496778	1
NC_007716.1	496779	1
NC_007716.1	496780	1
NC_007716.1	496781	1
NC_007716.1	496782	1
NC_007716.1	496783	1
NC_007716.1	496784	1
NC_007716.1	496785	1
NC_007716.1	496786	1
NC_007716.1	496787	1
NC_007716.1	496788	1
NC_007716.1	496789	1
NC_007716.1	496790	1
NC_007716.1	496791	1
NC_007716.1	496792	1
NC_007716.1	496793	1
NC_007716.1	496794	1
NC_007716.1	496795	1
NC_007716.1	496796	1
NC_007716.1	496797	1
NC_007716.1	496798	1
NC_007716.1	496799	1
NC_007716.1	496800	1
NC_007716.1	496801	1
NC_007716.1	496802	1
NC_007716.1	496803	1
NC_007716.1	496804	1
NC_007716.1	496805	1
NC_007716.1	496806	1
NC_007716.1	496807	1
NC_007716.1	496808	1
NC_007716.1	496809	1
NC_007716.1	496810	1
NC_007716.1	496811	1
NC_007716.1	496812	1
NC_007716.1	496813	1
NC_007716.1	496814	1
NC_007716.1	496815	1
NC_007716.1	496816	1
NC_007716.1	496817	1
NC_007716.1	496818	1
NC_007716.1	496819	1
NC_007716.1	496820	1
NC_007716.1	496821	1
NC_007716.1	496822	1
NC_007716.1	496823	1
NC_007716.1	496824	1
NC_007716.1	496825	1
NC_007716.1	496826	1
NC_007716.1	496827	1
NC_007716.1	496828	1
NC_007716.1	496829	1
NC_007716.1	496830	1
NC_007716.1	496831	1
NC_007716.1	496832	1
NC_007716.1	496833	1
NC_007716.1	496834	1
NC_007716.1	496835	1
NC_007716.1	496836	1
NC_007716.1	496837	1
NC_007716.1	496838	1
NC_007716.1	496839	1
NC_007716.1	496840	1
NC_007716.1	496841	1
NZ_CP136968.1	65834	1
NZ_CP136968.1	65835	1
NZ_CP136968.1	65836	1
NZ_CP136968.1	65837	1
NZ_CP136968.1	65838	1
NZ_CP136968.1	65839	1
NZ_CP136968.1	65840	1
NZ_CP136968.1	65841	1
NZ_CP136968.1	65842	1
NZ_CP136968.1	65843	1
NZ_CP136968.1	65844	1
NZ_CP136968.1	65845	1
NZ_CP136968.1	65846	1
NZ_CP136968.1	65847	1
NZ_CP136968.1	65848	1
NZ_CP136968.1	65849	1
NZ_CP136968.1	65850	1
NZ_CP136968.1	65851	1
NZ_CP136968.1	65852	1
NZ_CP136968.1	65853	1
NZ_CP136968.1	65854	1
NZ_CP136968.1	65855	1
NZ_CP136968.1	65856	1
NZ_CP136968.1	65857	1
NZ_CP136968.1	65858	1
NZ_CP136968.1	65859	1
NZ_CP136968.1	65860	1
NZ_CP136968.1	65861	1
NZ_CP136968.1	65862	1
NZ_CP136968.1	65863	1
NZ_CP136968.1	65864	1
NZ_CP136968.1	65865	1
NZ_CP136968.1	65866	1
NZ_CP136968.1	65867	1
NZ_CP136968.1	65868	1
NZ_CP136968.1	65869	1
NZ_CP136968.1	65870	1
NZ_CP136968.1	65871	1
NZ_CP136968.1	65872	1
NZ_CP136968.1	65873	1
NZ_CP136968.1	65874	1
NZ_CP136968.1	65875	1
NZ_CP136968.1	65876	1
NZ_CP136968.1	65877	1
NZ_CP136968.1	65878	1
NZ_CP136968.1	65879	1
NZ_CP136968.1	65880	1
NZ_CP136968.1	65881	1
NZ_CP136968.1	65882	1
NZ_CP136968.1	65883	1
NZ_CP136968.1	65884	1
NZ_CP136968.1	65885	1
NZ_CP136968.1	65886	1
NZ_CP136968.1	65887	1
NZ_CP136968.1	65888	1
NZ_CP136968.1	65889	1
NZ_CP136968.1	65890	1
NZ_CP136968.1	65891	1
NZ_CP136968.1	65892	1
NZ_CP136968.1	65893	1
NZ_CP136968.1	65894	1
NZ_CP136968.1	65895	1
NZ_CP136968.1	65896	1
NZ_CP136968.1	65897	1
NZ_CP136968.1	65898	1
NZ_CP136968.1	65899	1
NZ_CP136968.1	65900	1
NZ_CP136968.1	65901	1
NZ_CP136968.1	65902	1
NZ_CP136968.1	65903	1
NZ_CP136968.1	65904	1
NZ_CP136968.1	65905	1
NZ_CP136968.1	65906	1
NZ_CP136968.1	65907	1
NZ_CP136968.1	65908	1
NZ_CP136968.1	65909	1
NZ_CP136968.1	65910	1
NZ_CP136968.1	65911	1
NZ_CP136968.1	65912	1
NZ_CP136968.1	65913	1
NZ_CP136968.1	65914	1
NZ_CP136968.1	65915	1
NZ_CP136968.1	65916	1
NZ_CP136968.1	65917	1
NZ_CP136968.1	65918	1
NZ_CP136968.1	65919	1
NZ_CP136968.1	65920	1
NZ_CP136968.1	65921	1
NZ_CP136968.1	65922	1
NZ_CP136968.1	65923	1
NZ_CP136968.1	65924	1
NZ_CP136968.1	65925	1
NZ_CP136968.1	65926	1
NZ_CP136968.1	65927	1
NZ_CP136968.1	65928	1
NZ_CP136968.1	65929	1
NZ_CP136968.1	65930	1
NZ_CP136968.1	65931	1
NZ_CP136968.1	65932	1
NZ_CP136968.1	65933	1
NZ_CP136968.1	65934	1
NZ_CP136968.1	65935	1
NZ_CP136968.1	65936	1
NZ_CP136968.1	65937	1
NZ_CP136968.1	65938	1
NZ_CP136968.1	65939	1
NZ_CP136968.1	65940	1
NZ_CP136968.1	65941	1
NZ_CP136968.1	65942	1
NZ_CP136968.1	65943	1
NZ_CP136968.1	65945	1
NZ_CP136968.1	65946	1
NZ_CP136968.1	65947	1
NZ_CP136968.1	65948	1
NZ_CP136968.1	65949	1
NZ_CP136968.1	65950	1
NZ_CP136968.1	65951	1
NZ_CP136968.1	65952	1
NZ_CP136968.1	65953	1
NZ_CP136968.1	65954	1
NZ_CP136968.1	65955	1
NZ_CP136968.1	65956	1
NZ_CP136968.1	65957	1
NZ_CP136968.1	65958	1
NZ_CP136968.1	65959	1
NZ_CP136968.1	65960	1
NZ_CP136968.1	65961	1
NZ_CP136968.1	65962	1
NZ_CP136968.1	65963	1
NZ_CP136968.1	65964	1
NZ_CP136968.1	65965	1
NZ_CP136968.1	65966	1
NZ_CP136968.1	65967	1
NZ_CP136968.1	65968	1
NZ_CP136968.1	65969	1
NZ_CP136968.1	65970	1
NZ_CP136968.1	65971	1
NZ_CP136968.1	65972	1
NZ_CP136968.1	65973	1
NZ_CP136968.1	65974	1
NZ_CP136968.1	65975	1
NZ_CP136968.1	65976	1
NZ_CP136968.1	65977	1
NZ_CP136968.1	65978	1
NZ_CP136968.1	65979	1
NZ_CP136968.1	65980	1
NZ_CP136968.1	65981	1
NZ_CP136968.1	65993	1
NZ_CP136968.1	65994	1
NZ_CP136968.1	65995	1
NZ_CP136968.1	65996	1
NZ_CP136968.1	65997	2
NZ_CP136968.1	65998	3
NZ_CP136968.1	65999	3
NZ_CP136968.1	66000	4
NZ_CP136968.1	66001	6
NZ_CP136968.1	66002	6
NZ_CP136968.1	66003	6
NZ_CP136968.1	66004	7
NZ_CP136968.1	66005	7
NZ_CP136968.1	66006	8
NZ_CP136968.1	66007	9
NZ_CP136968.1	66008	10
NZ_CP136968.1	66009	10
NZ_CP136968.1	66010	10
NZ_CP136968.1	66011	10
NZ_CP136968.1	66012	11
NZ_CP136968.1	66013	14
NZ_CP136968.1	66014	14
NZ_CP136968.1	66015	14
NZ_CP136968.1	66016	14
NZ_CP136968.1	66017	19
NZ_CP136968.1	66018	24
NZ_CP136968.1	66019	25
NZ_CP136968.1	66020	26
NZ_CP136968.1	66021	26
NZ_CP136968.1	66022	26
NZ_CP136968.1	66023	27
NZ_CP136968.1	66024	28
NZ_CP136968.1	66025	30
NZ_CP136968.1	66026	31
NZ_CP136968.1	66027	32
NZ_CP136968.1	66028	37
NZ_CP136968.1	66029	37
NZ_CP136968.1	66030	39
NZ_CP136968.1	66031	40
NZ_CP136968.1	66032	40
NZ_CP136968.1	66033	41
NZ_CP136968.1	66034	43
NZ_CP136968.1	66035	49
NZ_CP136968.1	66036	49
NZ_CP136968.1	66037	50
NZ_CP136968.1	66038	52
NZ_CP136968.1	66039	52
NZ_CP136968.1	66040	52
NZ_CP136968.1	66041	52
NZ_CP136968.1	66042	52
NZ_CP136968.1	66043	53
NZ_CP136968.1	66044	46
NZ_CP136968.1	66045	46
NZ_CP136968.1	66046	54
NZ_CP136968.1	66047	54
NZ_CP136968.1	66048	56
NZ_CP136968.1	66049	56
NZ_CP136968.1	66050	57
NZ_CP136968.1	66051	60
NZ_CP136968.1	66052	62
NZ_CP136968.1	66053	64
NZ_CP136968.1	66054	64
NZ_CP136968.1	66055	66
NZ_CP136968.1	66056	66
NZ_CP136968.1	66057	69
NZ_CP136968.1	66058	70
NZ_CP136968.1	66059	70
NZ_CP136968.1	66060	75
NZ_CP136968.1	66061	75
NZ_CP136968.1	66062	76
NZ_CP136968.1	66063	77
NZ_CP136968.1	66064	77
NZ_CP136968.1	66065	77
NZ_CP136968.1	66066	77
NZ_CP136968.1	66067	78
NZ_CP136968.1	66068	79
NZ_CP136968.1	66069	80
NZ_CP136968.1	66070	80
NZ_CP136968.1	66071	80
NZ_CP136968.1	66072	82
NZ_CP136968.1	66073	84
NZ_CP136968.1	66074	86
NZ_CP136968.1	66075	87
NZ_CP136968.1	66076	88
NZ_CP136968.1	66077	88
NZ_CP136968.1	66078	88
NZ_CP136968.1	66079	88
NZ_CP136968.1	66080	88
NZ_CP136968.1	66081	89
NZ_CP136968.1	66082	89
NZ_CP136968.1	66083	90
NZ_CP136968.1	66084	90
NZ_CP136968.1	66085	90
NZ_CP136968.1	66086	90
NZ_CP136968.1	66087	91
NZ_CP136968.1	66088	92
NZ_CP136968.1	66089	93
NZ_CP136968.1	66090	93
NZ_CP136968.1	66091	93
NZ_CP136968.1	66092	93
NZ_CP136968.1	66093	93
NZ_CP136968.1	66094	93
NZ_CP136968.1	66095	93
NZ_CP136968.1	66096	93
NZ_CP136968.1	66097	93
NZ_CP136968.1	66098	95
NZ_CP136968.1	66099	97
NZ_CP136968.1	66100	99
NZ_CP136968.1	66101	100
NZ_CP136968.1	66102	103
NZ_CP136968.1	66103	104
NZ_CP136968.1	66104	106
NZ_CP136968.1	66105	106
NZ_CP136968.1	66106	107
NZ_CP136968.1	66107	107
NZ_CP136968.1	66108	107
NZ_CP136968.1	66109	108
NZ_CP136968.1	66110	108
NZ_CP136968.1	66111	108
NZ_CP136968.1	66112	108
NZ_CP136968.1	66113	108
NZ_CP136968.1	66114	108
NZ_CP136968.1	66115	108
NZ_CP136968.1	66116	107
NZ_CP136968.1	66117	107
NZ_CP136968.1	66118	109
NZ_CP136968.1	66119	110
NZ_CP136968.1	66120	110
NZ_CP136968.1	66121	110
NZ_CP136968.1	66122	110
NZ_CP136968.1	66123	110
NZ_CP136968.1	66124	110
NZ_CP136968.1	66125	110
NZ_CP136968.1	66126	110
NZ_CP136968.1	66127	110
NZ_CP136968.1	66128	110
NZ_CP136968.1	66129	110
NZ_CP136968.1	66130	110
NZ_CP136968.1	66131	110
NZ_CP136968.1	66132	110
NZ_CP136968.1	66133	110
NZ_CP136968.1	66134	110
NZ_CP136968.1	66135	110
NZ_CP136968.1	66136	110
NZ_CP136968.1	66137	110
NZ_CP136968.1	66138	110
NZ_CP136968.1	66139	110
NZ_CP136968.1	66140	110
NZ_CP136968.1	66141	109
NZ_CP136968.1	66142	110
NZ_CP136968.1	66143	109
NZ_CP136968.1	66144	109
NZ_CP136968.1	66145	109
NZ_CP136968.1	66146	109
NZ_CP136968.1	66147	108
NZ_CP136968.1	66148	107
NZ_CP136968.1	66149	107
NZ_CP136968.1	66150	106
NZ_CP136968.1	66151	104
NZ_CP136968.1	66152	104
NZ_CP136968.1	66153	104
NZ_CP136968.1	66154	103
NZ_CP136968.1	66155	103
NZ_CP136968.1	66156	100
NZ_CP136968.1	66157	99
NZ_CP136968.1	66158	98
NZ_CP136968.1	66159	100
NZ_CP136968.1	66160	100
NZ_CP136968.1	66161	100
NZ_CP136968.1	66162	99
NZ_CP136968.1	66163	97
NZ_CP136968.1	66164	96
NZ_CP136968.1	66165	96
NZ_CP136968.1	66166	96
NZ_CP136968.1	66167	91
NZ_CP136968.1	66168	86
NZ_CP136968.1	66169	86
NZ_CP136968.1	66170	84
NZ_CP136968.1	66171	84
NZ_CP136968.1	66172	84
NZ_CP136968.1	66173	83
NZ_CP136968.1	66174	82
NZ_CP136968.1	66175	80
NZ_CP136968.1	66176	77
NZ_CP136968.1	66177	77
NZ_CP136968.1	66178	73
NZ_CP136968.1	66179	73
NZ_CP136968.1	66180	71
NZ_CP136968.1	66181	70
NZ_CP136968.1	66182	69
NZ_CP136968.1	66183	68
NZ_CP136968.1	66184	66
NZ_CP136968.1	66185	61
NZ_CP136968.1	66186	61
NZ_CP136968.1	66187	60
NZ_CP136968.1	66188	58
NZ_CP136968.1	66189	58
NZ_CP136968.1	66190	58
NZ_CP136968.1	66191	58
NZ_CP136968.1	66192	58
NZ_CP136968.1	66193	57
NZ_CP136968.1	66194	56
NZ_CP136968.1	66195	56
NZ_CP136968.1	66196	56
NZ_CP136968.1	66197	56
NZ_CP136968.1	66198	54
NZ_CP136968.1	66199	54
NZ_CP136968.1	66200	53
NZ_CP136968.1	66201	50
NZ_CP136968.1	66202	48
NZ_CP136968.1	66203	46
NZ_CP136968.1	66204	46
NZ_CP136968.1	66205	44
NZ_CP136968.1	66206	44
NZ_CP136968.1	66207	41
NZ_CP136968.1	66208	40
NZ_CP136968.1	66209	40
NZ_CP136968.1	66210	35
NZ_CP136968.1	66211	35
NZ_CP136968.1	66212	35
NZ_CP136968.1	66213	34
NZ_CP136968.1	66214	34
NZ_CP136968.1	66215	34
NZ_CP136968.1	66216	34
NZ_CP136968.1	66217	33
NZ_CP136968.1	66218	32
NZ_CP136968.1	66219	31
NZ_CP136968.1	66220	31
NZ_CP136968.1	66221	31
NZ_CP136968.1	66222	29
NZ_CP136968.1	66223	27
NZ_CP136968.1	66224	25
NZ_CP136968.1	66225	24
NZ_CP136968.1	66226	23
NZ_CP136968.1	66227	23
NZ_CP136968.1	66228	23
NZ_CP136968.1	66229	23
NZ_CP136968.1	66230	23
NZ_CP136968.1	66231	22
NZ_CP136968.1	66232	22
NZ_CP136968.1	66233	21
NZ_CP136968.1	66234	21
NZ_CP136968.1	66235	21
NZ_CP136968.1	66236	21
NZ_CP136968.1	66237	20
NZ_CP136968.1	66238	19
NZ_CP136968.1	66239	18
NZ_CP136968.1	66240	18
NZ_CP136968.1	66241	18
NZ_CP136968.1	66242	18
NZ_CP136968.1	66243	18
NZ_CP136968.1	66244	18
NZ_CP136968.1	66245	18
NZ_CP136968.1	66246	18
NZ_CP136968.1	66247	18
NZ_CP136968.1	66248	18
NZ_CP136968.1	66249	15
NZ_CP136968.1	66250	14
NZ_CP136968.1	66251	9
NZ_CP136968.1	66252	7
NZ_CP136968.1	66253	5
NZ_CP136968.1	66254	5
NZ_CP136968.1	66255	5
NZ_CP136968.1	66256	3
NZ_CP136968.1	66257	3
NZ_CP136968.1	66258	3
NZ_CP136968.1	66259	3
NZ_CP136968.1	66260	3
NZ_CP136968.1	66261	3
NZ_CP136968.1	66262	3
NZ_CP136968.1	66263	3
NZ_CP136968.1	66264	3
NZ_CP136968.1	66265	3
NZ_CP136968.1	66266	3
NZ_CP136968.1	66267	2
NZ_CP136968.1	66268	2
NZ_CP136968.1	66269	1
NZ_CP136968.1	66270	1
NZ_CP136968.1	66271	1
NZ_CP136968.1	66272	1
NZ_CP136968.1	66273	1
NZ_CP136968.1	66274	1
NZ_CP136968.1	66275	1
NZ_CP136968.1	66276	1
NZ_CP136968.1	66277	1
NZ_CP136968.1	66278	1
NZ_CP136968.1	66279	1
NZ_CP136968.1	66280	1
NZ_CP136968.1	66281	1
NZ_CP136968.1	66282	1
NZ_CP136968.1	66283	1
NZ_CP136968.1	66284	1
NZ_CP136968.1	66285	1
NZ_CP136968.1	66286	1
NZ_CP136968.1	66287	1
NZ_CP136968.1	66288	1
NZ_CP136968.1	66289	1
NZ_CP136968.1	66290	1
NZ_CP136968.1	66291	1
NZ_CP136968.1	66292	1
NZ_CP136968.1	66293	1
NZ_CP136968.1	66294	1
NZ_CP136968.1	66295	1
NZ_CP136968.1	66296	1
NZ_CP136968.1	66297	1
NZ_CP136968.1	66298	1
NZ_CP136968.1	66299	1
NZ_CP136968.1	66300	1
NZ_CP136968.1	66301	1
NZ_CP136968.1	66302	1
NZ_CP136968.1	66303	1
NZ_CP136968.1	66304	1
NZ_CP136968.1	66305	1
NZ_CP136968.1	66306	1
NZ_CP136968.1	66307	1
NZ_CP136968.1	66308	1
NZ_CP136968.1	66309	1
NZ_CP136968.1	66310	1
NZ_CP136968.1	66311	1
NZ_CP136968.1	66312	1
NZ_CP136968.1	66313	1
NZ_CP136968.1	66314	1
NZ_CP136968.1	66315	1
NZ_CP136968.1	66316	1
NZ_CP136968.1	66317	1
NZ_CP136968.1	66318	1
NZ_CP136968.1	66319	1
NZ_CP136968.1	66320	1
NZ_CP136968.1	66321	1
NZ_CP136968.1	66322	1
NZ_CP136968.1	66323	1
NZ_CP136968.1	66324	1
NZ_CP136968.1	66325	1
NZ_CP136968.1	66326	1
NZ_CP136968.1	66327	1
NZ_CP136968.1	66328	1
NZ_CP136968.1	66329	1
NZ_CP136968.1	66330	1
NZ_CP136968.1	66331	2
NZ_CP136968.1	66332	2
NZ_CP136968.1	66333	2
NZ_CP136968.1	66334	2
NZ_CP136968.1	66335	2
NZ_CP136968.1	66336	2
NZ_CP136968.1	66337	2
NZ_CP136968.1	66338	2
NZ_CP136968.1	66339	2
NZ_CP136968.1	66340	2
NZ_CP136968.1	66341	2
NZ_CP136968.1	66342	2
NZ_CP136968.1	66343	2
NZ_CP136968.1	66344	2
NZ_CP136968.1	66345	2
NZ_CP136968.1	66346	2
NZ_CP136968.1	66347	2
NZ_CP136968.1	66348	2
NZ_CP136968.1	66349	2
NZ_CP136968.1	66350	2
NZ_CP136968.1	66351	2
NZ_CP136968.1	66352	2
NZ_CP136968.1	66353	2
NZ_CP136968.1	66354	2
NZ_CP136968.1	66355	2
NZ_CP136968.1	66356	2
NZ_CP136968.1	66357	2
NZ_CP136968.1	66358	2
NZ_CP136968.1	66359	3
NZ_CP136968.1	66360	3
NZ_CP136968.1	66361	3
NZ_CP136968.1	66362	2
NZ_CP136968.1	66363	2
NZ_CP136968.1	66364	2
NZ_CP136968.1	66365	2
NZ_CP136968.1	66366	2
NZ_CP136968.1	66367	2
NZ_CP136968.1	66368	2
NZ_CP136968.1	66369	2
NZ_CP136968.1	66370	2
NZ_CP136968.1	66371	2
NZ_CP136968.1	66372	2
NZ_CP136968.1	66373	2
NZ_CP136968.1	66374	2
NZ_CP136968.1	66375	2
NZ_CP136968.1	66376	2
NZ_CP136968.1	66377	2
NZ_CP136968.1	66378	2
NZ_CP136968.1	66379	2
NZ_CP136968.1	66380	2
NZ_CP136968.1	66381	2
NZ_CP136968.1	66382	2
NZ_CP136968.1	66383	2
NZ_CP136968.1	66384	2
NZ_CP136968.1	66385	2
NZ_CP136968.1	66386	2
NZ_CP136968.1	66387	2
NZ_CP136968.1	66388	2
NZ_CP136968.1	66389	2
NZ_CP136968.1	66390	2
NZ_CP136968.1	66391	2
NZ_CP136968.1	66392	2
NZ_CP136968.1	66393	2
NZ_CP136968.1	66394	2
NZ_CP136968.1	66395	2
NZ_CP136968.1	66396	2
NZ_CP136968.1	66397	2
NZ_CP136968.1	66398	2
NZ_CP136968.1	66399	2
NZ_CP136968.1	66400	2
NZ_CP136968.1	66401	2
NZ_CP136968.1	66402	2
NZ_CP136968.1	66403	2
NZ_CP136968.1	66404	2
NZ_CP136968.1	66405	2
NZ_CP136968.1	66406	2
NZ_CP136968.1	66407	2
NZ_CP136968.1	66408	2
NZ_CP136968.1	66409	2
NZ_CP136968.1	66410	2
NZ_CP136968.1	66411	2
NZ_CP136968.1	66412	2
NZ_CP136968.1	66413	2
NZ_CP136968.1	66414	2
NZ_CP136968.1	66415	3
NZ_CP136968.1	66416	3
NZ_CP136968.1	66417	3
NZ_CP136968.1	66418	3
NZ_CP136968.1	66419	3
NZ_CP136968.1	66420	3
NZ_CP136968.1	66421	3
NZ_CP136968.1	66422	3
NZ_CP136968.1	66423	3
NZ_CP136968.1	66424	3
NZ_CP136968.1	66425	3
NZ_CP136968.1	66426	3
NZ_CP136968.1	66427	3
NZ_CP136968.1	66428	3
NZ_CP136968.1	66429	3
NZ_CP136968.1	66430	3
NZ_CP136968.1	66431	3
NZ_CP136968.1	66432	3
NZ_CP136968.1	66433	3
NZ_CP136968.1	66434	3
NZ_CP136968.1	66435	3
NZ_CP136968.1	66436	3
NZ_CP136968.1	66437	3
NZ_CP136968.1	66438	3
NZ_CP136968.1	66439	3
NZ_CP136968.1	66440	3
NZ_CP136968.1	66441	3
NZ_CP136968.1	66442	3
NZ_CP136968.1	66443	3
NZ_CP136968.1	66444	3
NZ_CP136968.1	66445	3
NZ_CP136968.1	66446	3
NZ_CP136968.1	66447	3
NZ_CP136968.1	66448	3
NZ_CP136968.1	66449	3
NZ_CP136968.1	66450	3
NZ_CP136968.1	66451	3
NZ_CP136968.1	66452	2
NZ_CP136968.1	66453	3
NZ_CP136968.1	66454	3
NZ_CP136968.1	66455	3
NZ_CP136968.1	66456	3
NZ_CP136968.1	66457	3
NZ_CP136968.1	66458	3
NZ_CP136968.1	66459	3
NZ_CP136968.1	66460	3
NZ_CP136968.1	66461	3
NZ_CP136968.1	66462	3
NZ_CP136968.1	66463	3
NZ_CP136968.1	66464	3
NZ_CP136968.1	66465	3
NZ_CP136968.1	66466	3
NZ_CP136968.1	66467	3
NZ_CP136968.1	66468	3
NZ_CP136968.1	66469	3
NZ_CP136968.1	66470	3
NZ_CP136968.1	66471	3
NZ_CP136968.1	66472	3
NZ_CP136968.1	66473	3
NZ_CP136968.1	66474	3
NZ_CP136968.1	66475	3
NZ_CP136968.1	66476	3
NZ_CP136968.1	66477	3
NZ_CP136968.1	66478	3
NZ_CP136968.1	66479	3
NZ_CP136968.1	66480	3
NZ_CP136968.1	66481	3
NZ_CP136968.1	66482	2
NZ_CP136968.1	66483	2
NZ_CP136968.1	66484	2
NZ_CP136968.1	66485	2
NZ_CP136968.1	66486	2
NZ_CP136968.1	66487	2
NZ_CP136968.1	66488	2
NZ_CP136968.1	66489	2
NZ_CP136968.1	66490	2
NZ_CP136968.1	66491	2
NZ_CP136968.1	66492	2
NZ_CP136968.1	66493	2
NZ_CP136968.1	66494	2
NZ_CP136968.1	66495	2
NZ_CP136968.1	66496	2
NZ_CP136968.1	66497	2
NZ_CP136968.1	66498	2
NZ_CP136968.1	66499	2
NZ_CP136968.1	66500	2
NZ_CP136968.1	66501	2
NZ_CP136968.1	66502	2
NZ_CP136968.1	66503	2
NZ_CP136968.1	66504	2
NZ_CP136968.1	66505	2
NZ_CP136968.1	66506	3
NZ_CP136968.1	66507	3
NZ_CP136968.1	66508	3
NZ_CP136968.1	66509	2
NZ_CP136968.1	66510	2
NZ_CP136968.1	66511	2
NZ_CP136968.1	66512	2
NZ_CP136968.1	66513	2
NZ_CP136968.1	66514	2
NZ_CP136968.1	66515	2
NZ_CP136968.1	66516	2
NZ_CP136968.1	66517	2
NZ_CP136968.1	66518	2
NZ_CP136968.1	66519	2
NZ_CP136968.1	66520	2
NZ_CP136968.1	66521	2
NZ_CP136968.1	66522	2
NZ_CP136968.1	66523	2
NZ_CP136968.1	66524	2
NZ_CP136968.1	66525	2
NZ_CP136968.1	66526	2
NZ_CP136968.1	66527	2
NZ_CP136968.1	66528	2
NZ_CP136968.1	66529	2
NZ_CP136968.1	66530	2
NZ_CP136968.1	66531	2
NZ_CP136968.1	66532	2
NZ_CP136968.1	66533	2
NZ_CP136968.1	66534	2
NZ_CP136968.1	66535	2
NZ_CP136968.1	66536	2
NZ_CP136968.1	66537	2
NZ_CP136968.1	66538	2
NZ_CP136968.1	66539	2
NZ_CP136968.1	66540	2
NZ_CP136968.1	66541	2
NZ_CP136968.1	66542	2
NZ_CP136968.1	66543	2
NZ_CP136968.1	66544	2
NZ_CP136968.1	66545	2
NZ_CP136968.1	66546	2
NZ_CP136968.1	66547	2
NZ_CP136968.1	66548	2
NZ_CP136968.1	66549	2
NZ_CP136968.1	66550	2
NZ_CP136968.1	66551	2
NZ_CP136968.1	66552	2
NZ_CP136968.1	66553	2
NZ_CP136968.1	66554	2
NZ_CP136968.1	66555	2
NZ_CP136968.1	66556	2
NZ_CP136968.1	66557	2
NZ_CP136968.1	66558	2
NZ_CP136968.1	66559	2
NZ_CP136968.1	66560	2
NZ_CP136968.1	66561	2
NZ_CP136968.1	66562	2
NZ_CP136968.1	66563	2
NZ_CP136968.1	66564	2
NZ_CP136968.1	66565	1
NZ_CP136968.1	66566	1
NZ_CP136968.1	66567	1
NZ_CP136968.1	66568	1
NZ_CP136968.1	66569	1
NZ_CP136968.1	66570	1
NZ_CP136968.1	66571	1
NZ_CP136968.1	66572	1
NZ_CP136968.1	66573	1
NZ_CP136968.1	66574	1
NZ_CP136968.1	66575	1
NZ_CP136968.1	66576	1
NZ_CP136968.1	66577	1
NZ_CP136968.1	66578	1
NZ_CP136968.1	66579	1
NZ_CP136968.1	66580	1
NZ_CP136968.1	66581	1
NZ_CP136968.1	66582	1
NZ_CP136968.1	66583	1
NZ_CP136968.1	66584	1
NZ_CP136968.1	66585	1
NZ_CP136968.1	66586	1
NZ_CP136968.1	66587	1
NZ_CP136968.1	66588	1
NZ_CP136968.1	66589	1
NZ_CP136968.1	66590	1
NZ_CP136968.1	66591	1
NZ_CP136968.1	66592	1
NZ_CP136968.1	66593	1
NZ_CP136968.1	66594	1
NZ_CP136968.1	66595	1
NZ_CP136968.1	66596	1
NZ_CP136968.1	66597	1
NZ_CP136968.1	66598	1
NZ_CP136968.1	66599	1
NZ_CP136968.1	66600	1
NZ_CP136968.1	66601	1
NZ_CP136968.1	66602	1
NZ_CP136968.1	66603	1
NZ_CP136968.1	66604	1
NZ_CP136968.1	66605	1
NZ_CP136968.1	66606	1
NZ_CP136968.1	66607	1
NZ_CP136968.1	66608	1
NZ_CP136968.1	66609	1
NZ_CP136968.1	66610	1
NZ_CP136968.1	66611	1
NZ_CP136968.1	66612	1
NZ_CP136968.1	66613	1
NZ_CP136968.1	66614	1
NZ_CP136968.1	66615	1
NZ_CP136968.1	66616	1
NZ_CP136968.1	66617	1
NZ_CP136968.1	66618	1
NZ_CP136968.1	66619	1
NZ_CP136968.1	66620	1
NZ_CP136968.1	66621	1
NZ_CP136968.1	66622	1
NZ_CP136968.1	66623	1
NZ_CP136968.1	66624	1
NZ_CP136968.1	66625	1
NZ_CP136968.1	66626	1
NZ_CP136968.1	66627	1
NZ_CP136968.1	66628	1
NZ_CP136968.1	66629	1
NZ_CP136968.1	66630	1
NZ_CP136968.1	66631	1
NZ_CP136968.1	66632	1
NZ_CP136968.1	66633	1
NZ_CP136968.1	66634	1
NZ_CP136968.1	66635	1
NZ_CP136968.1	66636	1
NZ_CP136968.1	66637	1
NZ_CP136968.1	66638	1
NZ_CP136968.1	66639	1
NZ_CP136968.1	66640	1
NZ_CP136968.1	66641	1
NZ_CP136968.1	66642	1
NZ_CP136968.1	66643	1
NZ_CP136968.1	66644	1
NZ_CP136968.1	66645	2
NZ_CP136968.1	66646	3
NZ_CP136968.1	66647	3
NZ_CP136968.1	66648	3
NZ_CP136968.1	66649	3
NZ_CP136968.1	66650	3
NZ_CP136968.1	66651	3
NZ_CP136968.1	66652	2
NZ_CP136968.1	66653	2
NZ_CP136968.1	66654	3
NZ_CP136968.1	66655	3
NZ_CP136968.1	66656	2
NZ_CP136968.1	66657	2
NZ_CP136968.1	66658	2
NZ_CP136968.1	66659	3
NZ_CP136968.1	66660	3
NZ_CP136968.1	66661	3
NZ_CP136968.1	66662	3
NZ_CP136968.1	66663	4
NZ_CP136968.1	66664	4
NZ_CP136968.1	66665	4
NZ_CP136968.1	66666	4
NZ_CP136968.1	66667	5
NZ_CP136968.1	66668	5
NZ_CP136968.1	66669	5
NZ_CP136968.1	66670	5
NZ_CP136968.1	66671	5
NZ_CP136968.1	66672	5
NZ_CP136968.1	66673	5
NZ_CP136968.1	66674	5
NZ_CP136968.1	66675	5
NZ_CP136968.1	66676	5
NZ_CP136968.1	66677	5
NZ_CP136968.1	66678	5
NZ_CP136968.1	66679	5
NZ_CP136968.1	66680	5
NZ_CP136968.1	66681	3
NZ_CP136968.1	66682	5
NZ_CP136968.1	66683	6
NZ_CP136968.1	66684	7
NZ_CP136968.1	66685	8
NZ_CP136968.1	66686	9
NZ_CP136968.1	66687	9
NZ_CP136968.1	66688	9
NZ_CP136968.1	66689	9
NZ_CP136968.1	66690	9
NZ_CP136968.1	66691	10
NZ_CP136968.1	66692	12
NZ_CP136968.1	66693	13
NZ_CP136968.1	66694	13
NZ_CP136968.1	66695	13
NZ_CP136968.1	66696	13
NZ_CP136968.1	66697	13
NZ_CP136968.1	66698	13
NZ_CP136968.1	66699	13
NZ_CP136968.1	66700	15
NZ_CP136968.1	66701	15
NZ_CP136968.1	66702	15
NZ_CP136968.1	66703	17
NZ_CP136968.1	66704	18
NZ_CP136968.1	66705	18
NZ_CP136968.1	66706	18
NZ_CP136968.1	66707	19
NZ_CP136968.1	66708	19
NZ_CP136968.1	66709	19
NZ_CP136968.1	66710	19
NZ_CP136968.1	66711	19
NZ_CP136968.1	66712	20
NZ_CP136968.1	66713	20
NZ_CP136968.1	66714	20
NZ_CP136968.1	66715	21
NZ_CP136968.1	66716	21
NZ_CP136968.1	66717	21
NZ_CP136968.1	66718	23
NZ_CP136968.1	66719	25
NZ_CP136968.1	66720	25
NZ_CP136968.1	66721	26
NZ_CP136968.1	66722	26
NZ_CP136968.1	66723	26
NZ_CP136968.1	66724	27
NZ_CP136968.1	66725	27
NZ_CP136968.1	66726	28
NZ_CP136968.1	66727	29
NZ_CP136968.1	66728	29
NZ_CP136968.1	66729	29
NZ_CP136968.1	66730	32
NZ_CP136968.1	66731	32
NZ_CP136968.1	66732	32
NZ_CP136968.1	66733	32
NZ_CP136968.1	66734	32
NZ_CP136968.1	66735	32
NZ_CP136968.1	66736	34
NZ_CP136968.1	66737	34
NZ_CP136968.1	66738	35
NZ_CP136968.1	66739	35
NZ_CP136968.1	66740	35
NZ_CP136968.1	66741	35
NZ_CP136968.1	66742	36
NZ_CP136968.1	66743	36
NZ_CP136968.1	66744	36
NZ_CP136968.1	66745	37
NZ_CP136968.1	66746	37
NZ_CP136968.1	66747	37
NZ_CP136968.1	66748	37
NZ_CP136968.1	66749	38
NZ_CP136968.1	66750	38
NZ_CP136968.1	66751	38
NZ_CP136968.1	66752	38
NZ_CP136968.1	66753	38
NZ_CP136968.1	66754	38
NZ_CP136968.1	66755	38
NZ_CP136968.1	66756	39
NZ_CP136968.1	66757	40
NZ_CP136968.1	66758	41
NZ_CP136968.1	66759	41
NZ_CP136968.1	66760	44
NZ_CP136968.1	66761	46
NZ_CP136968.1	66762	46
NZ_CP136968.1	66763	46
NZ_CP136968.1	66764	46
NZ_CP136968.1	66765	47
NZ_CP136968.1	66766	47
NZ_CP136968.1	66767	48
NZ_CP136968.1	66768	48
NZ_CP136968.1	66769	48
NZ_CP136968.1	66770	48
NZ_CP136968.1	66771	48
NZ_CP136968.1	66772	48
NZ_CP136968.1	66773	49
NZ_CP136968.1	66774	50
NZ_CP136968.1	66775	50
NZ_CP136968.1	66776	53
NZ_CP136968.1	66777	53
NZ_CP136968.1	66778	53
NZ_CP136968.1	66779	53
NZ_CP136968.1	66780	53
NZ_CP136968.1	66781	55
NZ_CP136968.1	66782	55
NZ_CP136968.1	66783	55
NZ_CP136968.1	66784	55
NZ_CP136968.1	66785	60
NZ_CP136968.1	66786	60
NZ_CP136968.1	66787	61
NZ_CP136968.1	66788	61
NZ_CP136968.1	66789	62
NZ_CP136968.1	66790	63
NZ_CP136968.1	66791	65
NZ_CP136968.1	66792	65
NZ_CP136968.1	66793	66
NZ_CP136968.1	66794	66
NZ_CP136968.1	66795	66
NZ_CP136968.1	66796	67
NZ_CP136968.1	66797	66
NZ_CP136968.1	66798	69
NZ_CP136968.1	66799	69
NZ_CP136968.1	66800	69
NZ_CP136968.1	66801	69
NZ_CP136968.1	66802	69
NZ_CP136968.1	66803	62
NZ_CP136968.1	66804	62
NZ_CP136968.1	66805	70
NZ_CP136968.1	66806	70
NZ_CP136968.1	66807	70
NZ_CP136968.1	66808	72
NZ_CP136968.1	66809	73
NZ_CP136968.1	66810	73
NZ_CP136968.1	66811	76
NZ_CP136968.1	66812	78
NZ_CP136968.1	66813	78
NZ_CP136968.1	66814	78
NZ_CP136968.1	66815	78
NZ_CP136968.1	66816	78
NZ_CP136968.1	66817	78
NZ_CP136968.1	66818	78
NZ_CP136968.1	66819	78
NZ_CP136968.1	66820	78
NZ_CP136968.1	66821	79
NZ_CP136968.1	66822	81
NZ_CP136968.1	66823	81
NZ_CP136968.1	66824	82
NZ_CP136968.1	66825	83
NZ_CP136968.1	66826	83
NZ_CP136968.1	66827	85
NZ_CP136968.1	66828	85
NZ_CP136968.1	66829	60
NZ_CP136968.1	66830	87
NZ_CP136968.1	66831	87
NZ_CP136968.1	66832	87
NZ_CP136968.1	66833	88
NZ_CP136968.1	66834	89
NZ_CP136968.1	66835	88
NZ_CP136968.1	66836	88
NZ_CP136968.1	66837	90
NZ_CP136968.1	66838	91
NZ_CP136968.1	66839	91
NZ_CP136968.1	66840	91
NZ_CP136968.1	66841	90
NZ_CP136968.1	66842	88
NZ_CP136968.1	66843	89
NZ_CP136968.1	66844	93
NZ_CP136968.1	66845	94
NZ_CP136968.1	66846	90
NZ_CP136968.1	66847	97
NZ_CP136968.1	66848	98
NZ_CP136968.1	66849	102
NZ_CP136968.1	66850	102
NZ_CP136968.1	66851	103
NZ_CP136968.1	66852	106
NZ_CP136968.1	66853	105
NZ_CP136968.1	66854	107
NZ_CP136968.1	66855	109
NZ_CP136968.1	66856	110
NZ_CP136968.1	66857	111
NZ_CP136968.1	66858	112
NZ_CP136968.1	66859	119
NZ_CP136968.1	66860	123
NZ_CP136968.1	66861	126
NZ_CP136968.1	66862	130
NZ_CP136968.1	66863	133
NZ_CP136968.1	66864	134
NZ_CP136968.1	66865	138
NZ_CP136968.1	66866	142
NZ_CP136968.1	66867	145
NZ_CP136968.1	66868	144
NZ_CP136968.1	66869	145
NZ_CP136968.1	66870	148
NZ_CP136968.1	66871	147
NZ_CP136968.1	66872	147
NZ_CP136968.1	66873	147
NZ_CP136968.1	66874	146
NZ_CP136968.1	66875	155
NZ_CP136968.1	66876	155
NZ_CP136968.1	66877	156
NZ_CP136968.1	66878	157
NZ_CP136968.1	66879	157
NZ_CP136968.1	66880	157
NZ_CP136968.1	66881	157
NZ_CP136968.1	66882	160
NZ_CP136968.1	66883	167
NZ_CP136968.1	66884	168
NZ_CP136968.1	66885	170
NZ_CP136968.1	66886	168
NZ_CP136968.1	66887	169
NZ_CP136968.1	66888	169
NZ_CP136968.1	66889	174
NZ_CP136968.1	66890	181
NZ_CP136968.1	66891	188
NZ_CP136968.1	66892	190
NZ_CP136968.1	66893	192
NZ_CP136968.1	66894	194
NZ_CP136968.1	66895	200
NZ_CP136968.1	66896	200
NZ_CP136968.1	66897	200
NZ_CP136968.1	66898	200
NZ_CP136968.1	66899	199
NZ_CP136968.1	66900	199
NZ_CP136968.1	66901	199
NZ_CP136968.1	66902	203
NZ_CP136968.1	66903	207
NZ_CP136968.1	66904	207
NZ_CP136968.1	66905	207
NZ_CP136968.1	66906	206
NZ_CP136968.1	66907	205
NZ_CP136968.1	66908	205
NZ_CP136968.1	66909	211
NZ_CP136968.1	66910	209
NZ_CP136968.1	66911	207
NZ_CP136968.1	66912	209
NZ_CP136968.1	66913	210
NZ_CP136968.1	66914	211
NZ_CP136968.1	66915	210
NZ_CP136968.1	66916	210
NZ_CP136968.1	66917	209
NZ_CP136968.1	66918	209
NZ_CP136968.1	66919	209
NZ_CP136968.1	66920	213
NZ_CP136968.1	66921	213
NZ_CP136968.1	66922	213
NZ_CP136968.1	66923	214
NZ_CP136968.1	66924	214
NZ_CP136968.1	66925	214
NZ_CP136968.1	66926	213
NZ_CP136968.1	66927	213
NZ_CP136968.1	66928	215
NZ_CP136968.1	66929	216
NZ_CP136968.1	66930	218
NZ_CP136968.1	66931	216
NZ_CP136968.1	66932	216
NZ_CP136968.1	66933	216
NZ_CP136968.1	66934	216
NZ_CP136968.1	66935	180
NZ_CP136968.1	66936	180
NZ_CP136968.1	66937	179
NZ_CP136968.1	66938	210
NZ_CP136968.1	66939	209
NZ_CP136968.1	66940	208
NZ_CP136968.1	66941	207
NZ_CP136968.1	66942	205
NZ_CP136968.1	66943	183
NZ_CP136968.1	66944	195
NZ_CP136968.1	66945	173
NZ_CP136968.1	66946	175
NZ_CP136968.1	66947	175
NZ_CP136968.1	66948	172
NZ_CP136968.1	66949	203
NZ_CP136968.1	66950	204
NZ_CP136968.1	66951	203
NZ_CP136968.1	66952	203
NZ_CP136968.1	66953	204
NZ_CP136968.1	66954	204
NZ_CP136968.1	66955	204
NZ_CP136968.1	66956	203
NZ_CP136968.1	66957	202
NZ_CP136968.1	66958	202
NZ_CP136968.1	66959	201
NZ_CP136968.1	66960	200
NZ_CP136968.1	66961	198
NZ_CP136968.1	66962	198
NZ_CP136968.1	66963	197
NZ_CP136968.1	66964	197
NZ_CP136968.1	66965	197
NZ_CP136968.1	66966	197
NZ_CP136968.1	66967	197
NZ_CP136968.1	66968	196
NZ_CP136968.1	66969	197
NZ_CP136968.1	66970	197
NZ_CP136968.1	66971	196
NZ_CP136968.1	66972	195
NZ_CP136968.1	66973	195
NZ_CP136968.1	66974	194
NZ_CP136968.1	66975	192
NZ_CP136968.1	66976	193
NZ_CP136968.1	66977	191
NZ_CP136968.1	66978	191
NZ_CP136968.1	66979	191
NZ_CP136968.1	66980	192
NZ_CP136968.1	66981	192
NZ_CP136968.1	66982	192
NZ_CP136968.1	66983	190
NZ_CP136968.1	66984	188
NZ_CP136968.1	66985	188
NZ_CP136968.1	66986	187
NZ_CP136968.1	66987	186
NZ_CP136968.1	66988	184
NZ_CP136968.1	66989	185
NZ_CP136968.1	66990	185
NZ_CP136968.1	66991	186
NZ_CP136968.1	66992	187
NZ_CP136968.1	66993	187
NZ_CP136968.1	66994	185
NZ_CP136968.1	66995	185
NZ_CP136968.1	66996	185
NZ_CP136968.1	66997	185
NZ_CP136968.1	66998	185
NZ_CP136968.1	66999	183
NZ_CP136968.1	67000	182
NZ_CP136968.1	67001	181
NZ_CP136968.1	67002	177
NZ_CP136968.1	67003	177
NZ_CP136968.1	67004	177
NZ_CP136968.1	67005	176
NZ_CP136968.1	67006	172
NZ_CP136968.1	67007	170
NZ_CP136968.1	67008	168
NZ_CP136968.1	67009	164
NZ_CP136968.1	67010	163
NZ_CP136968.1	67011	157
NZ_CP136968.1	67012	154
NZ_CP136968.1	67013	152
NZ_CP136968.1	67014	150
NZ_CP136968.1	67015	146
NZ_CP136968.1	67016	137
NZ_CP136968.1	67017	133
NZ_CP136968.1	67018	132
NZ_CP136968.1	67019	126
NZ_CP136968.1	67020	125
NZ_CP136968.1	67021	124
NZ_CP136968.1	67022	122
NZ_CP136968.1	67023	122
NZ_CP136968.1	67024	121
NZ_CP136968.1	67025	115
NZ_CP136968.1	67026	111
NZ_CP136968.1	67027	110
NZ_CP136968.1	67028	109
NZ_CP136968.1	67029	108
NZ_CP136968.1	67030	105
NZ_CP136968.1	67031	105
NZ_CP136968.1	67032	102
NZ_CP136968.1	67033	97
NZ_CP136968.1	67034	95
NZ_CP136968.1	67035	95
NZ_CP136968.1	67036	92
NZ_CP136968.1	67037	92
NZ_CP136968.1	67038	91
NZ_CP136968.1	67039	86
NZ_CP136968.1	67040	80
NZ_CP136968.1	67041	72
NZ_CP136968.1	67042	70
NZ_CP136968.1	67043	68
NZ_CP136968.1	67044	68
NZ_CP136968.1	67045	62
NZ_CP136968.1	67046	62
NZ_CP136968.1	67047	63
NZ_CP136968.1	67048	63
NZ_CP136968.1	67049	64
NZ_CP136968.1	67050	64
NZ_CP136968.1	67051	64
NZ_CP136968.1	67052	60
NZ_CP136968.1	67053	57
NZ_CP136968.1	67054	56
NZ_CP136968.1	67055	56
NZ_CP136968.1	67056	56
NZ_CP136968.1	67057	57
NZ_CP136968.1	67058	59
NZ_CP136968.1	67059	55
NZ_CP136968.1	67060	56
NZ_CP136968.1	67061	56
NZ_CP136968.1	67062	54
NZ_CP136968.1	67063	54
NZ_CP136968.1	67064	54
NZ_CP136968.1	67065	55
NZ_CP136968.1	67066	55
NZ_CP136968.1	67067	55
NZ_CP136968.1	67068	55
NZ_CP136968.1	67069	55
NZ_CP136968.1	67070	52
NZ_CP136968.1	67071	52
NZ_CP136968.1	67072	56
NZ_CP136968.1	67073	72
NZ_CP136968.1	67074	85
NZ_CP136968.1	67075	95
NZ_CP136968.1	67076	96
NZ_CP136968.1	67077	110
NZ_CP136968.1	67078	110
NZ_CP136968.1	67079	112
NZ_CP136968.1	67080	98
NZ_CP136968.1	67081	106
NZ_CP136968.1	67082	107
NZ_CP136968.1	67083	119
NZ_CP136968.1	67084	125
NZ_CP136968.1	67085	129
NZ_CP136968.1	67086	130
NZ_CP136968.1	67087	138
NZ_CP136968.1	67088	140
NZ_CP136968.1	67089	144
NZ_CP136968.1	67090	147
NZ_CP136968.1	67091	149
NZ_CP136968.1	67092	149
NZ_CP136968.1	67093	154
NZ_CP136968.1	67094	152
NZ_CP136968.1	67095	155
NZ_CP136968.1	67096	156
NZ_CP136968.1	67097	160
NZ_CP136968.1	67098	164
NZ_CP136968.1	67099	160
NZ_CP136968.1	67100	161
NZ_CP136968.1	67101	168
NZ_CP136968.1	67102	168
NZ_CP136968.1	67103	167
NZ_CP136968.1	67104	167
NZ_CP136968.1	67105	168
NZ_CP136968.1	67106	172
NZ_CP136968.1	67107	174
NZ_CP136968.1	67108	174
NZ_CP136968.1	67109	176
NZ_CP136968.1	67110	177
NZ_CP136968.1	67111	176
NZ_CP136968.1	67112	175
NZ_CP136968.1	67113	176
NZ_CP136968.1	67114	176
NZ_CP136968.1	67115	177
NZ_CP136968.1	67116	178
NZ_CP136968.1	67117	179
NZ_CP136968.1	67118	179
NZ_CP136968.1	67119	181
NZ_CP136968.1	67120	181
NZ_CP136968.1	67121	182
NZ_CP136968.1	67122	183
NZ_CP136968.1	67123	182
NZ_CP136968.1	67124	183
NZ_CP136968.1	67125	183
NZ_CP136968.1	67126	183
NZ_CP136968.1	67127	183
NZ_CP136968.1	67128	183
NZ_CP136968.1	67129	182
NZ_CP136968.1	67130	181
NZ_CP136968.1	67131	180
NZ_CP136968.1	67132	180
NZ_CP136968.1	67133	180
NZ_CP136968.1	67134	180
NZ_CP136968.1	67135	180
NZ_CP136968.1	67136	183
NZ_CP136968.1	67137	184
NZ_CP136968.1	67138	186
NZ_CP136968.1	67139	189
NZ_CP136968.1	67140	189
NZ_CP136968.1	67141	188
NZ_CP136968.1	67142	188
NZ_CP136968.1	67143	187
NZ_CP136968.1	67144	187
NZ_CP136968.1	67145	187
NZ_CP136968.1	67146	189
NZ_CP136968.1	67147	198
NZ_CP136968.1	67148	198
NZ_CP136968.1	67149	198
NZ_CP136968.1	67150	198
NZ_CP136968.1	67151	199
NZ_CP136968.1	67152	198
NZ_CP136968.1	67153	198
NZ_CP136968.1	67154	197
NZ_CP136968.1	67155	199
NZ_CP136968.1	67156	200
NZ_CP136968.1	67157	204
NZ_CP136968.1	67158	206
NZ_CP136968.1	67159	207
NZ_CP136968.1	67160	207
NZ_CP136968.1	67161	207
NZ_CP136968.1	67162	207
NZ_CP136968.1	67163	207
NZ_CP136968.1	67164	207
NZ_CP136968.1	67165	209
NZ_CP136968.1	67166	214
NZ_CP136968.1	67167	216
NZ_CP136968.1	67168	216
NZ_CP136968.1	67169	90
NZ_CP136968.1	67170	221
NZ_CP136968.1	67171	178
NZ_CP136968.1	67172	223
NZ_CP136968.1	67173	228
NZ_CP136968.1	67174	239
NZ_CP136968.1	67175	239
NZ_CP136968.1	67176	241
NZ_CP136968.1	67177	241
NZ_CP136968.1	67178	241
NZ_CP136968.1	67179	241
NZ_CP136968.1	67180	241
NZ_CP136968.1	67181	242
NZ_CP136968.1	67182	242
NZ_CP136968.1	67183	242
NZ_CP136968.1	67184	242
NZ_CP136968.1	67185	241
NZ_CP136968.1	67186	241
NZ_CP136968.1	67187	241
NZ_CP136968.1	67188	241
NZ_CP136968.1	67189	241
NZ_CP136968.1	67190	241
NZ_CP136968.1	67191	241
NZ_CP136968.1	67192	240
NZ_CP136968.1	67193	240
NZ_CP136968.1	67194	239
NZ_CP136968.1	67195	236
NZ_CP136968.1	67196	236
NZ_CP136968.1	67197	234
NZ_CP136968.1	67198	234
NZ_CP136968.1	67199	233
NZ_CP136968.1	67200	233
NZ_CP136968.1	67201	233
NZ_CP136968.1	67202	232
NZ_CP136968.1	67203	232
NZ_CP136968.1	67204	231
NZ_CP136968.1	67205	231
NZ_CP136968.1	67206	231
NZ_CP136968.1	67207	231
NZ_CP136968.1	67208	230
NZ_CP136968.1	67209	227
NZ_CP136968.1	67210	227
NZ_CP136968.1	67211	227
NZ_CP136968.1	67212	227
NZ_CP136968.1	67213	226
NZ_CP136968.1	67214	224
NZ_CP136968.1	67215	222
NZ_CP136968.1	67216	222
NZ_CP136968.1	67217	222
NZ_CP136968.1	67218	222
NZ_CP136968.1	67219	221
NZ_CP136968.1	67220	220
NZ_CP136968.1	67221	220
NZ_CP136968.1	67222	220
NZ_CP136968.1	67223	217
NZ_CP136968.1	67224	197
NZ_CP136968.1	67225	181
NZ_CP136968.1	67226	178
NZ_CP136968.1	67227	175
NZ_CP136968.1	67228	154
NZ_CP136968.1	67229	154
NZ_CP136968.1	67230	153
NZ_CP136968.1	67231	152
NZ_CP136968.1	67232	151
NZ_CP136968.1	67233	150
NZ_CP136968.1	67234	144
NZ_CP136968.1	67235	136
NZ_CP136968.1	67236	132
NZ_CP136968.1	67237	131
NZ_CP136968.1	67238	126
NZ_CP136968.1	67239	125
NZ_CP136968.1	67240	120
NZ_CP136968.1	67241	118
NZ_CP136968.1	67242	116
NZ_CP136968.1	67243	111
NZ_CP136968.1	67244	109
NZ_CP136968.1	67245	109
NZ_CP136968.1	67246	106
NZ_CP136968.1	67247	104
NZ_CP136968.1	67248	100
NZ_CP136968.1	67249	97
NZ_CP136968.1	67250	97
NZ_CP136968.1	67251	96
NZ_CP136968.1	67252	94
NZ_CP136968.1	67253	94
NZ_CP136968.1	67254	94
NZ_CP136968.1	67255	91
NZ_CP136968.1	67256	88
NZ_CP136968.1	67257	87
NZ_CP136968.1	67258	84
NZ_CP136968.1	67259	82
NZ_CP136968.1	67260	83
NZ_CP136968.1	67261	73
NZ_CP136968.1	67262	82
NZ_CP136968.1	67263	82
NZ_CP136968.1	67264	81
NZ_CP136968.1	67265	81
NZ_CP136968.1	67266	80
NZ_CP136968.1	67267	79
NZ_CP136968.1	67268	78
NZ_CP136968.1	67269	78
NZ_CP136968.1	67270	75
NZ_CP136968.1	67271	75
NZ_CP136968.1	67272	74
NZ_CP136968.1	67273	73
NZ_CP136968.1	67274	73
NZ_CP136968.1	67275	72
NZ_CP136968.1	67276	72
NZ_CP136968.1	67277	72
NZ_CP136968.1	67278	72
NZ_CP136968.1	67279	72
NZ_CP136968.1	67280	72
NZ_CP136968.1	67281	72
NZ_CP136968.1	67282	72
NZ_CP136968.1	67283	72
NZ_CP136968.1	67284	72
NZ_CP136968.1	67285	72
NZ_CP136968.1	67286	72
NZ_CP136968.1	67287	69
NZ_CP136968.1	67288	68
NZ_CP136968.1	67289	66
NZ_CP136968.1	67290	62
NZ_CP136968.1	67291	62
NZ_CP136968.1	67292	62
NZ_CP136968.1	67293	61
NZ_CP136968.1	67294	60
NZ_CP136968.1	67295	59
NZ_CP136968.1	67296	59
NZ_CP136968.1	67297	55
NZ_CP136968.1	67298	48
NZ_CP136968.1	67299	48
NZ_CP136968.1	67300	48
NZ_CP136968.1	67301	48
NZ_CP136968.1	67302	47
NZ_CP136968.1	67303	47
NZ_CP136968.1	67304	47
NZ_CP136968.1	67305	47
NZ_CP136968.1	67306	44
NZ_CP136968.1	67307	44
NZ_CP136968.1	67308	40
NZ_CP136968.1	67309	38
NZ_CP136968.1	67310	37
NZ_CP136968.1	67311	37
NZ_CP136968.1	67312	37
NZ_CP136968.1	67313	36
NZ_CP136968.1	67314	36
NZ_CP136968.1	67315	36
NZ_CP136968.1	67316	34
NZ_CP136968.1	67317	30
NZ_CP136968.1	67318	29
NZ_CP136968.1	67319	26
NZ_CP136968.1	67320	20
NZ_CP136968.1	67321	19
NZ_CP136968.1	67322	20
NZ_CP136968.1	67323	14
NZ_CP136968.1	67324	5
NZ_CP136968.1	67325	3
NZ_CP136968.1	67326	1
NZ_CP136968.1	67327	1
NZ_CP136968.1	67328	1
NZ_CP136968.1	67329	1
NZ_CP136968.1	67330	1
NZ_CP136968.1	68161	2
NZ_CP136968.1	68162	2
NZ_CP136968.1	68163	3
NZ_CP136968.1	68164	5
NZ_CP136968.1	68165	7
NZ_CP136968.1	68166	8
NZ_CP136968.1	68167	8
NZ_CP136968.1	68168	7
NZ_CP136968.1	68169	10
NZ_CP136968.1	68170	10
NZ_CP136968.1	68171	11
NZ_CP136968.1	68172	11
NZ_CP136968.1	68173	15
NZ_CP136968.1	68174	15
NZ_CP136968.1	68175	15
NZ_CP136968.1	68176	18
NZ_CP136968.1	68177	22
NZ_CP136968.1	68178	26
NZ_CP136968.1	68179	28
NZ_CP136968.1	68180	32
NZ_CP136968.1	68181	35
NZ_CP136968.1	68182	36
NZ_CP136968.1	68183	36
NZ_CP136968.1	68184	36
NZ_CP136968.1	68185	36
NZ_CP136968.1	68186	38
NZ_CP136968.1	68187	40
NZ_CP136968.1	68188	40
NZ_CP136968.1	68189	43
NZ_CP136968.1	68190	43
NZ_CP136968.1	68191	45
NZ_CP136968.1	68192	45
NZ_CP136968.1	68193	45
NZ_CP136968.1	68194	46
NZ_CP136968.1	68195	48
NZ_CP136968.1	68196	48
NZ_CP136968.1	68197	48
NZ_CP136968.1	68198	50
NZ_CP136968.1	68199	51
NZ_CP136968.1	68200	52
NZ_CP136968.1	68201	52
NZ_CP136968.1	68202	52
NZ_CP136968.1	68203	52
NZ_CP136968.1	68204	52
NZ_CP136968.1	68205	52
NZ_CP136968.1	68206	52
NZ_CP136968.1	68207	62
NZ_CP136968.1	68208	71
NZ_CP136968.1	68209	80
NZ_CP136968.1	68210	81
NZ_CP136968.1	68211	83
NZ_CP136968.1	68212	83
NZ_CP136968.1	68213	83
NZ_CP136968.1	68214	91
NZ_CP136968.1	68215	92
NZ_CP136968.1	68216	92
NZ_CP136968.1	68217	92
NZ_CP136968.1	68218	92
NZ_CP136968.1	68219	92
NZ_CP136968.1	68220	92
NZ_CP136968.1	68221	93
NZ_CP136968.1	68222	93
NZ_CP136968.1	68223	93
NZ_CP136968.1	68224	93
NZ_CP136968.1	68225	93
NZ_CP136968.1	68226	93
NZ_CP136968.1	68227	93
NZ_CP136968.1	68228	93
NZ_CP136968.1	68229	93
NZ_CP136968.1	68230	94
NZ_CP136968.1	68231	94
NZ_CP136968.1	68232	94
NZ_CP136968.1	68233	94
NZ_CP136968.1	68234	95
NZ_CP136968.1	68235	96
NZ_CP136968.1	68236	101
NZ_CP136968.1	68237	106
NZ_CP136968.1	68238	106
NZ_CP136968.1	68239	107
NZ_CP136968.1	68240	107
NZ_CP136968.1	68241	108
NZ_CP136968.1	68242	108
NZ_CP136968.1	68243	109
NZ_CP136968.1	68244	109
NZ_CP136968.1	68245	110
NZ_CP136968.1	68246	110
NZ_CP136968.1	68247	111
NZ_CP136968.1	68248	111
NZ_CP136968.1	68249	111
NZ_CP136968.1	68250	111
NZ_CP136968.1	68251	112
NZ_CP136968.1	68252	113
NZ_CP136968.1	68253	113
NZ_CP136968.1	68254	113
NZ_CP136968.1	68255	113
NZ_CP136968.1	68256	113
NZ_CP136968.1	68257	113
NZ_CP136968.1	68258	113
NZ_CP136968.1	68259	113
NZ_CP136968.1	68260	113
NZ_CP136968.1	68261	113
NZ_CP136968.1	68262	113
NZ_CP136968.1	68263	113
NZ_CP136968.1	68264	113
NZ_CP136968.1	68265	113
NZ_CP136968.1	68266	113
NZ_CP136968.1	68267	113
NZ_CP136968.1	68268	113
NZ_CP136968.1	68269	114
NZ_CP136968.1	68270	114
NZ_CP136968.1	68271	115
NZ_CP136968.1	68272	115
NZ_CP136968.1	68273	115
NZ_CP136968.1	68274	115
NZ_CP136968.1	68275	115
NZ_CP136968.1	68276	116
NZ_CP136968.1	68277	116
NZ_CP136968.1	68278	116
NZ_CP136968.1	68279	116
NZ_CP136968.1	68280	116
NZ_CP136968.1	68281	116
NZ_CP136968.1	68282	116
NZ_CP136968.1	68283	116
NZ_CP136968.1	68284	116
NZ_CP136968.1	68285	116
NZ_CP136968.1	68286	116
NZ_CP136968.1	68287	116
NZ_CP136968.1	68288	116
NZ_CP136968.1	68289	116
NZ_CP136968.1	68290	116
NZ_CP136968.1	68291	116
NZ_CP136968.1	68292	109
NZ_CP136968.1	68293	116
NZ_CP136968.1	68294	116
NZ_CP136968.1	68295	116
NZ_CP136968.1	68296	116
NZ_CP136968.1	68297	116
NZ_CP136968.1	68298	116
NZ_CP136968.1	68299	116
NZ_CP136968.1	68300	116
NZ_CP136968.1	68301	116
NZ_CP136968.1	68302	116
NZ_CP136968.1	68303	116
NZ_CP136968.1	68304	116
NZ_CP136968.1	68305	115
NZ_CP136968.1	68306	116
NZ_CP136968.1	68307	116
NZ_CP136968.1	68308	116
NZ_CP136968.1	68309	116
NZ_CP136968.1	68310	115
NZ_CP136968.1	68311	113
NZ_CP136968.1	68312	113
NZ_CP136968.1	68313	113
NZ_CP136968.1	68314	111
NZ_CP136968.1	68315	110
NZ_CP136968.1	68316	108
NZ_CP136968.1	68317	108
NZ_CP136968.1	68318	107
NZ_CP136968.1	68319	105
NZ_CP136968.1	68320	105
NZ_CP136968.1	68321	105
NZ_CP136968.1	68322	105
NZ_CP136968.1	68323	102
NZ_CP136968.1	68324	102
NZ_CP136968.1	68325	101
NZ_CP136968.1	68326	98
NZ_CP136968.1	68327	95
NZ_CP136968.1	68328	89
NZ_CP136968.1	68329	87
NZ_CP136968.1	68330	83
NZ_CP136968.1	68331	81
NZ_CP136968.1	68332	80
NZ_CP136968.1	68333	80
NZ_CP136968.1	68334	80
NZ_CP136968.1	68335	80
NZ_CP136968.1	68336	78
NZ_CP136968.1	68337	76
NZ_CP136968.1	68338	76
NZ_CP136968.1	68339	73
NZ_CP136968.1	68340	73
NZ_CP136968.1	68341	70
NZ_CP136968.1	68342	71
NZ_CP136968.1	68343	71
NZ_CP136968.1	68344	70
NZ_CP136968.1	68345	68
NZ_CP136968.1	68346	54
NZ_CP136968.1	68347	65
NZ_CP136968.1	68348	64
NZ_CP136968.1	68349	64
NZ_CP136968.1	68350	64
NZ_CP136968.1	68351	64
NZ_CP136968.1	68352	64
NZ_CP136968.1	68353	57
NZ_CP136968.1	68354	47
NZ_CP136968.1	68355	36
NZ_CP136968.1	68356	35
NZ_CP136968.1	68357	33
NZ_CP136968.1	68358	33
NZ_CP136968.1	68359	33
NZ_CP136968.1	68360	25
NZ_CP136968.1	68361	25
NZ_CP136968.1	68362	25
NZ_CP136968.1	68363	25
NZ_CP136968.1	68364	24
NZ_CP136968.1	68365	24
NZ_CP136968.1	68366	24
NZ_CP136968.1	68367	23
NZ_CP136968.1	68368	23
NZ_CP136968.1	68369	23
NZ_CP136968.1	68370	23
NZ_CP136968.1	68371	23
NZ_CP136968.1	68372	23
NZ_CP136968.1	68373	23
NZ_CP136968.1	68374	23
NZ_CP136968.1	68375	23
NZ_CP136968.1	68376	22
NZ_CP136968.1	68377	22
NZ_CP136968.1	68378	22
NZ_CP136968.1	68379	22
NZ_CP136968.1	68380	22
NZ_CP136968.1	68381	22
NZ_CP136968.1	68382	19
NZ_CP136968.1	68383	12
NZ_CP136968.1	68384	12
NZ_CP136968.1	68385	9
NZ_CP136968.1	68386	9
NZ_CP136968.1	68387	8
NZ_CP136968.1	68388	3
NZ_CP136968.1	68389	8
NZ_CP136968.1	68390	8
NZ_CP136968.1	68391	7
NZ_CP136968.1	68392	6
NZ_CP136968.1	68393	6
NZ_CP136968.1	68394	5
NZ_CP136968.1	68395	5
NZ_CP136968.1	68396	5
NZ_CP136968.1	68397	4
NZ_CP136968.1	68398	3
NZ_CP136968.1	68399	3
NZ_CP136968.1	68400	3
NZ_CP136968.1	68401	3
NZ_CP136968.1	68402	3
NZ_CP136968.1	68403	3
NZ_CP136968.1	68404	3
NZ_CP136968.1	68405	3
NZ_CP136968.1	68406	3
NZ_CP136968.1	68407	3
NZ_CP136968.1	68408	3
NZ_CP136968.1	68409	3
NZ_CP136968.1	68410	3
NZ_CP136968.1	68411	3
NZ_CP136968.1	68412	3
NZ_CP136968.1	68413	3
NZ_CP136968.1	68414	3
NZ_CP136968.1	68415	2
NZ_CP136968.1	68416	2
NZ_CP136968.1	68417	1
NZ_CP136968.1	68418	1
NZ_CP136968.1	68419	1
NZ_CP136968.1	68420	1
NZ_CP136968.1	68421	1
NZ_CP136968.1	68563	1
NZ_CP136968.1	68564	1
NZ_CP136968.1	68565	1
NZ_CP136968.1	68566	1
NZ_CP136968.1	68567	1
NZ_CP136968.1	68568	1
NZ_CP136968.1	68569	1
NZ_CP136968.1	68570	1
NZ_CP136968.1	68571	1
NZ_CP136968.1	68572	1
NZ_CP136968.1	68573	1
NZ_CP136968.1	68574	1
NZ_CP136968.1	68575	1
NZ_CP136968.1	68576	1
NZ_CP136968.1	68577	1
NZ_CP136968.1	68578	1
NZ_CP136968.1	68579	1
NZ_CP136968.1	68580	1
NZ_CP136968.1	68581	1
NZ_CP136968.1	68582	1
NZ_CP136968.1	68583	1
NZ_CP136968.1	68584	1
NZ_CP136968.1	68585	1
NZ_CP136968.1	68586	1
NZ_CP136968.1	68587	1
NZ_CP136968.1	68588	1
NZ_CP136968.1	68589	1
NZ_CP136968.1	68590	1
NZ_CP136968.1	68591	1
NZ_CP136968.1	68592	1
NZ_CP136968.1	68593	1
NZ_CP136968.1	68594	1
NZ_CP136968.1	68595	1
NZ_CP136968.1	68596	1
NZ_CP136968.1	68597	1
NZ_CP136968.1	68598	1
NZ_CP136968.1	68599	1
NZ_CP136968.1	68600	1
NZ_CP136968.1	68601	1
NZ_CP136968.1	68602	1
NZ_CP136968.1	68603	1
NZ_CP136968.1	68604	1
NZ_CP136968.1	68605	1
NZ_CP136968.1	68606	1
NZ_CP136968.1	68607	1
NZ_CP136968.1	68608	1
NZ_CP136968.1	68609	1
NZ_CP136968.1	68610	1
NZ_CP136968.1	68611	1
NZ_CP136968.1	68612	1
NZ_CP136968.1	68613	1
NZ_CP136968.1	68614	1
NZ_CP136968.1	68615	1
NZ_CP136968.1	68616	1
NZ_CP136968.1	68617	1
NZ_CP136968.1	68618	1
NZ_CP136968.1	68619	1
NZ_CP136968.1	68620	1
NZ_CP136968.1	68621	1
NZ_CP136968.1	68622	1
NZ_CP136968.1	68623	1
NZ_CP136968.1	68624	1
NZ_CP136968.1	68625	1
NZ_CP136968.1	68626	1
NZ_CP136968.1	68627	1
NZ_CP136968.1	68628	1
NZ_CP136968.1	68629	1
NZ_CP136968.1	68630	1
NZ_CP136968.1	68631	1
NZ_CP136968.1	68632	1
NZ_CP136968.1	68633	1
NZ_CP136968.1	68634	1
NZ_CP136968.1	68635	1
NZ_CP136968.1	68636	1
NZ_CP136968.1	68637	1
NZ_CP136968.1	68638	1
NZ_CP136968.1	68639	2
NZ_CP136968.1	68640	2
NZ_CP136968.1	68641	2
NZ_CP136968.1	68642	2
NZ_CP136968.1	68643	2
NZ_CP136968.1	68644	2
NZ_CP136968.1	68645	2
NZ_CP136968.1	68646	2
NZ_CP136968.1	68647	2
NZ_CP136968.1	68648	2
NZ_CP136968.1	68649	2
NZ_CP136968.1	68650	2
NZ_CP136968.1	68651	2
NZ_CP136968.1	68652	3
NZ_CP136968.1	68653	3
NZ_CP136968.1	68654	4
NZ_CP136968.1	68655	4
NZ_CP136968.1	68656	4
NZ_CP136968.1	68657	4
NZ_CP136968.1	68658	4
NZ_CP136968.1	68659	4
NZ_CP136968.1	68660	4
NZ_CP136968.1	68661	4
NZ_CP136968.1	68662	4
NZ_CP136968.1	68663	4
NZ_CP136968.1	68664	4
NZ_CP136968.1	68665	4
NZ_CP136968.1	68666	4
NZ_CP136968.1	68667	4
NZ_CP136968.1	68668	4
NZ_CP136968.1	68669	4
NZ_CP136968.1	68670	4
NZ_CP136968.1	68671	4
NZ_CP136968.1	68672	4
NZ_CP136968.1	68673	4
NZ_CP136968.1	68674	4
NZ_CP136968.1	68675	4
NZ_CP136968.1	68676	4
NZ_CP136968.1	68677	4
NZ_CP136968.1	68678	4
NZ_CP136968.1	68679	4
NZ_CP136968.1	68680	4
NZ_CP136968.1	68681	4
NZ_CP136968.1	68682	4
NZ_CP136968.1	68683	4
NZ_CP136968.1	68684	4
NZ_CP136968.1	68685	4
NZ_CP136968.1	68686	4
NZ_CP136968.1	68687	4
NZ_CP136968.1	68688	4
NZ_CP136968.1	68689	4
NZ_CP136968.1	68690	4
NZ_CP136968.1	68691	4
NZ_CP136968.1	68692	4
NZ_CP136968.1	68693	4
NZ_CP136968.1	68694	4
NZ_CP136968.1	68695	4
NZ_CP136968.1	68696	4
NZ_CP136968.1	68697	4
NZ_CP136968.1	68698	4
NZ_CP136968.1	68699	4
NZ_CP136968.1	68700	4
NZ_CP136968.1	68701	4
NZ_CP136968.1	68702	4
NZ_CP136968.1	68703	5
NZ_CP136968.1	68704	5
NZ_CP136968.1	68705	6
NZ_CP136968.1	68706	6
NZ_CP136968.1	68707	6
NZ_CP136968.1	68708	6
NZ_CP136968.1	68709	6
NZ_CP136968.1	68710	7
NZ_CP136968.1	68711	7
NZ_CP136968.1	68712	7
NZ_CP136968.1	68713	6
NZ_CP136968.1	68714	6
NZ_CP136968.1	68715	6
NZ_CP136968.1	68716	6
NZ_CP136968.1	68717	6
NZ_CP136968.1	68718	6
NZ_CP136968.1	68719	6
NZ_CP136968.1	68720	6
NZ_CP136968.1	68721	6
NZ_CP136968.1	68722	6
NZ_CP136968.1	68723	6
NZ_CP136968.1	68724	6
NZ_CP136968.1	68725	6
NZ_CP136968.1	68726	6
NZ_CP136968.1	68727	6
NZ_CP136968.1	68728	6
NZ_CP136968.1	68729	6
NZ_CP136968.1	68730	7
NZ_CP136968.1	68731	7
NZ_CP136968.1	68732	7
NZ_CP136968.1	68733	7
NZ_CP136968.1	68734	12
NZ_CP136968.1	68735	13
NZ_CP136968.1	68736	13
NZ_CP136968.1	68737	13
NZ_CP136968.1	68738	14
NZ_CP136968.1	68739	14
NZ_CP136968.1	68740	15
NZ_CP136968.1	68741	15
NZ_CP136968.1	68742	15
NZ_CP136968.1	68743	15
NZ_CP136968.1	68744	15
NZ_CP136968.1	68745	16
NZ_CP136968.1	68746	16
NZ_CP136968.1	68747	16
NZ_CP136968.1	68748	16
NZ_CP136968.1	68749	16
NZ_CP136968.1	68750	16
NZ_CP136968.1	68751	18
NZ_CP136968.1	68752	18
NZ_CP136968.1	68753	19
NZ_CP136968.1	68754	19
NZ_CP136968.1	68755	19
NZ_CP136968.1	68756	19
NZ_CP136968.1	68757	19
NZ_CP136968.1	68758	21
NZ_CP136968.1	68759	24
NZ_CP136968.1	68760	24
NZ_CP136968.1	68761	24
NZ_CP136968.1	68762	25
NZ_CP136968.1	68763	25
NZ_CP136968.1	68764	25
NZ_CP136968.1	68765	26
NZ_CP136968.1	68766	27
NZ_CP136968.1	68767	27
NZ_CP136968.1	68768	27
NZ_CP136968.1	68769	27
NZ_CP136968.1	68770	27
NZ_CP136968.1	68771	27
NZ_CP136968.1	68772	29
NZ_CP136968.1	68773	29
NZ_CP136968.1	68774	31
NZ_CP136968.1	68775	33
NZ_CP136968.1	68776	33
NZ_CP136968.1	68777	33
NZ_CP136968.1	68778	33
NZ_CP136968.1	68779	33
NZ_CP136968.1	68780	33
NZ_CP136968.1	68781	33
NZ_CP136968.1	68782	37
NZ_CP136968.1	68783	37
NZ_CP136968.1	68784	39
NZ_CP136968.1	68785	43
NZ_CP136968.1	68786	44
NZ_CP136968.1	68787	45
NZ_CP136968.1	68788	48
NZ_CP136968.1	68789	50
NZ_CP136968.1	68790	50
NZ_CP136968.1	68791	50
NZ_CP136968.1	68792	50
NZ_CP136968.1	68793	52
NZ_CP136968.1	68794	53
NZ_CP136968.1	68795	53
NZ_CP136968.1	68796	53
NZ_CP136968.1	68797	56
NZ_CP136968.1	68798	56
NZ_CP136968.1	68799	56
NZ_CP136968.1	68800	56
NZ_CP136968.1	68801	58
NZ_CP136968.1	68802	58
NZ_CP136968.1	68803	58
NZ_CP136968.1	68804	57
NZ_CP136968.1	68805	57
NZ_CP136968.1	68806	57
NZ_CP136968.1	68807	58
NZ_CP136968.1	68808	60
NZ_CP136968.1	68809	60
NZ_CP136968.1	68810	61
NZ_CP136968.1	68811	63
NZ_CP136968.1	68812	63
NZ_CP136968.1	68813	63
NZ_CP136968.1	68814	64
NZ_CP136968.1	68815	64
NZ_CP136968.1	68816	64
NZ_CP136968.1	68817	64
NZ_CP136968.1	68818	64
NZ_CP136968.1	68819	64
NZ_CP136968.1	68820	64
NZ_CP136968.1	68821	64
NZ_CP136968.1	68822	64
NZ_CP136968.1	68823	64
NZ_CP136968.1	68824	64
NZ_CP136968.1	68825	64
NZ_CP136968.1	68826	64
NZ_CP136968.1	68827	64
NZ_CP136968.1	68828	64
NZ_CP136968.1	68829	64
NZ_CP136968.1	68830	64
NZ_CP136968.1	68831	64
NZ_CP136968.1	68832	64
NZ_CP136968.1	68833	64
NZ_CP136968.1	68834	64
NZ_CP136968.1	68835	64
NZ_CP136968.1	68836	64
NZ_CP136968.1	68837	64
NZ_CP136968.1	68838	64
NZ_CP136968.1	68839	65
NZ_CP136968.1	68840	65
NZ_CP136968.1	68841	65
NZ_CP136968.1	68842	65
NZ_CP136968.1	68843	65
NZ_CP136968.1	68844	65
NZ_CP136968.1	68845	65
NZ_CP136968.1	68846	65
NZ_CP136968.1	68847	65
NZ_CP136968.1	68848	65
NZ_CP136968.1	68849	65
NZ_CP136968.1	68850	65
NZ_CP136968.1	68851	65
NZ_CP136968.1	68852	65
NZ_CP136968.1	68853	65
NZ_CP136968.1	68854	65
NZ_CP136968.1	68855	64
NZ_CP136968.1	68856	64
NZ_CP136968.1	68857	64
NZ_CP136968.1	68858	64
NZ_CP136968.1	68859	64
NZ_CP136968.1	68860	63
NZ_CP136968.1	68861	63
NZ_CP136968.1	68862	63
NZ_CP136968.1	68863	63
NZ_CP136968.1	68864	63
NZ_CP136968.1	68865	63
NZ_CP136968.1	68866	63
NZ_CP136968.1	68867	63
NZ_CP136968.1	68868	63
NZ_CP136968.1	68869	63
NZ_CP136968.1	68870	63
NZ_CP136968.1	68871	63
NZ_CP136968.1	68872	63
NZ_CP136968.1	68873	63
NZ_CP136968.1	68874	63
NZ_CP136968.1	68875	63
NZ_CP136968.1	68876	63
NZ_CP136968.1	68877	63
NZ_CP136968.1	68878	63
NZ_CP136968.1	68879	63
NZ_CP136968.1	68880	62
NZ_CP136968.1	68881	62
NZ_CP136968.1	68882	62
NZ_CP136968.1	68883	62
NZ_CP136968.1	68884	57
NZ_CP136968.1	68885	56
NZ_CP136968.1	68886	56
NZ_CP136968.1	68887	55
NZ_CP136968.1	68888	55
NZ_CP136968.1	68889	55
NZ_CP136968.1	68890	54
NZ_CP136968.1	68891	54
NZ_CP136968.1	68892	54
NZ_CP136968.1	68893	54
NZ_CP136968.1	68894	54
NZ_CP136968.1	68895	53
NZ_CP136968.1	68896	53
NZ_CP136968.1	68897	53
NZ_CP136968.1	68898	53
NZ_CP136968.1	68899	53
NZ_CP136968.1	68900	53
NZ_CP136968.1	68901	51
NZ_CP136968.1	68902	51
NZ_CP136968.1	68903	50
NZ_CP136968.1	68904	50
NZ_CP136968.1	68905	50
NZ_CP136968.1	68906	50
NZ_CP136968.1	68907	50
NZ_CP136968.1	68908	48
NZ_CP136968.1	68909	45
NZ_CP136968.1	68910	45
NZ_CP136968.1	68911	45
NZ_CP136968.1	68912	44
NZ_CP136968.1	68913	44
NZ_CP136968.1	68914	44
NZ_CP136968.1	68915	43
NZ_CP136968.1	68916	42
NZ_CP136968.1	68917	42
NZ_CP136968.1	68918	42
NZ_CP136968.1	68919	42
NZ_CP136968.1	68920	42
NZ_CP136968.1	68921	42
NZ_CP136968.1	68922	40
NZ_CP136968.1	68923	40
NZ_CP136968.1	68924	38
NZ_CP136968.1	68925	36
NZ_CP136968.1	68926	36
NZ_CP136968.1	68927	36
NZ_CP136968.1	68928	36
NZ_CP136968.1	68929	36
NZ_CP136968.1	68930	36
NZ_CP136968.1	68931	36
NZ_CP136968.1	68932	32
NZ_CP136968.1	68933	32
NZ_CP136968.1	68934	30
NZ_CP136968.1	68935	26
NZ_CP136968.1	68936	24
NZ_CP136968.1	68937	23
NZ_CP136968.1	68938	20
NZ_CP136968.1	68939	18
NZ_CP136968.1	68940	18
NZ_CP136968.1	68941	18
NZ_CP136968.1	68942	17
NZ_CP136968.1	68943	15
NZ_CP136968.1	68944	15
NZ_CP136968.1	68945	15
NZ_CP136968.1	68946	13
NZ_CP136968.1	68947	12
NZ_CP136968.1	68948	12
NZ_CP136968.1	68949	11
NZ_CP136968.1	68950	11
NZ_CP136968.1	68951	9
NZ_CP136968.1	68952	9
NZ_CP136968.1	68953	9
NZ_CP136968.1	68954	9
NZ_CP136968.1	68955	9
NZ_CP136968.1	68956	9
NZ_CP136968.1	68957	8
NZ_CP136968.1	68958	6
NZ_CP136968.1	68959	5
NZ_CP136968.1	68960	3
NZ_CP136968.1	68961	3
NZ_CP136968.1	68962	3
NZ_CP136968.1	68963	3
NZ_CP136968.1	68964	2
NZ_CP136968.1	68965	2
NZ_CP136968.1	68966	2
NZ_CP136968.1	68967	2
NZ_CP136968.1	68968	2
NZ_CP136968.1	68969	2
NZ_CP136968.1	68970	2
NZ_CP136968.1	68971	2
NZ_CP136968.1	68972	1
NZ_CP136968.1	68973	2
NZ_CP136968.1	68974	2
NZ_CP136968.1	68975	2
NZ_CP136968.1	68976	2
NZ_CP136968.1	68977	2
NZ_CP136968.1	68978	2
NZ_CP136968.1	68979	2
NZ_CP136968.1	68980	2
NZ_CP136968.1	68981	2
NZ_CP136968.1	68982	2
NZ_CP136968.1	68983	2
NZ_CP136968.1	68984	2
NZ_CP136968.1	68985	2
NZ_CP136968.1	68986	2
NZ_CP136968.1	68987	2
NZ_CP136968.1	68988	1
NZ_CP136968.1	68989	1
NZ_CP136968.1	68990	1
NZ_CP136968.1	68991	1
NZ_CP136968.1	68992	1
NZ_CP136968.1	68993	1
NZ_CP136968.1	68994	2
NZ_CP136968.1	68995	2
NZ_CP136968.1	68996	2
NZ_CP136968.1	68997	2
NZ_CP136968.1	68998	2
NZ_CP136968.1	68999	2
NZ_CP136968.1	69000	1
NZ_CP136968.1	69001	1
NZ_CP136968.1	69002	1
NZ_CP136968.1	69003	1
NZ_CP136968.1	69004	1
NZ_CP136968.1	69005	1
NZ_CP136968.1	69006	1
NZ_CP136968.1	69007	1
NZ_CP136968.1	69008	1
NZ_CP136968.1	69009	1
NZ_CP136968.1	69010	1
NZ_CP136968.1	69011	1
NZ_CP136968.1	69012	1
NZ_CP136968.1	69013	1
NZ_CP136968.1	69014	1
NZ_CP136968.1	69015	1
NZ_CP136968.1	69016	1
NZ_CP136968.1	69017	1
NZ_CP136968.1	69018	1
NZ_CP136968.1	69019	1
NZ_CP136968.1	69020	1
NZ_CP136968.1	69021	1
NZ_CP136968.1	69022	1
NZ_CP136968.1	69023	1
NZ_CP136968.1	69024	1
NZ_CP136968.1	69025	1
NZ_CP136968.1	69026	1
NZ_CP136968.1	69027	1
NZ_CP136968.1	69028	1
NZ_CP136968.1	69029	1
NZ_CP136968.1	69030	1
NZ_CP136968.1	69031	1
NZ_CP136968.1	69032	1
NZ_CP136968.1	69033	1
NZ_CP136968.1	69034	1
NZ_CP136968.1	69035	1
NZ_CP136968.1	69036	1
NZ_CP136968.1	69037	1
NZ_CP136968.1	69038	1
NZ_CP136968.1	69039	1
NZ_CP136968.1	69040	1
NZ_CP136968.1	69041	1
NZ_CP136968.1	69042	1
NZ_CP136968.1	69043	1
NZ_CP136968.1	69044	1
NZ_CP136968.1	69045	1
NZ_CP136968.1	69046	1
NZ_CP136968.1	69047	1
NZ_CP136968.1	69048	1
NZ_CP136968.1	69049	1
NZ_CP136968.1	69050	1
NZ_CP136968.1	69051	1
NZ_CP136968.1	69052	1
NZ_CP136968.1	69053	1
NZ_CP136968.1	69054	1
NZ_CP136968.1	69055	1
NZ_CP136968.1	69056	1
NZ_CP136968.1	69057	1
NZ_CP136968.1	69058	1
NZ_CP136968.1	69059	1
NZ_CP136968.1	69060	1
NZ_CP136968.1	69061	1
NZ_CP136968.1	69062	1
NZ_CP136968.1	69063	1
NZ_CP136968.1	69064	1
NZ_CP136968.1	69065	1
NZ_CP136968.1	69066	1
NZ_CP136968.1	69067	1
NZ_CP136968.1	69068	1
NZ_CP136968.1	69069	1
NZ_CP136968.1	69070	1
NZ_CP136968.1	69071	1
NZ_CP136968.1	69072	1
NZ_CP136968.1	69073	1
NZ_CP136968.1	69074	1
NZ_CP136968.1	69075	3
NZ_CP136968.1	69076	3
NZ_CP136968.1	69077	3
NZ_CP136968.1	69078	3
NZ_CP136968.1	69079	3
NZ_CP136968.1	69080	3
NZ_CP136968.1	69081	3
NZ_CP136968.1	69082	3
NZ_CP136968.1	69083	3
NZ_CP136968.1	69084	3
NZ_CP136968.1	69085	3
NZ_CP136968.1	69086	3
NZ_CP136968.1	69087	3
NZ_CP136968.1	69088	3
NZ_CP136968.1	69089	3
NZ_CP136968.1	69090	3
NZ_CP136968.1	69091	3
NZ_CP136968.1	69092	3
NZ_CP136968.1	69093	3
NZ_CP136968.1	69094	3
NZ_CP136968.1	69095	3
NZ_CP136968.1	69096	3
NZ_CP136968.1	69097	3
NZ_CP136968.1	69098	5
NZ_CP136968.1	69099	5
NZ_CP136968.1	69100	5
NZ_CP136968.1	69101	5
NZ_CP136968.1	69102	5
NZ_CP136968.1	69103	5
NZ_CP136968.1	69104	5
NZ_CP136968.1	69105	5
NZ_CP136968.1	69106	5
NZ_CP136968.1	69107	5
NZ_CP136968.1	69108	5
NZ_CP136968.1	69109	5
NZ_CP136968.1	69110	5
NZ_CP136968.1	69111	5
NZ_CP136968.1	69112	5
NZ_CP136968.1	69113	5
NZ_CP136968.1	69114	5
NZ_CP136968.1	69115	5
NZ_CP136968.1	69116	5
NZ_CP136968.1	69117	5
NZ_CP136968.1	69118	5
NZ_CP136968.1	69119	5
NZ_CP136968.1	69120	5
NZ_CP136968.1	69121	6
NZ_CP136968.1	69122	6
NZ_CP136968.1	69123	6
NZ_CP136968.1	69124	6
NZ_CP136968.1	69125	6
NZ_CP136968.1	69126	6
NZ_CP136968.1	69127	6
NZ_CP136968.1	69128	6
NZ_CP136968.1	69129	6
NZ_CP136968.1	69130	6
NZ_CP136968.1	69131	6
NZ_CP136968.1	69132	6
NZ_CP136968.1	69133	6
NZ_CP136968.1	69134	6
NZ_CP136968.1	69135	6
NZ_CP136968.1	69136	6
NZ_CP136968.1	69137	6
NZ_CP136968.1	69138	6
NZ_CP136968.1	69139	6
NZ_CP136968.1	69140	6
NZ_CP136968.1	69141	6
NZ_CP136968.1	69142	6
NZ_CP136968.1	69143	6
NZ_CP136968.1	69144	5
NZ_CP136968.1	69145	5
NZ_CP136968.1	69146	5
NZ_CP136968.1	69147	5
NZ_CP136968.1	69148	5
NZ_CP136968.1	69149	5
NZ_CP136968.1	69150	5
NZ_CP136968.1	69151	5
NZ_CP136968.1	69152	5
NZ_CP136968.1	69153	5
NZ_CP136968.1	69154	5
NZ_CP136968.1	69155	5
NZ_CP136968.1	69156	5
NZ_CP136968.1	69157	5
NZ_CP136968.1	69158	5
NZ_CP136968.1	69159	5
NZ_CP136968.1	69160	5
NZ_CP136968.1	69161	5
NZ_CP136968.1	69162	5
NZ_CP136968.1	69163	5
NZ_CP136968.1	69164	5
NZ_CP136968.1	69165	5
NZ_CP136968.1	69166	5
NZ_CP136968.1	69167	5
NZ_CP136968.1	69168	5
NZ_CP136968.1	69169	5
NZ_CP136968.1	69170	5
NZ_CP136968.1	69171	5
NZ_CP136968.1	69172	5
NZ_CP136968.1	69173	5
NZ_CP136968.1	69174	5
NZ_CP136968.1	69175	5
NZ_CP136968.1	69176	5
NZ_CP136968.1	69177	5
NZ_CP136968.1	69178	5
NZ_CP136968.1	69179	5
NZ_CP136968.1	69180	5
NZ_CP136968.1	69181	5
NZ_CP136968.1	69182	5
NZ_CP136968.1	69183	5
NZ_CP136968.1	69184	5
NZ_CP136968.1	69185	5
NZ_CP136968.1	69186	5
NZ_CP136968.1	69187	5
NZ_CP136968.1	69188	5
NZ_CP136968.1	69189	5
NZ_CP136968.1	69190	5
NZ_CP136968.1	69191	5
NZ_CP136968.1	69192	5
NZ_CP136968.1	69193	5
NZ_CP136968.1	69194	5
NZ_CP136968.1	69195	5
NZ_CP136968.1	69196	5
NZ_CP136968.1	69197	5
NZ_CP136968.1	69198	5
NZ_CP136968.1	69199	5
NZ_CP136968.1	69200	5
NZ_CP136968.1	69201	5
NZ_CP136968.1	69202	5
NZ_CP136968.1	69203	5
NZ_CP136968.1	69204	5
NZ_CP136968.1	69205	5
NZ_CP136968.1	69206	5
NZ_CP136968.1	69207	5
NZ_CP136968.1	69208	5
NZ_CP136968.1	69209	5
NZ_CP136968.1	69210	5
NZ_CP136968.1	69211	5
NZ_CP136968.1	69212	5
NZ_CP136968.1	69213	5
NZ_CP136968.1	69214	5
NZ_CP136968.1	69215	5
NZ_CP136968.1	69216	5
NZ_CP136968.1	69217	5
NZ_CP136968.1	69218	5
NZ_CP136968.1	69219	5
NZ_CP136968.1	69220	5
NZ_CP136968.1	69221	5
NZ_CP136968.1	69222	5
NZ_CP136968.1	69223	5
NZ_CP136968.1	69224	5
NZ_CP136968.1	69225	3
NZ_CP136968.1	69226	3
NZ_CP136968.1	69227	3
NZ_CP136968.1	69228	3
NZ_CP136968.1	69229	3
NZ_CP136968.1	69230	3
NZ_CP136968.1	69231	3
NZ_CP136968.1	69232	3
NZ_CP136968.1	69233	3
NZ_CP136968.1	69234	3
NZ_CP136968.1	69235	3
NZ_CP136968.1	69236	3
NZ_CP136968.1	69237	3
NZ_CP136968.1	69238	3
NZ_CP136968.1	69239	2
NZ_CP136968.1	69240	3
NZ_CP136968.1	69241	3
NZ_CP136968.1	69242	3
NZ_CP136968.1	69243	3
NZ_CP136968.1	69244	3
NZ_CP136968.1	69245	3
NZ_CP136968.1	69246	3
NZ_CP136968.1	69247	3
NZ_CP136968.1	69248	2
NZ_CP136968.1	69249	1
NZ_CP136968.1	69250	1
NZ_CP136968.1	69251	1
NZ_CP136968.1	69252	1
NZ_CP136968.1	69253	1
NZ_CP136968.1	69254	1
NZ_CP136968.1	69255	1
NZ_CP136968.1	69256	1
NZ_CP136968.1	69257	1
NZ_CP136968.1	69258	1
NZ_CP136968.1	69259	1
NZ_CP136968.1	69260	1
NZ_CP136968.1	69261	1
NZ_CP136968.1	69262	1
NZ_CP136968.1	69263	1
NZ_CP136968.1	69264	1
NZ_CP136968.1	69265	1
NZ_CP136968.1	69266	1
NZ_CP136968.1	69267	1
NZ_CP136968.1	69268	1
NZ_CP136968.1	69269	1
NZ_CP136968.1	69270	1
NZ_CP136968.1	69532	1
NZ_CP136968.1	69533	1
NZ_CP136968.1	69534	1
NZ_CP136968.1	69535	1
NZ_CP136968.1	69536	1
NZ_CP136968.1	69537	1
NZ_CP136968.1	69538	1
NZ_CP136968.1	69539	1
NZ_CP136968.1	69540	1
NZ_CP136968.1	69541	2
NZ_CP136968.1	69542	2
NZ_CP136968.1	69543	2
NZ_CP136968.1	69544	2
NZ_CP136968.1	69545	2
NZ_CP136968.1	69546	3
NZ_CP136968.1	69547	4
NZ_CP136968.1	69548	5
NZ_CP136968.1	69549	6
NZ_CP136968.1	69550	6
NZ_CP136968.1	69551	8
NZ_CP136968.1	69552	9
NZ_CP136968.1	69553	9
NZ_CP136968.1	69554	9
NZ_CP136968.1	69555	10
NZ_CP136968.1	69556	11
NZ_CP136968.1	69557	11
NZ_CP136968.1	69558	11
NZ_CP136968.1	69559	11
NZ_CP136968.1	69560	12
NZ_CP136968.1	69561	12
NZ_CP136968.1	69562	13
NZ_CP136968.1	69563	13
NZ_CP136968.1	69564	13
NZ_CP136968.1	69565	13
NZ_CP136968.1	69566	13
NZ_CP136968.1	69567	13
NZ_CP136968.1	69568	13
NZ_CP136968.1	69569	13
NZ_CP136968.1	69570	13
NZ_CP136968.1	69571	13
NZ_CP136968.1	69572	13
NZ_CP136968.1	69573	13
NZ_CP136968.1	69574	13
NZ_CP136968.1	69575	13
NZ_CP136968.1	69576	14
NZ_CP136968.1	69577	14
NZ_CP136968.1	69578	14
NZ_CP136968.1	69579	14
NZ_CP136968.1	69580	14
NZ_CP136968.1	69581	14
NZ_CP136968.1	69582	15
NZ_CP136968.1	69583	16
NZ_CP136968.1	69584	16
NZ_CP136968.1	69585	16
NZ_CP136968.1	69586	16
NZ_CP136968.1	69587	16
NZ_CP136968.1	69588	17
NZ_CP136968.1	69589	17
NZ_CP136968.1	69590	22
NZ_CP136968.1	69591	23
NZ_CP136968.1	69592	24
NZ_CP136968.1	69593	24
NZ_CP136968.1	69594	24
NZ_CP136968.1	69595	25
NZ_CP136968.1	69596	25
NZ_CP136968.1	69597	26
NZ_CP136968.1	69598	26
NZ_CP136968.1	69599	27
NZ_CP136968.1	69600	28
NZ_CP136968.1	69601	28
NZ_CP136968.1	69602	30
NZ_CP136968.1	69603	37
NZ_CP136968.1	69604	37
NZ_CP136968.1	69605	37
NZ_CP136968.1	69606	37
NZ_CP136968.1	69607	37
NZ_CP136968.1	69608	39
NZ_CP136968.1	69609	40
NZ_CP136968.1	69610	41
NZ_CP136968.1	69611	46
NZ_CP136968.1	69612	47
NZ_CP136968.1	69613	52
NZ_CP136968.1	69614	53
NZ_CP136968.1	69615	53
NZ_CP136968.1	69616	54
NZ_CP136968.1	69617	59
NZ_CP136968.1	69618	60
NZ_CP136968.1	69619	62
NZ_CP136968.1	69620	62
NZ_CP136968.1	69621	63
NZ_CP136968.1	69622	64
NZ_CP136968.1	69623	64
NZ_CP136968.1	69624	65
NZ_CP136968.1	69625	65
NZ_CP136968.1	69626	66
NZ_CP136968.1	69627	69
NZ_CP136968.1	69628	70
NZ_CP136968.1	69629	72
NZ_CP136968.1	69630	74
NZ_CP136968.1	69631	76
NZ_CP136968.1	69632	76
NZ_CP136968.1	69633	81
NZ_CP136968.1	69634	82
NZ_CP136968.1	69635	88
NZ_CP136968.1	69636	90
NZ_CP136968.1	69637	91
NZ_CP136968.1	69638	94
NZ_CP136968.1	69639	95
NZ_CP136968.1	69640	95
NZ_CP136968.1	69641	97
NZ_CP136968.1	69642	97
NZ_CP136968.1	69643	97
NZ_CP136968.1	69644	99
NZ_CP136968.1	69645	99
NZ_CP136968.1	69646	102
NZ_CP136968.1	69647	104
NZ_CP136968.1	69648	104
NZ_CP136968.1	69649	104
NZ_CP136968.1	69650	105
NZ_CP136968.1	69651	106
NZ_CP136968.1	69652	108
NZ_CP136968.1	69653	111
NZ_CP136968.1	69654	111
NZ_CP136968.1	69655	111
NZ_CP136968.1	69656	108
NZ_CP136968.1	69657	108
NZ_CP136968.1	69658	108
NZ_CP136968.1	69659	108
NZ_CP136968.1	69660	22
NZ_CP136968.1	69661	88
NZ_CP136968.1	69662	19
NZ_CP136968.1	69663	5
NZ_CP136968.1	69664	9
NZ_CP136968.1	69665	100
NZ_CP136968.1	69666	116
NZ_CP136968.1	69667	119
NZ_CP136968.1	69668	122
NZ_CP136968.1	69669	122
NZ_CP136968.1	69670	120
NZ_CP136968.1	69671	123
NZ_CP136968.1	69672	123
NZ_CP136968.1	69673	124
NZ_CP136968.1	69674	125
NZ_CP136968.1	69675	128
NZ_CP136968.1	69676	128
NZ_CP136968.1	69677	128
NZ_CP136968.1	69678	128
NZ_CP136968.1	69679	129
NZ_CP136968.1	69680	129
NZ_CP136968.1	69681	130
NZ_CP136968.1	69682	131
NZ_CP136968.1	69683	131
NZ_CP136968.1	69684	131
NZ_CP136968.1	69685	132
NZ_CP136968.1	69686	131
NZ_CP136968.1	69687	137
NZ_CP136968.1	69688	137
NZ_CP136968.1	69689	138
NZ_CP136968.1	69690	140
NZ_CP136968.1	69691	141
NZ_CP136968.1	69692	142
NZ_CP136968.1	69693	143
NZ_CP136968.1	69694	144
NZ_CP136968.1	69695	143
NZ_CP136968.1	69696	146
NZ_CP136968.1	69697	147
NZ_CP136968.1	69698	148
NZ_CP136968.1	69699	149
NZ_CP136968.1	69700	148
NZ_CP136968.1	69701	147
NZ_CP136968.1	69702	147
NZ_CP136968.1	69703	146
NZ_CP136968.1	69704	146
NZ_CP136968.1	69705	146
NZ_CP136968.1	69706	146
NZ_CP136968.1	69707	146
NZ_CP136968.1	69708	146
NZ_CP136968.1	69709	145
NZ_CP136968.1	69710	145
NZ_CP136968.1	69711	146
NZ_CP136968.1	69712	148
NZ_CP136968.1	69713	148
NZ_CP136968.1	69714	147
NZ_CP136968.1	69715	149
NZ_CP136968.1	69716	148
NZ_CP136968.1	69717	149
NZ_CP136968.1	69718	152
NZ_CP136968.1	69719	156
NZ_CP136968.1	69720	157
NZ_CP136968.1	69721	157
NZ_CP136968.1	69722	157
NZ_CP136968.1	69723	158
NZ_CP136968.1	69724	158
NZ_CP136968.1	69725	159
NZ_CP136968.1	69726	160
NZ_CP136968.1	69727	162
NZ_CP136968.1	69728	164
NZ_CP136968.1	69729	167
NZ_CP136968.1	69730	166
NZ_CP136968.1	69731	167
NZ_CP136968.1	69732	167
NZ_CP136968.1	69733	167
NZ_CP136968.1	69734	167
NZ_CP136968.1	69735	167
NZ_CP136968.1	69736	167
NZ_CP136968.1	69737	168
NZ_CP136968.1	69738	168
NZ_CP136968.1	69739	168
NZ_CP136968.1	69740	169
NZ_CP136968.1	69741	170
NZ_CP136968.1	69742	174
NZ_CP136968.1	69743	175
NZ_CP136968.1	69744	170
NZ_CP136968.1	69745	169
NZ_CP136968.1	69746	168
NZ_CP136968.1	69747	169
NZ_CP136968.1	69748	169
NZ_CP136968.1	69749	170
NZ_CP136968.1	69750	170
NZ_CP136968.1	69751	169
NZ_CP136968.1	69752	169
NZ_CP136968.1	69753	168
NZ_CP136968.1	69754	168
NZ_CP136968.1	69755	168
NZ_CP136968.1	69756	166
NZ_CP136968.1	69757	160
NZ_CP136968.1	69758	160
NZ_CP136968.1	69759	160
NZ_CP136968.1	69760	160
NZ_CP136968.1	69761	159
NZ_CP136968.1	69762	158
NZ_CP136968.1	69763	155
NZ_CP136968.1	69764	155
NZ_CP136968.1	69765	151
NZ_CP136968.1	69766	149
NZ_CP136968.1	69767	145
NZ_CP136968.1	69768	144
NZ_CP136968.1	69769	144
NZ_CP136968.1	69770	143
NZ_CP136968.1	69771	137
NZ_CP136968.1	69772	136
NZ_CP136968.1	69773	134
NZ_CP136968.1	69774	136
NZ_CP136968.1	69775	136
NZ_CP136968.1	69776	135
NZ_CP136968.1	69777	135
NZ_CP136968.1	69778	134
NZ_CP136968.1	69779	135
NZ_CP136968.1	69780	134
NZ_CP136968.1	69781	131
NZ_CP136968.1	69782	130
NZ_CP136968.1	69783	128
NZ_CP136968.1	69784	127
NZ_CP136968.1	69785	121
NZ_CP136968.1	69786	121
NZ_CP136968.1	69787	121
NZ_CP136968.1	69788	120
NZ_CP136968.1	69789	114
NZ_CP136968.1	69790	112
NZ_CP136968.1	69791	111
NZ_CP136968.1	69792	108
NZ_CP136968.1	69793	107
NZ_CP136968.1	69794	107
NZ_CP136968.1	69795	105
NZ_CP136968.1	69796	105
NZ_CP136968.1	69797	105
NZ_CP136968.1	69798	104
NZ_CP136968.1	69799	104
NZ_CP136968.1	69800	100
NZ_CP136968.1	69801	98
NZ_CP136968.1	69802	98
NZ_CP136968.1	69803	98
NZ_CP136968.1	69804	97
NZ_CP136968.1	69805	96
NZ_CP136968.1	69806	94
NZ_CP136968.1	69807	91
NZ_CP136968.1	69808	87
NZ_CP136968.1	69809	87
NZ_CP136968.1	69810	87
NZ_CP136968.1	69811	87
NZ_CP136968.1	69812	87
NZ_CP136968.1	69813	86
NZ_CP136968.1	69814	85
NZ_CP136968.1	69815	85
NZ_CP136968.1	69816	83
NZ_CP136968.1	69817	80
NZ_CP136968.1	69818	80
NZ_CP136968.1	69819	80
NZ_CP136968.1	69820	79
NZ_CP136968.1	69821	79
NZ_CP136968.1	69822	79
NZ_CP136968.1	69823	78
NZ_CP136968.1	69824	77
NZ_CP136968.1	69825	74
NZ_CP136968.1	69826	74
NZ_CP136968.1	69827	74
NZ_CP136968.1	69828	74
NZ_CP136968.1	69829	73
NZ_CP136968.1	69830	73
NZ_CP136968.1	69831	72
NZ_CP136968.1	69832	71
NZ_CP136968.1	69833	71
NZ_CP136968.1	69834	71
NZ_CP136968.1	69835	70
NZ_CP136968.1	69836	70
NZ_CP136968.1	69837	64
NZ_CP136968.1	69838	64
NZ_CP136968.1	69839	63
NZ_CP136968.1	69840	61
NZ_CP136968.1	69841	60
NZ_CP136968.1	69842	59
NZ_CP136968.1	69843	59
NZ_CP136968.1	69844	56
NZ_CP136968.1	69845	56
NZ_CP136968.1	69846	54
NZ_CP136968.1	69847	53
NZ_CP136968.1	69848	52
NZ_CP136968.1	69849	51
NZ_CP136968.1	69850	51
NZ_CP136968.1	69851	51
NZ_CP136968.1	69852	50
NZ_CP136968.1	69853	50
NZ_CP136968.1	69854	50
NZ_CP136968.1	69855	48
NZ_CP136968.1	69856	47
NZ_CP136968.1	69857	47
NZ_CP136968.1	69858	47
NZ_CP136968.1	69859	47
NZ_CP136968.1	69860	46
NZ_CP136968.1	69861	45
NZ_CP136968.1	69862	43
NZ_CP136968.1	69863	43
NZ_CP136968.1	69864	43
NZ_CP136968.1	69865	41
NZ_CP136968.1	69866	41
NZ_CP136968.1	69867	40
NZ_CP136968.1	69868	37
NZ_CP136968.1	69869	33
NZ_CP136968.1	69870	32
NZ_CP136968.1	69871	32
NZ_CP136968.1	69872	32
NZ_CP136968.1	69873	31
NZ_CP136968.1	69874	31
NZ_CP136968.1	69875	30
NZ_CP136968.1	69876	29
NZ_CP136968.1	69877	27
NZ_CP136968.1	69878	25
NZ_CP136968.1	69879	22
NZ_CP136968.1	69880	22
NZ_CP136968.1	69881	21
NZ_CP136968.1	69882	21
NZ_CP136968.1	69883	21
NZ_CP136968.1	69884	21
NZ_CP136968.1	69885	21
NZ_CP136968.1	69886	20
NZ_CP136968.1	69887	18
NZ_CP136968.1	69888	18
NZ_CP136968.1	69889	18
NZ_CP136968.1	69890	17
NZ_CP136968.1	69891	16
NZ_CP136968.1	69892	12
NZ_CP136968.1	69893	11
NZ_CP136968.1	69894	11
NZ_CP136968.1	69895	11
NZ_CP136968.1	69896	11
NZ_CP136968.1	69897	10
NZ_CP136968.1	69898	10
NZ_CP136968.1	69899	8
NZ_CP136968.1	69900	8
NZ_CP136968.1	69901	8
NZ_CP136968.1	69902	8
NZ_CP136968.1	69903	8
NZ_CP136968.1	69904	8
NZ_CP136968.1	69905	8
NZ_CP136968.1	69906	8
NZ_CP136968.1	69907	8
NZ_CP136968.1	69908	8
NZ_CP136968.1	69909	8
NZ_CP136968.1	69910	8
NZ_CP136968.1	69911	8
NZ_CP136968.1	69912	8
NZ_CP136968.1	69913	8
NZ_CP136968.1	69914	8
NZ_CP136968.1	69915	8
NZ_CP136968.1	69916	8
NZ_CP136968.1	69917	7
NZ_CP136968.1	69918	7
NZ_CP136968.1	69919	7
NZ_CP136968.1	69920	7
NZ_CP136968.1	69921	7
NZ_CP136968.1	69922	7
NZ_CP136968.1	69923	7
NZ_CP136968.1	69924	5
NZ_CP136968.1	69925	4
NZ_CP136968.1	69926	4
NZ_CP136968.1	69927	4
NZ_CP136968.1	69928	4
NZ_CP136968.1	69929	3
NZ_CP136968.1	69930	2
NZ_CP136968.1	69931	1
NZ_CP136968.1	69932	1
NZ_CP136968.1	69933	1
NZ_CP136968.1	69934	1
NZ_CP136968.1	69935	1
NZ_CP136968.1	69936	1
NZ_CP136968.1	69937	1
NZ_CP136968.1	69938	1
NZ_CP136968.1	69939	1
NZ_CP136968.1	69940	1
NZ_CP136968.1	69941	1
NZ_CP136968.1	69942	1
NZ_CP136968.1	69943	1
NZ_CP136968.1	69944	1
NZ_CP136968.1	69945	1
NZ_CP136968.1	69946	1
NZ_CP136968.1	69947	2
NZ_CP136968.1	69948	2
NZ_CP136968.1	69949	2
NZ_CP136968.1	69950	2
NZ_CP136968.1	69951	2
NZ_CP136968.1	69952	2
NZ_CP136968.1	69953	2
NZ_CP136968.1	69954	2
NZ_CP136968.1	69955	2
NZ_CP136968.1	69956	2
NZ_CP136968.1	69957	2
NZ_CP136968.1	69958	2
NZ_CP136968.1	69959	2
NZ_CP136968.1	69960	2
NZ_CP136968.1	69961	2
NZ_CP136968.1	69962	2
NZ_CP136968.1	69963	2
NZ_CP136968.1	69964	2
NZ_CP136968.1	69965	2
NZ_CP136968.1	69966	2
NZ_CP136968.1	69967	2
NZ_CP136968.1	69968	2
NZ_CP136968.1	69969	2
NZ_CP136968.1	69970	2
NZ_CP136968.1	69971	2
NZ_CP136968.1	69972	2
NZ_CP136968.1	69973	2
NZ_CP136968.1	69974	2
NZ_CP136968.1	69975	2
NZ_CP136968.1	69976	2
NZ_CP136968.1	69977	2
NZ_CP136968.1	69978	2
NZ_CP136968.1	69979	2
NZ_CP136968.1	69980	2
NZ_CP136968.1	69981	2
NZ_CP136968.1	69982	2
NZ_CP136968.1	69983	2
NZ_CP136968.1	69984	2
NZ_CP136968.1	69985	2
NZ_CP136968.1	69986	2
NZ_CP136968.1	69987	2
NZ_CP136968.1	69988	2
NZ_CP136968.1	69989	2
NZ_CP136968.1	69990	2
NZ_CP136968.1	69991	2
NZ_CP136968.1	69992	2
NZ_CP136968.1	69993	2
NZ_CP136968.1	69994	2
NZ_CP136968.1	69995	2
NZ_CP136968.1	69996	2
NZ_CP136968.1	69997	2
NZ_CP136968.1	69998	2
NZ_CP136968.1	69999	2
NZ_CP136968.1	70000	2
NZ_CP136968.1	70001	2
NZ_CP136968.1	70002	2
NZ_CP136968.1	70003	2
NZ_CP136968.1	70004	2
NZ_CP136968.1	70005	2
NZ_CP136968.1	70006	2
NZ_CP136968.1	70007	2
NZ_CP136968.1	70008	2
NZ_CP136968.1	70009	2
NZ_CP136968.1	70010	2
NZ_CP136968.1	70011	2
NZ_CP136968.1	70012	2
NZ_CP136968.1	70013	2
NZ_CP136968.1	70014	2
NZ_CP136968.1	70015	2
NZ_CP136968.1	70016	2
NZ_CP136968.1	70017	2
NZ_CP136968.1	70018	2
NZ_CP136968.1	70019	2
NZ_CP136968.1	70020	2
NZ_CP136968.1	70021	2
NZ_CP136968.1	70022	3
NZ_CP136968.1	70023	3
NZ_CP136968.1	70024	3
NZ_CP136968.1	70025	3
NZ_CP136968.1	70026	3
NZ_CP136968.1	70027	3
NZ_CP136968.1	70028	3
NZ_CP136968.1	70029	3
NZ_CP136968.1	70030	3
NZ_CP136968.1	70031	3
NZ_CP136968.1	70032	3
NZ_CP136968.1	70033	3
NZ_CP136968.1	70034	3
NZ_CP136968.1	70035	3
NZ_CP136968.1	70036	3
NZ_CP136968.1	70037	3
NZ_CP136968.1	70038	3
NZ_CP136968.1	70039	3
NZ_CP136968.1	70040	3
NZ_CP136968.1	70041	3
NZ_CP136968.1	70042	2
NZ_CP136968.1	70043	2
NZ_CP136968.1	70044	2
NZ_CP136968.1	70045	2
NZ_CP136968.1	70046	2
NZ_CP136968.1	70047	2
NZ_CP136968.1	70048	2
NZ_CP136968.1	70049	2
NZ_CP136968.1	70050	2
NZ_CP136968.1	70051	2
NZ_CP136968.1	70052	2
NZ_CP136968.1	70053	2
NZ_CP136968.1	70054	2
NZ_CP136968.1	70055	2
NZ_CP136968.1	70056	2
NZ_CP136968.1	70057	2
NZ_CP136968.1	70058	2
NZ_CP136968.1	70059	2
NZ_CP136968.1	70060	2
NZ_CP136968.1	70061	2
NZ_CP136968.1	70062	2
NZ_CP136968.1	70063	2
NZ_CP136968.1	70064	2
NZ_CP136968.1	70065	2
NZ_CP136968.1	70066	2
NZ_CP136968.1	70067	2
NZ_CP136968.1	70068	2
NZ_CP136968.1	70069	2
NZ_CP136968.1	70070	2
NZ_CP136968.1	70071	3
NZ_CP136968.1	70072	3
NZ_CP136968.1	70073	4
NZ_CP136968.1	70074	4
NZ_CP136968.1	70075	4
NZ_CP136968.1	70076	4
NZ_CP136968.1	70077	4
NZ_CP136968.1	70078	4
NZ_CP136968.1	70079	4
NZ_CP136968.1	70080	4
NZ_CP136968.1	70081	4
NZ_CP136968.1	70082	4
NZ_CP136968.1	70083	4
NZ_CP136968.1	70084	4
NZ_CP136968.1	70085	4
NZ_CP136968.1	70086	4
NZ_CP136968.1	70087	4
NZ_CP136968.1	70088	4
NZ_CP136968.1	70089	4
NZ_CP136968.1	70090	4
NZ_CP136968.1	70091	4
NZ_CP136968.1	70092	5
NZ_CP136968.1	70093	5
NZ_CP136968.1	70094	5
NZ_CP136968.1	70095	4
NZ_CP136968.1	70096	4
NZ_CP136968.1	70097	4
NZ_CP136968.1	70098	5
NZ_CP136968.1	70099	5
NZ_CP136968.1	70100	5
NZ_CP136968.1	70101	5
NZ_CP136968.1	70102	5
NZ_CP136968.1	70103	5
NZ_CP136968.1	70104	5
NZ_CP136968.1	70105	5
NZ_CP136968.1	70106	5
NZ_CP136968.1	70107	5
NZ_CP136968.1	70108	5
NZ_CP136968.1	70109	5
NZ_CP136968.1	70110	5
NZ_CP136968.1	70111	5
NZ_CP136968.1	70112	5
NZ_CP136968.1	70113	5
NZ_CP136968.1	70114	6
NZ_CP136968.1	70115	7
NZ_CP136968.1	70116	9
NZ_CP136968.1	70117	9
NZ_CP136968.1	70118	12
NZ_CP136968.1	70119	12
NZ_CP136968.1	70120	13
NZ_CP136968.1	70121	14
NZ_CP136968.1	70122	14
NZ_CP136968.1	70123	15
NZ_CP136968.1	70124	15
NZ_CP136968.1	70125	16
NZ_CP136968.1	70126	17
NZ_CP136968.1	70127	17
NZ_CP136968.1	70128	17
NZ_CP136968.1	70129	17
NZ_CP136968.1	70130	17
NZ_CP136968.1	70131	17
NZ_CP136968.1	70132	17
NZ_CP136968.1	70133	17
NZ_CP136968.1	70134	19
NZ_CP136968.1	70135	19
NZ_CP136968.1	70136	20
NZ_CP136968.1	70137	22
NZ_CP136968.1	70138	23
NZ_CP136968.1	70139	23
NZ_CP136968.1	70140	23
NZ_CP136968.1	70141	24
NZ_CP136968.1	70142	25
NZ_CP136968.1	70143	25
NZ_CP136968.1	70144	27
NZ_CP136968.1	70145	27
NZ_CP136968.1	70146	27
NZ_CP136968.1	70147	27
NZ_CP136968.1	70148	30
NZ_CP136968.1	70149	31
NZ_CP136968.1	70150	33
NZ_CP136968.1	70151	34
NZ_CP136968.1	70152	38
NZ_CP136968.1	70153	38
NZ_CP136968.1	70154	40
NZ_CP136968.1	70155	48
NZ_CP136968.1	70156	49
NZ_CP136968.1	70157	50
NZ_CP136968.1	70158	51
NZ_CP136968.1	70159	52
NZ_CP136968.1	70160	53
NZ_CP136968.1	70161	55
NZ_CP136968.1	70162	55
NZ_CP136968.1	70163	55
NZ_CP136968.1	70164	55
NZ_CP136968.1	70165	55
NZ_CP136968.1	70166	56
NZ_CP136968.1	70167	57
NZ_CP136968.1	70168	58
NZ_CP136968.1	70169	58
NZ_CP136968.1	70170	59
NZ_CP136968.1	70171	59
NZ_CP136968.1	70172	58
NZ_CP136968.1	70173	59
NZ_CP136968.1	70174	62
NZ_CP136968.1	70175	63
NZ_CP136968.1	70176	65
NZ_CP136968.1	70177	66
NZ_CP136968.1	70178	68
NZ_CP136968.1	70179	68
NZ_CP136968.1	70180	68
NZ_CP136968.1	70181	69
NZ_CP136968.1	70182	71
NZ_CP136968.1	70183	71
NZ_CP136968.1	70184	72
NZ_CP136968.1	70185	72
NZ_CP136968.1	70186	72
NZ_CP136968.1	70187	72
NZ_CP136968.1	70188	72
NZ_CP136968.1	70189	78
NZ_CP136968.1	70190	80
NZ_CP136968.1	70191	81
NZ_CP136968.1	70192	82
NZ_CP136968.1	70193	82
NZ_CP136968.1	70194	83
NZ_CP136968.1	70195	83
NZ_CP136968.1	70196	84
NZ_CP136968.1	70197	91
NZ_CP136968.1	70198	94
NZ_CP136968.1	70199	98
NZ_CP136968.1	70200	98
NZ_CP136968.1	70201	99
NZ_CP136968.1	70202	100
NZ_CP136968.1	70203	102
NZ_CP136968.1	70204	105
NZ_CP136968.1	70205	106
NZ_CP136968.1	70206	109
NZ_CP136968.1	70207	109
NZ_CP136968.1	70208	109
NZ_CP136968.1	70209	109
NZ_CP136968.1	70210	111
NZ_CP136968.1	70211	111
NZ_CP136968.1	70212	112
NZ_CP136968.1	70213	113
NZ_CP136968.1	70214	113
NZ_CP136968.1	70215	114
NZ_CP136968.1	70216	114
NZ_CP136968.1	70217	115
NZ_CP136968.1	70218	116
NZ_CP136968.1	70219	117
NZ_CP136968.1	70220	118
NZ_CP136968.1	70221	117
NZ_CP136968.1	70222	118
NZ_CP136968.1	70223	117
NZ_CP136968.1	70224	121
NZ_CP136968.1	70225	121
NZ_CP136968.1	70226	121
NZ_CP136968.1	70227	119
NZ_CP136968.1	70228	120
NZ_CP136968.1	70229	122
NZ_CP136968.1	70230	122
NZ_CP136968.1	70231	122
NZ_CP136968.1	70232	123
NZ_CP136968.1	70233	123
NZ_CP136968.1	70234	123
NZ_CP136968.1	70235	124
NZ_CP136968.1	70236	125
NZ_CP136968.1	70237	126
NZ_CP136968.1	70238	128
NZ_CP136968.1	70239	130
NZ_CP136968.1	70240	130
NZ_CP136968.1	70241	133
NZ_CP136968.1	70242	133
NZ_CP136968.1	70243	136
NZ_CP136968.1	70244	136
NZ_CP136968.1	70245	136
NZ_CP136968.1	70246	137
NZ_CP136968.1	70247	137
NZ_CP136968.1	70248	140
NZ_CP136968.1	70249	142
NZ_CP136968.1	70250	144
NZ_CP136968.1	70251	144
NZ_CP136968.1	70252	145
NZ_CP136968.1	70253	149
NZ_CP136968.1	70254	155
NZ_CP136968.1	70255	155
NZ_CP136968.1	70256	156
NZ_CP136968.1	70257	158
NZ_CP136968.1	70258	159
NZ_CP136968.1	70259	161
NZ_CP136968.1	70260	165
NZ_CP136968.1	70261	164
NZ_CP136968.1	70262	164
NZ_CP136968.1	70263	165
NZ_CP136968.1	70264	167
NZ_CP136968.1	70265	166
NZ_CP136968.1	70266	167
NZ_CP136968.1	70267	171
NZ_CP136968.1	70268	171
NZ_CP136968.1	70269	171
NZ_CP136968.1	70270	172
NZ_CP136968.1	70271	172
NZ_CP136968.1	70272	174
NZ_CP136968.1	70273	174
NZ_CP136968.1	70274	175
NZ_CP136968.1	70275	180
NZ_CP136968.1	70276	179
NZ_CP136968.1	70277	183
NZ_CP136968.1	70278	186
NZ_CP136968.1	70279	186
NZ_CP136968.1	70280	189
NZ_CP136968.1	70281	192
NZ_CP136968.1	70282	194
NZ_CP136968.1	70283	196
NZ_CP136968.1	70284	197
NZ_CP136968.1	70285	198
NZ_CP136968.1	70286	206
NZ_CP136968.1	70287	207
NZ_CP136968.1	70288	208
NZ_CP136968.1	70289	215
NZ_CP136968.1	70290	217
NZ_CP136968.1	70291	223
NZ_CP136968.1	70292	227
NZ_CP136968.1	70293	237
NZ_CP136968.1	70294	236
NZ_CP136968.1	70295	236
NZ_CP136968.1	70296	235
NZ_CP136968.1	70297	234
NZ_CP136968.1	70298	233
NZ_CP136968.1	70299	232
NZ_CP136968.1	70300	245
NZ_CP136968.1	70301	246
NZ_CP136968.1	70302	240
NZ_CP136968.1	70303	241
NZ_CP136968.1	70304	246
NZ_CP136968.1	70305	242
NZ_CP136968.1	70306	241
NZ_CP136968.1	70307	244
NZ_CP136968.1	70308	251
NZ_CP136968.1	70309	253
NZ_CP136968.1	70310	253
NZ_CP136968.1	70311	251
NZ_CP136968.1	70312	251
NZ_CP136968.1	70313	251
NZ_CP136968.1	70314	251
NZ_CP136968.1	70315	253
NZ_CP136968.1	70316	252
NZ_CP136968.1	70317	252
NZ_CP136968.1	70318	251
NZ_CP136968.1	70319	251
NZ_CP136968.1	70320	252
NZ_CP136968.1	70321	252
NZ_CP136968.1	70322	255
NZ_CP136968.1	70323	254
NZ_CP136968.1	70324	254
NZ_CP136968.1	70325	255
NZ_CP136968.1	70326	253
NZ_CP136968.1	70327	255
NZ_CP136968.1	70328	253
NZ_CP136968.1	70329	253
NZ_CP136968.1	70330	253
NZ_CP136968.1	70331	254
NZ_CP136968.1	70332	252
NZ_CP136968.1	70333	256
NZ_CP136968.1	70334	258
NZ_CP136968.1	70335	261
NZ_CP136968.1	70336	261
NZ_CP136968.1	70337	261
NZ_CP136968.1	70338	261
NZ_CP136968.1	70339	257
NZ_CP136968.1	70340	255
NZ_CP136968.1	70341	254
NZ_CP136968.1	70342	253
NZ_CP136968.1	70343	253
NZ_CP136968.1	70344	252
NZ_CP136968.1	70345	252
NZ_CP136968.1	70346	255
NZ_CP136968.1	70347	249
NZ_CP136968.1	70348	246
NZ_CP136968.1	70349	242
NZ_CP136968.1	70350	242
NZ_CP136968.1	70351	242
NZ_CP136968.1	70352	244
NZ_CP136968.1	70353	242
NZ_CP136968.1	70354	240
NZ_CP136968.1	70355	238
NZ_CP136968.1	70356	237
NZ_CP136968.1	70357	238
NZ_CP136968.1	70358	241
NZ_CP136968.1	70359	240
NZ_CP136968.1	70360	239
NZ_CP136968.1	70361	239
NZ_CP136968.1	70362	238
NZ_CP136968.1	70363	237
NZ_CP136968.1	70364	237
NZ_CP136968.1	70365	240
NZ_CP136968.1	70366	240
NZ_CP136968.1	70367	242
NZ_CP136968.1	70368	248
NZ_CP136968.1	70369	247
NZ_CP136968.1	70370	246
NZ_CP136968.1	70371	246
NZ_CP136968.1	70372	245
NZ_CP136968.1	70373	248
NZ_CP136968.1	70374	245
NZ_CP136968.1	70375	245
NZ_CP136968.1	70376	245
NZ_CP136968.1	70377	244
NZ_CP136968.1	70378	245
NZ_CP136968.1	70379	246
NZ_CP136968.1	70380	247
NZ_CP136968.1	70381	247
NZ_CP136968.1	70382	246
NZ_CP136968.1	70383	246
NZ_CP136968.1	70384	246
NZ_CP136968.1	70385	246
NZ_CP136968.1	70386	244
NZ_CP136968.1	70387	248
NZ_CP136968.1	70388	248
NZ_CP136968.1	70389	246
NZ_CP136968.1	70390	247
NZ_CP136968.1	70391	244
NZ_CP136968.1	70392	243
NZ_CP136968.1	70393	241
NZ_CP136968.1	70394	242
NZ_CP136968.1	70395	242
NZ_CP136968.1	70396	242
NZ_CP136968.1	70397	242
NZ_CP136968.1	70398	240
NZ_CP136968.1	70399	238
NZ_CP136968.1	70400	236
NZ_CP136968.1	70401	236
NZ_CP136968.1	70402	236
NZ_CP136968.1	70403	232
NZ_CP136968.1	70404	226
NZ_CP136968.1	70405	226
NZ_CP136968.1	70406	225
NZ_CP136968.1	70407	224
NZ_CP136968.1	70408	223
NZ_CP136968.1	70409	220
NZ_CP136968.1	70410	217
NZ_CP136968.1	70411	217
NZ_CP136968.1	70412	217
NZ_CP136968.1	70413	216
NZ_CP136968.1	70414	214
NZ_CP136968.1	70415	214
NZ_CP136968.1	70416	213
NZ_CP136968.1	70417	209
NZ_CP136968.1	70418	206
NZ_CP136968.1	70419	206
NZ_CP136968.1	70420	205
NZ_CP136968.1	70421	205
NZ_CP136968.1	70422	204
NZ_CP136968.1	70423	203
NZ_CP136968.1	70424	202
NZ_CP136968.1	70425	198
NZ_CP136968.1	70426	198
NZ_CP136968.1	70427	194
NZ_CP136968.1	70428	189
NZ_CP136968.1	70429	191
NZ_CP136968.1	70430	188
NZ_CP136968.1	70431	185
NZ_CP136968.1	70432	182
NZ_CP136968.1	70433	180
NZ_CP136968.1	70434	177
NZ_CP136968.1	70435	174
NZ_CP136968.1	70436	170
NZ_CP136968.1	70437	167
NZ_CP136968.1	70438	165
NZ_CP136968.1	70439	159
NZ_CP136968.1	70440	157
NZ_CP136968.1	70441	150
NZ_CP136968.1	70442	144
NZ_CP136968.1	70443	135
NZ_CP136968.1	70444	134
NZ_CP136968.1	70445	134
NZ_CP136968.1	70446	134
NZ_CP136968.1	70447	136
NZ_CP136968.1	70448	135
NZ_CP136968.1	70449	135
NZ_CP136968.1	70450	124
NZ_CP136968.1	70451	123
NZ_CP136968.1	70452	121
NZ_CP136968.1	70453	122
NZ_CP136968.1	70454	117
NZ_CP136968.1	70455	112
NZ_CP136968.1	70456	112
NZ_CP136968.1	70457	111
NZ_CP136968.1	70458	103
NZ_CP136968.1	70459	100
NZ_CP136968.1	70460	99
NZ_CP136968.1	70461	99
NZ_CP136968.1	70462	99
NZ_CP136968.1	70463	99
NZ_CP136968.1	70464	99
NZ_CP136968.1	70465	97
NZ_CP136968.1	70466	97
NZ_CP136968.1	70467	96
NZ_CP136968.1	70468	96
NZ_CP136968.1	70469	96
NZ_CP136968.1	70470	94
NZ_CP136968.1	70471	94
NZ_CP136968.1	70472	91
NZ_CP136968.1	70473	91
NZ_CP136968.1	70474	88
NZ_CP136968.1	70475	86
NZ_CP136968.1	70476	86
NZ_CP136968.1	70477	81
NZ_CP136968.1	70478	81
NZ_CP136968.1	70479	81
NZ_CP136968.1	70480	81
NZ_CP136968.1	70481	79
NZ_CP136968.1	70482	79
NZ_CP136968.1	70483	73
NZ_CP136968.1	70484	73
NZ_CP136968.1	70485	71
NZ_CP136968.1	70486	71
NZ_CP136968.1	70487	71
NZ_CP136968.1	70488	71
NZ_CP136968.1	70489	69
NZ_CP136968.1	70490	69
NZ_CP136968.1	70491	69
NZ_CP136968.1	70492	69
NZ_CP136968.1	70493	69
NZ_CP136968.1	70494	69
NZ_CP136968.1	70495	69
NZ_CP136968.1	70496	65
NZ_CP136968.1	70497	64
NZ_CP136968.1	70498	64
NZ_CP136968.1	70499	64
NZ_CP136968.1	70500	64
NZ_CP136968.1	70501	63
NZ_CP136968.1	70502	60
NZ_CP136968.1	70503	60
NZ_CP136968.1	70504	59
NZ_CP136968.1	70505	59
NZ_CP136968.1	70506	58
NZ_CP136968.1	70507	57
NZ_CP136968.1	70508	54
NZ_CP136968.1	70509	54
NZ_CP136968.1	70510	54
NZ_CP136968.1	70511	54
NZ_CP136968.1	70512	54
NZ_CP136968.1	70513	54
NZ_CP136968.1	70514	54
NZ_CP136968.1	70515	50
NZ_CP136968.1	70516	50
NZ_CP136968.1	70517	46
NZ_CP136968.1	70518	39
NZ_CP136968.1	70519	39
NZ_CP136968.1	70520	39
NZ_CP136968.1	70521	39
NZ_CP136968.1	70522	39
NZ_CP136968.1	70523	36
NZ_CP136968.1	70524	36
NZ_CP136968.1	70525	36
NZ_CP136968.1	70526	36
NZ_CP136968.1	70527	36
NZ_CP136968.1	70528	36
NZ_CP136968.1	70529	34
NZ_CP136968.1	70530	33
NZ_CP136968.1	70531	33
NZ_CP136968.1	70532	33
NZ_CP136968.1	70533	33
NZ_CP136968.1	70534	33
NZ_CP136968.1	70535	33
NZ_CP136968.1	70536	34
NZ_CP136968.1	70537	30
NZ_CP136968.1	70538	28
NZ_CP136968.1	70539	28
NZ_CP136968.1	70540	26
NZ_CP136968.1	70541	26
NZ_CP136968.1	70542	26
NZ_CP136968.1	70543	25
NZ_CP136968.1	70544	24
NZ_CP136968.1	70545	24
NZ_CP136968.1	70546	24
NZ_CP136968.1	70547	24
NZ_CP136968.1	70548	22
NZ_CP136968.1	70549	22
NZ_CP136968.1	70550	22
NZ_CP136968.1	70551	22
NZ_CP136968.1	70552	21
NZ_CP136968.1	70553	21
NZ_CP136968.1	70554	21
NZ_CP136968.1	70555	21
NZ_CP136968.1	70556	21
NZ_CP136968.1	70557	20
NZ_CP136968.1	70558	20
NZ_CP136968.1	70559	20
NZ_CP136968.1	70560	19
NZ_CP136968.1	70561	19
NZ_CP136968.1	70562	19
NZ_CP136968.1	70563	19
NZ_CP136968.1	70564	19
NZ_CP136968.1	70565	19
NZ_CP136968.1	70566	18
NZ_CP136968.1	70567	17
NZ_CP136968.1	70568	17
NZ_CP136968.1	70569	17
NZ_CP136968.1	70570	16
NZ_CP136968.1	70571	16
NZ_CP136968.1	70572	15
NZ_CP136968.1	70573	13
NZ_CP136968.1	70574	13
NZ_CP136968.1	70575	13
NZ_CP136968.1	70576	13
NZ_CP136968.1	70577	13
NZ_CP136968.1	70578	12
NZ_CP136968.1	70579	12
NZ_CP136968.1	70580	12
NZ_CP136968.1	70581	12
NZ_CP136968.1	70582	12
NZ_CP136968.1	70583	12
NZ_CP136968.1	70584	12
NZ_CP136968.1	70585	11
NZ_CP136968.1	70586	10
NZ_CP136968.1	70587	10
NZ_CP136968.1	70588	10
NZ_CP136968.1	70589	10
NZ_CP136968.1	70590	8
NZ_CP136968.1	70591	10
NZ_CP136968.1	70592	10
NZ_CP136968.1	70593	8
NZ_CP136968.1	70594	8
NZ_CP136968.1	70595	8
NZ_CP136968.1	70596	8
NZ_CP136968.1	70597	8
NZ_CP136968.1	70598	7
NZ_CP136968.1	70599	6
NZ_CP136968.1	70600	6
NZ_CP136968.1	70601	5
NZ_CP136968.1	70602	5
NZ_CP136968.1	70603	5
NZ_CP136968.1	70604	5
NZ_CP136968.1	70605	2
NZ_CP136968.1	70606	2
NZ_CP136968.1	70607	2
NZ_CP136968.1	70608	2
NZ_CP136968.1	70609	2
NZ_CP136968.1	70610	2
NZ_CP136968.1	70611	2
NZ_CP136968.1	70612	2
NZ_CP136968.1	70613	2
NZ_CP136968.1	70614	2
NZ_CP136968.1	70615	2
NZ_CP136968.1	70616	2
NZ_CP136968.1	70617	2
NZ_CP136968.1	70618	2
NZ_CP136968.1	70619	2
NZ_CP136968.1	70620	2
NZ_CP136968.1	70621	2
NZ_CP136968.1	70622	2
NZ_CP136968.1	70623	2
NZ_CP136968.1	70624	2
NZ_CP136968.1	70625	2
NZ_CP136968.1	70626	2
NZ_CP136968.1	70627	2
NZ_CP136968.1	70628	2
NZ_CP136968.1	70629	2
NZ_CP136968.1	70630	2
NZ_CP136968.1	70631	2
NZ_CP136968.1	70632	2
NZ_CP136968.1	70633	2
NZ_CP136968.1	70634	2
NZ_CP136968.1	70635	2
NZ_CP136968.1	70636	2
NZ_CP136968.1	70637	2
NZ_CP136968.1	70638	2
NZ_CP136968.1	70639	2
NZ_CP136968.1	70640	2
NZ_CP136968.1	70641	2
NZ_CP136968.1	70642	2
NZ_CP136968.1	70643	2
NZ_CP136968.1	70644	2
NZ_CP136968.1	70645	2
NZ_CP136968.1	70646	2
NZ_CP136968.1	70647	2
NZ_CP136968.1	70648	2
NZ_CP136968.1	70649	2
NZ_CP136968.1	70650	2
NZ_CP136968.1	70651	2
NZ_CP136968.1	70652	2
NZ_CP136968.1	70653	2
NZ_CP136968.1	70654	2
NZ_CP136968.1	70655	2
NZ_CP136968.1	70656	2
NZ_CP136968.1	70657	2
NZ_CP136968.1	70658	2
NZ_CP136968.1	70659	2
NZ_CP136968.1	70660	2
NZ_CP136968.1	70661	2
NZ_CP136968.1	70662	2
NZ_CP136968.1	70663	2
NZ_CP136968.1	70664	2
NZ_CP136968.1	70665	2
NZ_CP136968.1	70666	2
NZ_CP136968.1	70667	2
NZ_CP136968.1	70668	2
NZ_CP136968.1	70669	2
NZ_CP136968.1	70670	2
NZ_CP136968.1	70671	2
NZ_CP136968.1	70672	2
NZ_CP136968.1	70673	2
NZ_CP136968.1	70674	1
NZ_CP136968.1	70675	1
NZ_CP136968.1	70676	1
NZ_CP136968.1	70677	1
NZ_CP136968.1	70678	1
NZ_CP136968.1	70679	1
NZ_CP136968.1	70680	1
NZ_CP136968.1	70681	1
NZ_CP136968.1	70682	1
NZ_CP136968.1	70683	1
NZ_CP136968.1	70684	1
NZ_CP136968.1	70685	1
NZ_CP136968.1	170168	1
NZ_CP136968.1	170169	1
NZ_CP136968.1	170170	1
NZ_CP136968.1	170171	1
NZ_CP136968.1	170172	1
NZ_CP136968.1	170173	1
NZ_CP136968.1	170174	1
NZ_CP136968.1	170175	1
NZ_CP136968.1	170176	1
NZ_CP136968.1	170177	1
NZ_CP136968.1	170178	1
NZ_CP136968.1	170179	1
NZ_CP136968.1	170180	1
NZ_CP136968.1	170181	1
NZ_CP136968.1	170182	1
NZ_CP136968.1	170183	1
NZ_CP136968.1	170184	1
NZ_CP136968.1	170185	1
NZ_CP136968.1	170186	1
NZ_CP136968.1	170187	1
NZ_CP136968.1	170188	1
NZ_CP136968.1	170189	1
NZ_CP136968.1	170190	1
NZ_CP136968.1	170191	1
NZ_CP136968.1	170192	1
NZ_CP136968.1	170193	1
NZ_CP136968.1	170194	1
NZ_CP136968.1	170195	1
NZ_CP136968.1	170196	1
NZ_CP136968.1	170197	1
NZ_CP136968.1	170198	1
NZ_CP136968.1	170199	1
NZ_CP136968.1	170200	1
NZ_CP136968.1	170201	1
NZ_CP136968.1	170202	1
NZ_CP136968.1	170203	1
NZ_CP136968.1	170204	1
NZ_CP136968.1	170205	1
NZ_CP136968.1	170206	1
NZ_CP136968.1	170207	1
NZ_CP136968.1	170208	1
NZ_CP136968.1	170209	1
NZ_CP136968.1	170210	1
NZ_CP136968.1	170211	1
NZ_CP136968.1	170212	1
NZ_CP136968.1	170213	1
NZ_CP136968.1	170214	1
NZ_CP136968.1	170215	1
NZ_CP136968.1	170216	1
NZ_CP136968.1	170217	1
NZ_CP136968.1	170218	1
NZ_CP136968.1	170219	1
NZ_CP136968.1	170220	2
NZ_CP136968.1	170221	2
NZ_CP136968.1	170222	2
NZ_CP136968.1	170223	3
NZ_CP136968.1	170224	3
NZ_CP136968.1	170225	3
NZ_CP136968.1	170226	3
NZ_CP136968.1	170227	3
NZ_CP136968.1	170228	3
NZ_CP136968.1	170229	3
NZ_CP136968.1	170230	3
NZ_CP136968.1	170231	3
NZ_CP136968.1	170232	3
NZ_CP136968.1	170233	3
NZ_CP136968.1	170234	3
NZ_CP136968.1	170235	3
NZ_CP136968.1	170236	3
NZ_CP136968.1	170237	3
NZ_CP136968.1	170238	3
NZ_CP136968.1	170239	3
NZ_CP136968.1	170240	3
NZ_CP136968.1	170241	3
NZ_CP136968.1	170242	3
NZ_CP136968.1	170243	3
NZ_CP136968.1	170244	3
NZ_CP136968.1	170245	3
NZ_CP136968.1	170246	3
NZ_CP136968.1	170247	3
NZ_CP136968.1	170248	3
NZ_CP136968.1	170249	3
NZ_CP136968.1	170250	3
NZ_CP136968.1	170251	3
NZ_CP136968.1	170252	3
NZ_CP136968.1	170253	3
NZ_CP136968.1	170254	3
NZ_CP136968.1	170255	4
NZ_CP136968.1	170256	4
NZ_CP136968.1	170257	4
NZ_CP136968.1	170258	6
NZ_CP136968.1	170259	6
NZ_CP136968.1	170260	6
NZ_CP136968.1	170261	6
NZ_CP136968.1	170262	6
NZ_CP136968.1	170263	6
NZ_CP136968.1	170264	6
NZ_CP136968.1	170265	7
NZ_CP136968.1	170266	7
NZ_CP136968.1	170267	7
NZ_CP136968.1	170268	7
NZ_CP136968.1	170269	7
NZ_CP136968.1	170270	7
NZ_CP136968.1	170271	7
NZ_CP136968.1	170272	7
NZ_CP136968.1	170273	7
NZ_CP136968.1	170274	7
NZ_CP136968.1	170275	7
NZ_CP136968.1	170276	7
NZ_CP136968.1	170277	12
NZ_CP136968.1	170278	13
NZ_CP136968.1	170279	15
NZ_CP136968.1	170280	16
NZ_CP136968.1	170281	16
NZ_CP136968.1	170282	16
NZ_CP136968.1	170283	16
NZ_CP136968.1	170284	17
NZ_CP136968.1	170285	17
NZ_CP136968.1	170286	20
NZ_CP136968.1	170287	20
NZ_CP136968.1	170288	23
NZ_CP136968.1	170289	23
NZ_CP136968.1	170290	24
NZ_CP136968.1	170291	24
NZ_CP136968.1	170292	25
NZ_CP136968.1	170293	26
NZ_CP136968.1	170294	28
NZ_CP136968.1	170295	30
NZ_CP136968.1	170296	32
NZ_CP136968.1	170297	34
NZ_CP136968.1	170298	38
NZ_CP136968.1	170299	38
NZ_CP136968.1	170300	39
NZ_CP136968.1	170301	39
NZ_CP136968.1	170302	39
NZ_CP136968.1	170303	39
NZ_CP136968.1	170304	35
NZ_CP136968.1	170305	34
NZ_CP136968.1	170306	39
NZ_CP136968.1	170307	41
NZ_CP136968.1	170308	45
NZ_CP136968.1	170309	45
NZ_CP136968.1	170310	45
NZ_CP136968.1	170311	48
NZ_CP136968.1	170312	49
NZ_CP136968.1	170313	51
NZ_CP136968.1	170314	51
NZ_CP136968.1	170315	54
NZ_CP136968.1	170316	55
NZ_CP136968.1	170317	56
NZ_CP136968.1	170318	62
NZ_CP136968.1	170319	62
NZ_CP136968.1	170320	64
NZ_CP136968.1	170321	64
NZ_CP136968.1	170322	64
NZ_CP136968.1	170323	64
NZ_CP136968.1	170324	64
NZ_CP136968.1	170325	66
NZ_CP136968.1	170326	66
NZ_CP136968.1	170327	67
NZ_CP136968.1	170328	67
NZ_CP136968.1	170329	69
NZ_CP136968.1	170330	69
NZ_CP136968.1	170331	69
NZ_CP136968.1	170332	73
NZ_CP136968.1	170333	73
NZ_CP136968.1	170334	76
NZ_CP136968.1	170335	77
NZ_CP136968.1	170336	77
NZ_CP136968.1	170337	77
NZ_CP136968.1	170338	77
NZ_CP136968.1	170339	77
NZ_CP136968.1	170340	78
NZ_CP136968.1	170341	78
NZ_CP136968.1	170342	79
NZ_CP136968.1	170343	79
NZ_CP136968.1	170344	79
NZ_CP136968.1	170345	79
NZ_CP136968.1	170346	79
NZ_CP136968.1	170347	80
NZ_CP136968.1	170348	80
NZ_CP136968.1	170349	81
NZ_CP136968.1	170350	82
NZ_CP136968.1	170351	82
NZ_CP136968.1	170352	84
NZ_CP136968.1	170353	85
NZ_CP136968.1	170354	87
NZ_CP136968.1	170355	87
NZ_CP136968.1	170356	87
NZ_CP136968.1	170357	87
NZ_CP136968.1	170358	88
NZ_CP136968.1	170359	89
NZ_CP136968.1	170360	95
NZ_CP136968.1	170361	95
NZ_CP136968.1	170362	97
NZ_CP136968.1	170363	101
NZ_CP136968.1	170364	103
NZ_CP136968.1	170365	104
NZ_CP136968.1	170366	105
NZ_CP136968.1	170367	105
NZ_CP136968.1	170368	105
NZ_CP136968.1	170369	106
NZ_CP136968.1	170370	105
NZ_CP136968.1	170371	105
NZ_CP136968.1	170372	104
NZ_CP136968.1	170373	106
NZ_CP136968.1	170374	106
NZ_CP136968.1	170375	106
NZ_CP136968.1	170376	106
NZ_CP136968.1	170377	106
NZ_CP136968.1	170378	106
NZ_CP136968.1	170379	106
NZ_CP136968.1	170380	106
NZ_CP136968.1	170381	106
NZ_CP136968.1	170382	106
NZ_CP136968.1	170383	106
NZ_CP136968.1	170384	106
NZ_CP136968.1	170385	106
NZ_CP136968.1	170386	106
NZ_CP136968.1	170387	106
NZ_CP136968.1	170388	106
NZ_CP136968.1	170389	106
NZ_CP136968.1	170390	106
NZ_CP136968.1	170391	106
NZ_CP136968.1	170392	106
NZ_CP136968.1	170393	106
NZ_CP136968.1	170394	106
NZ_CP136968.1	170395	106
NZ_CP136968.1	170396	106
NZ_CP136968.1	170397	106
NZ_CP136968.1	170398	106
NZ_CP136968.1	170399	106
NZ_CP136968.1	170400	106
NZ_CP136968.1	170401	106
NZ_CP136968.1	170402	106
NZ_CP136968.1	170403	106
NZ_CP136968.1	170404	106
NZ_CP136968.1	170405	105
NZ_CP136968.1	170406	105
NZ_CP136968.1	170407	105
NZ_CP136968.1	170408	103
NZ_CP136968.1	170409	103
NZ_CP136968.1	170410	103
NZ_CP136968.1	170411	103
NZ_CP136968.1	170412	103
NZ_CP136968.1	170413	103
NZ_CP136968.1	170414	103
NZ_CP136968.1	170415	102
NZ_CP136968.1	170416	102
NZ_CP136968.1	170417	102
NZ_CP136968.1	170418	102
NZ_CP136968.1	170419	102
NZ_CP136968.1	170420	102
NZ_CP136968.1	170421	102
NZ_CP136968.1	170422	102
NZ_CP136968.1	170423	102
NZ_CP136968.1	170424	102
NZ_CP136968.1	170425	102
NZ_CP136968.1	170426	102
NZ_CP136968.1	170427	97
NZ_CP136968.1	170428	96
NZ_CP136968.1	170429	94
NZ_CP136968.1	170430	93
NZ_CP136968.1	170431	94
NZ_CP136968.1	170432	93
NZ_CP136968.1	170433	93
NZ_CP136968.1	170434	93
NZ_CP136968.1	170435	93
NZ_CP136968.1	170436	91
NZ_CP136968.1	170437	91
NZ_CP136968.1	170438	87
NZ_CP136968.1	170439	87
NZ_CP136968.1	170440	86
NZ_CP136968.1	170441	85
NZ_CP136968.1	170442	84
NZ_CP136968.1	170443	84
NZ_CP136968.1	170444	82
NZ_CP136968.1	170445	79
NZ_CP136968.1	170446	79
NZ_CP136968.1	170447	77
NZ_CP136968.1	170448	72
NZ_CP136968.1	170449	71
NZ_CP136968.1	170450	72
NZ_CP136968.1	170451	72
NZ_CP136968.1	170452	71
NZ_CP136968.1	170453	71
NZ_CP136968.1	170454	71
NZ_CP136968.1	170455	71
NZ_CP136968.1	170456	71
NZ_CP136968.1	170457	69
NZ_CP136968.1	170458	65
NZ_CP136968.1	170459	65
NZ_CP136968.1	170460	65
NZ_CP136968.1	170461	62
NZ_CP136968.1	170462	61
NZ_CP136968.1	170463	59
NZ_CP136968.1	170464	59
NZ_CP136968.1	170465	56
NZ_CP136968.1	170466	55
NZ_CP136968.1	170467	54
NZ_CP136968.1	170468	47
NZ_CP136968.1	170469	47
NZ_CP136968.1	170470	45
NZ_CP136968.1	170471	45
NZ_CP136968.1	170472	45
NZ_CP136968.1	170473	45
NZ_CP136968.1	170474	45
NZ_CP136968.1	170475	43
NZ_CP136968.1	170476	43
NZ_CP136968.1	170477	42
NZ_CP136968.1	170478	42
NZ_CP136968.1	170479	40
NZ_CP136968.1	170480	40
NZ_CP136968.1	170481	40
NZ_CP136968.1	170482	36
NZ_CP136968.1	170483	36
NZ_CP136968.1	170484	33
NZ_CP136968.1	170485	32
NZ_CP136968.1	170486	32
NZ_CP136968.1	170487	32
NZ_CP136968.1	170488	32
NZ_CP136968.1	170489	32
NZ_CP136968.1	170490	31
NZ_CP136968.1	170491	31
NZ_CP136968.1	170492	30
NZ_CP136968.1	170493	30
NZ_CP136968.1	170494	30
NZ_CP136968.1	170495	30
NZ_CP136968.1	170496	30
NZ_CP136968.1	170497	29
NZ_CP136968.1	170498	29
NZ_CP136968.1	170499	28
NZ_CP136968.1	170500	27
NZ_CP136968.1	170501	27
NZ_CP136968.1	170502	25
NZ_CP136968.1	170503	25
NZ_CP136968.1	170504	22
NZ_CP136968.1	170505	22
NZ_CP136968.1	170506	22
NZ_CP136968.1	170507	22
NZ_CP136968.1	170508	21
NZ_CP136968.1	170509	19
NZ_CP136968.1	170510	14
NZ_CP136968.1	170511	12
NZ_CP136968.1	170512	10
NZ_CP136968.1	170513	8
NZ_CP136968.1	170514	5
NZ_CP136968.1	170515	5
NZ_CP136968.1	170516	3
NZ_CP136968.1	170517	3
NZ_CP136968.1	170518	3
NZ_CP136968.1	170519	3
NZ_CP136968.1	170520	3
NZ_CP136968.1	170521	3
NZ_CP136968.1	170522	1
NZ_CP136968.1	170523	1
NZ_CP136968.1	170524	1
NZ_CP136968.1	170525	1
NZ_CP136968.1	170526	1
NZ_CP136968.1	170527	1
NZ_CP136968.1	170528	1
NZ_CP136968.1	170529	1
NZ_CP136968.1	170530	1
NZ_CP136968.1	170531	1
NZ_CP136968.1	170532	1
NZ_CP136968.1	170533	2
NZ_CP136968.1	170534	2
NZ_CP136968.1	170535	2
NZ_CP136968.1	170536	2
NZ_CP136968.1	170537	2
NZ_CP136968.1	170538	2
NZ_CP136968.1	170539	2
NZ_CP136968.1	170540	2
NZ_CP136968.1	170541	2
NZ_CP136968.1	170542	2
NZ_CP136968.1	170543	2
NZ_CP136968.1	170544	2
NZ_CP136968.1	170545	2
NZ_CP136968.1	170546	2
NZ_CP136968.1	170547	2
NZ_CP136968.1	170548	2
NZ_CP136968.1	170549	2
NZ_CP136968.1	170550	2
NZ_CP136968.1	170551	2
NZ_CP136968.1	170552	2
NZ_CP136968.1	170553	2
NZ_CP136968.1	170554	2
NZ_CP136968.1	170555	2
NZ_CP136968.1	170556	2
NZ_CP136968.1	170557	2
NZ_CP136968.1	170558	2
NZ_CP136968.1	170559	2
NZ_CP136968.1	170560	2
NZ_CP136968.1	170561	2
NZ_CP136968.1	170562	2
NZ_CP136968.1	170563	2
NZ_CP136968.1	170564	2
NZ_CP136968.1	170565	2
NZ_CP136968.1	170566	2
NZ_CP136968.1	170567	2
NZ_CP136968.1	170568	2
NZ_CP136968.1	170569	2
NZ_CP136968.1	170570	2
NZ_CP136968.1	170571	2
NZ_CP136968.1	170572	2
NZ_CP136968.1	170573	2
NZ_CP136968.1	170574	2
NZ_CP136968.1	170575	2
NZ_CP136968.1	170576	2
NZ_CP136968.1	170577	2
NZ_CP136968.1	170578	2
NZ_CP136968.1	170579	2
NZ_CP136968.1	170580	2
NZ_CP136968.1	170581	2
NZ_CP136968.1	170582	2
NZ_CP136968.1	170583	2
NZ_CP136968.1	170584	2
NZ_CP136968.1	170585	2
NZ_CP136968.1	170586	2
NZ_CP136968.1	170587	2
NZ_CP136968.1	170588	2
NZ_CP136968.1	170589	2
NZ_CP136968.1	170590	2
NZ_CP136968.1	170591	2
NZ_CP136968.1	170592	2
NZ_CP136968.1	170593	2
NZ_CP136968.1	170594	2
NZ_CP136968.1	170595	2
NZ_CP136968.1	170596	2
NZ_CP136968.1	170597	2
NZ_CP136968.1	170598	2
NZ_CP136968.1	170599	2
NZ_CP136968.1	170600	2
NZ_CP136968.1	170601	2
NZ_CP136968.1	170602	2
NZ_CP136968.1	170603	2
NZ_CP136968.1	170604	2
NZ_CP136968.1	170605	2
NZ_CP136968.1	170606	2
NZ_CP136968.1	170607	2
NZ_CP136968.1	170608	2
NZ_CP136968.1	170609	2
NZ_CP136968.1	170610	2
NZ_CP136968.1	170611	2
NZ_CP136968.1	170612	2
NZ_CP136968.1	170613	2
NZ_CP136968.1	170614	2
NZ_CP136968.1	170615	2
NZ_CP136968.1	170616	2
NZ_CP136968.1	170617	2
NZ_CP136968.1	170618	2
NZ_CP136968.1	170619	2
NZ_CP136968.1	170620	2
NZ_CP136968.1	170621	2
NZ_CP136968.1	170622	2
NZ_CP136968.1	170623	2
NZ_CP136968.1	170624	2
NZ_CP136968.1	170625	2
NZ_CP136968.1	170626	2
NZ_CP136968.1	170627	2
NZ_CP136968.1	170628	2
NZ_CP136968.1	170629	2
NZ_CP136968.1	170630	2
NZ_CP136968.1	170631	2
NZ_CP136968.1	170632	2
NZ_CP136968.1	170633	2
NZ_CP136968.1	170634	2
NZ_CP136968.1	170635	2
NZ_CP136968.1	170636	2
NZ_CP136968.1	170637	2
NZ_CP136968.1	170638	2
NZ_CP136968.1	170639	2
NZ_CP136968.1	170640	2
NZ_CP136968.1	170641	2
NZ_CP136968.1	170642	2
NZ_CP136968.1	170643	2
NZ_CP136968.1	170644	2
NZ_CP136968.1	170645	2
NZ_CP136968.1	170646	2
NZ_CP136968.1	170647	2
NZ_CP136968.1	170648	2
NZ_CP136968.1	170649	2
NZ_CP136968.1	170650	2
NZ_CP136968.1	170651	2
NZ_CP136968.1	170652	2
NZ_CP136968.1	170653	2
NZ_CP136968.1	170654	2
NZ_CP136968.1	170655	2
NZ_CP136968.1	170656	2
NZ_CP136968.1	170657	2
NZ_CP136968.1	170658	2
NZ_CP136968.1	170659	2
NZ_CP136968.1	170660	2
NZ_CP136968.1	170661	2
NZ_CP136968.1	170662	2
NZ_CP136968.1	170663	2
NZ_CP136968.1	170664	2
NZ_CP136968.1	170665	2
NZ_CP136968.1	170666	2
NZ_CP136968.1	170667	1
NZ_CP136968.1	170668	2
NZ_CP136968.1	170669	2
NZ_CP136968.1	170670	2
NZ_CP136968.1	170671	2
NZ_CP136968.1	170672	2
NZ_CP136968.1	170673	2
NZ_CP136968.1	170674	2
NZ_CP136968.1	170675	2
NZ_CP136968.1	170676	2
NZ_CP136968.1	170677	2
NZ_CP136968.1	170678	2
NZ_CP136968.1	170679	2
NZ_CP136968.1	170680	2
NZ_CP136968.1	170681	2
NZ_CP136968.1	170682	2
NZ_CP136968.1	170683	1
NZ_CP136968.1	170684	1
NZ_CP136968.1	170685	1
NZ_CP136968.1	170686	1
NZ_CP136968.1	170687	1
NZ_CP136968.1	170688	1
NZ_CP136968.1	170689	1
NZ_CP136968.1	170690	1
NZ_CP136968.1	170691	1
NZ_CP136968.1	170692	1
NZ_CP136968.1	170693	1
NZ_CP136968.1	170694	1
NZ_CP136968.1	170695	1
NZ_CP136968.1	170696	2
NZ_CP136968.1	170697	2
NZ_CP136968.1	170698	2
NZ_CP136968.1	170699	2
NZ_CP136968.1	170700	2
NZ_CP136968.1	170701	2
NZ_CP136968.1	170702	2
NZ_CP136968.1	170703	2
NZ_CP136968.1	170704	2
NZ_CP136968.1	170705	2
NZ_CP136968.1	170706	2
NZ_CP136968.1	170707	2
NZ_CP136968.1	170708	2
NZ_CP136968.1	170709	2
NZ_CP136968.1	170710	2
NZ_CP136968.1	170711	2
NZ_CP136968.1	170712	2
NZ_CP136968.1	170713	2
NZ_CP136968.1	170714	2
NZ_CP136968.1	170715	2
NZ_CP136968.1	170716	2
NZ_CP136968.1	170717	2
NZ_CP136968.1	170718	2
NZ_CP136968.1	170719	2
NZ_CP136968.1	170720	2
NZ_CP136968.1	170721	2
NZ_CP136968.1	170722	2
NZ_CP136968.1	170723	2
NZ_CP136968.1	170724	2
NZ_CP136968.1	170725	2
NZ_CP136968.1	170726	2
NZ_CP136968.1	170727	2
NZ_CP136968.1	170728	3
NZ_CP136968.1	170729	3
NZ_CP136968.1	170730	3
NZ_CP136968.1	170731	3
NZ_CP136968.1	170732	3
NZ_CP136968.1	170733	3
NZ_CP136968.1	170734	3
NZ_CP136968.1	170735	4
NZ_CP136968.1	170736	4
NZ_CP136968.1	170737	4
NZ_CP136968.1	170738	4
NZ_CP136968.1	170739	4
NZ_CP136968.1	170740	4
NZ_CP136968.1	170741	4
NZ_CP136968.1	170742	4
NZ_CP136968.1	170743	4
NZ_CP136968.1	170744	4
NZ_CP136968.1	170745	4
NZ_CP136968.1	170746	4
NZ_CP136968.1	170747	4
NZ_CP136968.1	170748	4
NZ_CP136968.1	170749	4
NZ_CP136968.1	170750	4
NZ_CP136968.1	170751	4
NZ_CP136968.1	170752	4
NZ_CP136968.1	170753	4
NZ_CP136968.1	170754	4
NZ_CP136968.1	170755	4
NZ_CP136968.1	170756	4
NZ_CP136968.1	170757	4
NZ_CP136968.1	170758	4
NZ_CP136968.1	170759	4
NZ_CP136968.1	170760	4
NZ_CP136968.1	170761	4
NZ_CP136968.1	170762	4
NZ_CP136968.1	170763	4
NZ_CP136968.1	170764	4
NZ_CP136968.1	170765	4
NZ_CP136968.1	170766	4
NZ_CP136968.1	170767	4
NZ_CP136968.1	170768	4
NZ_CP136968.1	170769	4
NZ_CP136968.1	170770	4
NZ_CP136968.1	170771	4
NZ_CP136968.1	170772	4
NZ_CP136968.1	170773	4
NZ_CP136968.1	170774	4
NZ_CP136968.1	170775	4
NZ_CP136968.1	170776	4
NZ_CP136968.1	170777	4
NZ_CP136968.1	170778	5
NZ_CP136968.1	170779	5
NZ_CP136968.1	170780	5
NZ_CP136968.1	170781	5
NZ_CP136968.1	170782	5
NZ_CP136968.1	170783	5
NZ_CP136968.1	170784	6
NZ_CP136968.1	170785	6
NZ_CP136968.1	170786	6
NZ_CP136968.1	170787	6
NZ_CP136968.1	170788	6
NZ_CP136968.1	170789	6
NZ_CP136968.1	170790	6
NZ_CP136968.1	170791	6
NZ_CP136968.1	170792	6
NZ_CP136968.1	170793	6
NZ_CP136968.1	170794	6
NZ_CP136968.1	170795	6
NZ_CP136968.1	170796	6
NZ_CP136968.1	170797	6
NZ_CP136968.1	170798	6
NZ_CP136968.1	170799	6
NZ_CP136968.1	170800	6
NZ_CP136968.1	170801	6
NZ_CP136968.1	170802	6
NZ_CP136968.1	170803	6
NZ_CP136968.1	170804	6
NZ_CP136968.1	170805	6
NZ_CP136968.1	170806	6
NZ_CP136968.1	170807	6
NZ_CP136968.1	170808	6
NZ_CP136968.1	170809	6
NZ_CP136968.1	170810	6
NZ_CP136968.1	170811	6
NZ_CP136968.1	170812	6
NZ_CP136968.1	170813	6
NZ_CP136968.1	170814	6
NZ_CP136968.1	170815	6
NZ_CP136968.1	170816	6
NZ_CP136968.1	170817	6
NZ_CP136968.1	170818	6
NZ_CP136968.1	170819	6
NZ_CP136968.1	170820	6
NZ_CP136968.1	170821	6
NZ_CP136968.1	170822	6
NZ_CP136968.1	170823	6
NZ_CP136968.1	170824	6
NZ_CP136968.1	170825	6
NZ_CP136968.1	170826	6
NZ_CP136968.1	170827	6
NZ_CP136968.1	170828	6
NZ_CP136968.1	170829	6
NZ_CP136968.1	170830	6
NZ_CP136968.1	170831	6
NZ_CP136968.1	170832	6
NZ_CP136968.1	170833	6
NZ_CP136968.1	170834	6
NZ_CP136968.1	170835	6
NZ_CP136968.1	170836	6
NZ_CP136968.1	170837	6
NZ_CP136968.1	170838	6
NZ_CP136968.1	170839	6
NZ_CP136968.1	170840	6
NZ_CP136968.1	170841	6
NZ_CP136968.1	170842	6
NZ_CP136968.1	170843	7
NZ_CP136968.1	170844	7
NZ_CP136968.1	170845	8
NZ_CP136968.1	170846	7
NZ_CP136968.1	170847	7
NZ_CP136968.1	170848	7
NZ_CP136968.1	170849	7
NZ_CP136968.1	170850	7
NZ_CP136968.1	170851	7
NZ_CP136968.1	170852	7
NZ_CP136968.1	170853	7
NZ_CP136968.1	170854	7
NZ_CP136968.1	170855	7
NZ_CP136968.1	170856	7
NZ_CP136968.1	170857	7
NZ_CP136968.1	170858	7
NZ_CP136968.1	170859	7
NZ_CP136968.1	170860	7
NZ_CP136968.1	170861	7
NZ_CP136968.1	170862	7
NZ_CP136968.1	170863	7
NZ_CP136968.1	170864	6
NZ_CP136968.1	170865	6
NZ_CP136968.1	170866	6
NZ_CP136968.1	170867	6
NZ_CP136968.1	170868	6
NZ_CP136968.1	170869	6
NZ_CP136968.1	170870	6
NZ_CP136968.1	170871	6
NZ_CP136968.1	170872	6
NZ_CP136968.1	170873	5
NZ_CP136968.1	170874	5
NZ_CP136968.1	170875	5
NZ_CP136968.1	170876	5
NZ_CP136968.1	170877	5
NZ_CP136968.1	170878	5
NZ_CP136968.1	170879	5
NZ_CP136968.1	170880	5
NZ_CP136968.1	170881	5
NZ_CP136968.1	170882	4
NZ_CP136968.1	170883	4
NZ_CP136968.1	170884	4
NZ_CP136968.1	170885	4
NZ_CP136968.1	170886	4
NZ_CP136968.1	170887	4
NZ_CP136968.1	170888	4
NZ_CP136968.1	170889	4
NZ_CP136968.1	170890	4
NZ_CP136968.1	170891	4
NZ_CP136968.1	170892	4
NZ_CP136968.1	170893	4
NZ_CP136968.1	170894	4
NZ_CP136968.1	170895	4
NZ_CP136968.1	170896	4
NZ_CP136968.1	170897	4
NZ_CP136968.1	170898	4
NZ_CP136968.1	170899	4
NZ_CP136968.1	170900	4
NZ_CP136968.1	170901	4
NZ_CP136968.1	170902	4
NZ_CP136968.1	170903	4
NZ_CP136968.1	170904	4
NZ_CP136968.1	170905	4
NZ_CP136968.1	170906	4
NZ_CP136968.1	170907	4
NZ_CP136968.1	170908	4
NZ_CP136968.1	170909	4
NZ_CP136968.1	170910	4
NZ_CP136968.1	170911	4
NZ_CP136968.1	170912	4
NZ_CP136968.1	170913	4
NZ_CP136968.1	170914	4
NZ_CP136968.1	170915	4
NZ_CP136968.1	170916	4
NZ_CP136968.1	170917	4
NZ_CP136968.1	170918	4
NZ_CP136968.1	170919	4
NZ_CP136968.1	170920	4
NZ_CP136968.1	170921	4
NZ_CP136968.1	170922	4
NZ_CP136968.1	170923	4
NZ_CP136968.1	170924	4
NZ_CP136968.1	170925	4
NZ_CP136968.1	170926	4
NZ_CP136968.1	170927	4
NZ_CP136968.1	170928	3
NZ_CP136968.1	170929	4
NZ_CP136968.1	170930	4
NZ_CP136968.1	170931	4
NZ_CP136968.1	170932	4
NZ_CP136968.1	170933	4
NZ_CP136968.1	170934	3
NZ_CP136968.1	170935	3
NZ_CP136968.1	170936	3
NZ_CP136968.1	170937	4
NZ_CP136968.1	170938	4
NZ_CP136968.1	170939	4
NZ_CP136968.1	170940	4
NZ_CP136968.1	170941	2
NZ_CP136968.1	170942	4
NZ_CP136968.1	170943	4
NZ_CP136968.1	170944	4
NZ_CP136968.1	170945	4
NZ_CP136968.1	170946	9
NZ_CP136968.1	170947	9
NZ_CP136968.1	170948	9
NZ_CP136968.1	170949	9
NZ_CP136968.1	170950	9
NZ_CP136968.1	170951	10
NZ_CP136968.1	170952	10
NZ_CP136968.1	170953	12
NZ_CP136968.1	170954	13
NZ_CP136968.1	170955	13
NZ_CP136968.1	170956	13
NZ_CP136968.1	170957	13
NZ_CP136968.1	170958	13
NZ_CP136968.1	170959	13
NZ_CP136968.1	170960	13
NZ_CP136968.1	170961	13
NZ_CP136968.1	170962	13
NZ_CP136968.1	170963	14
NZ_CP136968.1	170964	14
NZ_CP136968.1	170965	14
NZ_CP136968.1	170966	14
NZ_CP136968.1	170967	14
NZ_CP136968.1	170968	14
NZ_CP136968.1	170969	14
NZ_CP136968.1	170970	14
NZ_CP136968.1	170971	15
NZ_CP136968.1	170972	15
NZ_CP136968.1	170973	15
NZ_CP136968.1	170974	15
NZ_CP136968.1	170975	15
NZ_CP136968.1	170976	15
NZ_CP136968.1	170977	15
NZ_CP136968.1	170978	16
NZ_CP136968.1	170979	16
NZ_CP136968.1	170980	16
NZ_CP136968.1	170981	16
NZ_CP136968.1	170982	17
NZ_CP136968.1	170983	17
NZ_CP136968.1	170984	17
NZ_CP136968.1	170985	17
NZ_CP136968.1	170986	18
NZ_CP136968.1	170987	18
NZ_CP136968.1	170988	19
NZ_CP136968.1	170989	19
NZ_CP136968.1	170990	24
NZ_CP136968.1	170991	25
NZ_CP136968.1	170992	26
NZ_CP136968.1	170993	25
NZ_CP136968.1	170994	26
NZ_CP136968.1	170995	25
NZ_CP136968.1	170996	26
NZ_CP136968.1	170997	26
NZ_CP136968.1	170998	26
NZ_CP136968.1	170999	28
NZ_CP136968.1	171000	28
NZ_CP136968.1	171001	28
NZ_CP136968.1	171002	28
NZ_CP136968.1	171003	28
NZ_CP136968.1	171004	28
NZ_CP136968.1	171005	28
NZ_CP136968.1	171006	28
NZ_CP136968.1	171007	28
NZ_CP136968.1	171008	28
NZ_CP136968.1	171009	28
NZ_CP136968.1	171010	28
NZ_CP136968.1	171011	28
NZ_CP136968.1	171012	28
NZ_CP136968.1	171013	28
NZ_CP136968.1	171014	28
NZ_CP136968.1	171015	28
NZ_CP136968.1	171016	30
NZ_CP136968.1	171017	30
NZ_CP136968.1	171018	31
NZ_CP136968.1	171019	31
NZ_CP136968.1	171020	32
NZ_CP136968.1	171021	35
NZ_CP136968.1	171022	36
NZ_CP136968.1	171023	36
NZ_CP136968.1	171024	36
NZ_CP136968.1	171025	37
NZ_CP136968.1	171026	38
NZ_CP136968.1	171027	38
NZ_CP136968.1	171028	38
NZ_CP136968.1	171029	38
NZ_CP136968.1	171030	38
NZ_CP136968.1	171031	38
NZ_CP136968.1	171032	38
NZ_CP136968.1	171033	38
NZ_CP136968.1	171034	38
NZ_CP136968.1	171035	38
NZ_CP136968.1	171036	40
NZ_CP136968.1	171037	40
NZ_CP136968.1	171038	41
NZ_CP136968.1	171039	42
NZ_CP136968.1	171040	43
NZ_CP136968.1	171041	44
NZ_CP136968.1	171042	44
NZ_CP136968.1	171043	45
NZ_CP136968.1	171044	45
NZ_CP136968.1	171045	47
NZ_CP136968.1	171046	49
NZ_CP136968.1	171047	51
NZ_CP136968.1	171048	52
NZ_CP136968.1	171049	53
NZ_CP136968.1	171050	53
NZ_CP136968.1	171051	53
NZ_CP136968.1	171052	53
NZ_CP136968.1	171053	53
NZ_CP136968.1	171054	53
NZ_CP136968.1	171055	53
NZ_CP136968.1	171056	54
NZ_CP136968.1	171057	54
NZ_CP136968.1	171058	54
NZ_CP136968.1	171059	55
NZ_CP136968.1	171060	55
NZ_CP136968.1	171061	56
NZ_CP136968.1	171062	56
NZ_CP136968.1	171063	51
NZ_CP136968.1	171064	51
NZ_CP136968.1	171065	58
NZ_CP136968.1	171066	55
NZ_CP136968.1	171067	59
NZ_CP136968.1	171068	60
NZ_CP136968.1	171069	61
NZ_CP136968.1	171070	61
NZ_CP136968.1	171071	63
NZ_CP136968.1	171072	66
NZ_CP136968.1	171073	66
NZ_CP136968.1	171074	67
NZ_CP136968.1	171075	68
NZ_CP136968.1	171076	69
NZ_CP136968.1	171077	70
NZ_CP136968.1	171078	70
NZ_CP136968.1	171079	69
NZ_CP136968.1	171080	69
NZ_CP136968.1	171081	73
NZ_CP136968.1	171082	73
NZ_CP136968.1	171083	74
NZ_CP136968.1	171084	74
NZ_CP136968.1	171085	75
NZ_CP136968.1	171086	77
NZ_CP136968.1	171087	77
NZ_CP136968.1	171088	77
NZ_CP136968.1	171089	62
NZ_CP136968.1	171090	80
NZ_CP136968.1	171091	80
NZ_CP136968.1	171092	81
NZ_CP136968.1	171093	81
NZ_CP136968.1	171094	83
NZ_CP136968.1	171095	83
NZ_CP136968.1	171096	78
NZ_CP136968.1	171097	81
NZ_CP136968.1	171098	84
NZ_CP136968.1	171099	85
NZ_CP136968.1	171100	85
NZ_CP136968.1	171101	84
NZ_CP136968.1	171102	84
NZ_CP136968.1	171103	89
NZ_CP136968.1	171104	91
NZ_CP136968.1	171105	93
NZ_CP136968.1	171106	85
NZ_CP136968.1	171107	98
NZ_CP136968.1	171108	98
NZ_CP136968.1	171109	103
NZ_CP136968.1	171110	104
NZ_CP136968.1	171111	104
NZ_CP136968.1	171112	107
NZ_CP136968.1	171113	107
NZ_CP136968.1	171114	110
NZ_CP136968.1	171115	110
NZ_CP136968.1	171116	111
NZ_CP136968.1	171117	112
NZ_CP136968.1	171118	112
NZ_CP136968.1	171119	115
NZ_CP136968.1	171120	116
NZ_CP136968.1	171121	118
NZ_CP136968.1	171122	120
NZ_CP136968.1	171123	125
NZ_CP136968.1	171124	131
NZ_CP136968.1	171125	136
NZ_CP136968.1	171126	137
NZ_CP136968.1	171127	137
NZ_CP136968.1	171128	136
NZ_CP136968.1	171129	136
NZ_CP136968.1	171130	138
NZ_CP136968.1	171131	138
NZ_CP136968.1	171132	140
NZ_CP136968.1	171133	140
NZ_CP136968.1	171134	140
NZ_CP136968.1	171135	143
NZ_CP136968.1	171136	143
NZ_CP136968.1	171137	144
NZ_CP136968.1	171138	145
NZ_CP136968.1	171139	148
NZ_CP136968.1	171140	145
NZ_CP136968.1	171141	144
NZ_CP136968.1	171142	144
NZ_CP136968.1	171143	147
NZ_CP136968.1	171144	149
NZ_CP136968.1	171145	151
NZ_CP136968.1	171146	150
NZ_CP136968.1	171147	150
NZ_CP136968.1	171148	152
NZ_CP136968.1	171149	151
NZ_CP136968.1	171150	158
NZ_CP136968.1	171151	164
NZ_CP136968.1	171152	165
NZ_CP136968.1	171153	166
NZ_CP136968.1	171154	166
NZ_CP136968.1	171155	170
NZ_CP136968.1	171156	170
NZ_CP136968.1	171157	170
NZ_CP136968.1	171158	172
NZ_CP136968.1	171159	172
NZ_CP136968.1	171160	173
NZ_CP136968.1	171161	172
NZ_CP136968.1	171162	176
NZ_CP136968.1	171163	178
NZ_CP136968.1	171164	178
NZ_CP136968.1	171165	179
NZ_CP136968.1	171166	178
NZ_CP136968.1	171167	180
NZ_CP136968.1	171168	179
NZ_CP136968.1	171169	182
NZ_CP136968.1	171170	181
NZ_CP136968.1	171171	178
NZ_CP136968.1	171172	178
NZ_CP136968.1	171173	179
NZ_CP136968.1	171174	179
NZ_CP136968.1	171175	178
NZ_CP136968.1	171176	177
NZ_CP136968.1	171177	177
NZ_CP136968.1	171178	177
NZ_CP136968.1	171179	177
NZ_CP136968.1	171180	179
NZ_CP136968.1	171181	180
NZ_CP136968.1	171182	178
NZ_CP136968.1	171183	179
NZ_CP136968.1	171184	181
NZ_CP136968.1	171185	182
NZ_CP136968.1	171186	182
NZ_CP136968.1	171187	182
NZ_CP136968.1	171188	183
NZ_CP136968.1	171189	183
NZ_CP136968.1	171190	182
NZ_CP136968.1	171191	180
NZ_CP136968.1	171192	180
NZ_CP136968.1	171193	179
NZ_CP136968.1	171194	181
NZ_CP136968.1	171195	143
NZ_CP136968.1	171196	141
NZ_CP136968.1	171197	139
NZ_CP136968.1	171198	175
NZ_CP136968.1	171199	175
NZ_CP136968.1	171200	176
NZ_CP136968.1	171201	176
NZ_CP136968.1	171202	170
NZ_CP136968.1	171203	160
NZ_CP136968.1	171204	168
NZ_CP136968.1	171205	135
NZ_CP136968.1	171206	141
NZ_CP136968.1	171207	141
NZ_CP136968.1	171208	142
NZ_CP136968.1	171209	179
NZ_CP136968.1	171210	179
NZ_CP136968.1	171211	176
NZ_CP136968.1	171212	176
NZ_CP136968.1	171213	176
NZ_CP136968.1	171214	177
NZ_CP136968.1	171215	178
NZ_CP136968.1	171216	177
NZ_CP136968.1	171217	177
NZ_CP136968.1	171218	177
NZ_CP136968.1	171219	177
NZ_CP136968.1	171220	176
NZ_CP136968.1	171221	174
NZ_CP136968.1	171222	175
NZ_CP136968.1	171223	174
NZ_CP136968.1	171224	174
NZ_CP136968.1	171225	173
NZ_CP136968.1	171226	172
NZ_CP136968.1	171227	172
NZ_CP136968.1	171228	171
NZ_CP136968.1	171229	173
NZ_CP136968.1	171230	173
NZ_CP136968.1	171231	169
NZ_CP136968.1	171232	169
NZ_CP136968.1	171233	168
NZ_CP136968.1	171234	168
NZ_CP136968.1	171235	167
NZ_CP136968.1	171236	165
NZ_CP136968.1	171237	164
NZ_CP136968.1	171238	164
NZ_CP136968.1	171239	164
NZ_CP136968.1	171240	161
NZ_CP136968.1	171241	161
NZ_CP136968.1	171242	161
NZ_CP136968.1	171243	160
NZ_CP136968.1	171244	158
NZ_CP136968.1	171245	158
NZ_CP136968.1	171246	158
NZ_CP136968.1	171247	155
NZ_CP136968.1	171248	153
NZ_CP136968.1	171249	153
NZ_CP136968.1	171250	153
NZ_CP136968.1	171251	153
NZ_CP136968.1	171252	154
NZ_CP136968.1	171253	152
NZ_CP136968.1	171254	149
NZ_CP136968.1	171255	147
NZ_CP136968.1	171256	147
NZ_CP136968.1	171257	147
NZ_CP136968.1	171258	147
NZ_CP136968.1	171259	145
NZ_CP136968.1	171260	143
NZ_CP136968.1	171261	142
NZ_CP136968.1	171262	140
NZ_CP136968.1	171263	139
NZ_CP136968.1	171264	136
NZ_CP136968.1	171265	136
NZ_CP136968.1	171266	132
NZ_CP136968.1	171267	131
NZ_CP136968.1	171268	131
NZ_CP136968.1	171269	128
NZ_CP136968.1	171270	128
NZ_CP136968.1	171271	123
NZ_CP136968.1	171272	122
NZ_CP136968.1	171273	120
NZ_CP136968.1	171274	116
NZ_CP136968.1	171275	116
NZ_CP136968.1	171276	113
NZ_CP136968.1	171277	112
NZ_CP136968.1	171278	112
NZ_CP136968.1	171279	111
NZ_CP136968.1	171280	108
NZ_CP136968.1	171281	105
NZ_CP136968.1	171282	99
NZ_CP136968.1	171283	98
NZ_CP136968.1	171284	98
NZ_CP136968.1	171285	96
NZ_CP136968.1	171286	94
NZ_CP136968.1	171287	93
NZ_CP136968.1	171288	90
NZ_CP136968.1	171289	88
NZ_CP136968.1	171290	86
NZ_CP136968.1	171291	86
NZ_CP136968.1	171292	85
NZ_CP136968.1	171293	84
NZ_CP136968.1	171294	80
NZ_CP136968.1	171295	78
NZ_CP136968.1	171296	77
NZ_CP136968.1	171297	77
NZ_CP136968.1	171298	75
NZ_CP136968.1	171299	74
NZ_CP136968.1	171300	68
NZ_CP136968.1	171301	63
NZ_CP136968.1	171302	62
NZ_CP136968.1	171303	61
NZ_CP136968.1	171304	62
NZ_CP136968.1	171305	63
NZ_CP136968.1	171306	61
NZ_CP136968.1	171307	61
NZ_CP136968.1	171308	60
NZ_CP136968.1	171309	59
NZ_CP136968.1	171310	61
NZ_CP136968.1	171311	61
NZ_CP136968.1	171312	58
NZ_CP136968.1	171313	57
NZ_CP136968.1	171314	61
NZ_CP136968.1	171315	60
NZ_CP136968.1	171316	61
NZ_CP136968.1	171317	59
NZ_CP136968.1	171318	63
NZ_CP136968.1	171319	60
NZ_CP136968.1	171320	61
NZ_CP136968.1	171321	64
NZ_CP136968.1	171322	64
NZ_CP136968.1	171323	64
NZ_CP136968.1	171324	66
NZ_CP136968.1	171325	66
NZ_CP136968.1	171326	66
NZ_CP136968.1	171327	67
NZ_CP136968.1	171328	67
NZ_CP136968.1	171329	67
NZ_CP136968.1	171330	67
NZ_CP136968.1	171331	67
NZ_CP136968.1	171332	67
NZ_CP136968.1	171333	77
NZ_CP136968.1	171334	86
NZ_CP136968.1	171335	94
NZ_CP136968.1	171336	94
NZ_CP136968.1	171337	104
NZ_CP136968.1	171338	100
NZ_CP136968.1	171339	103
NZ_CP136968.1	171340	95
NZ_CP136968.1	171341	101
NZ_CP136968.1	171342	105
NZ_CP136968.1	171343	112
NZ_CP136968.1	171344	117
NZ_CP136968.1	171345	120
NZ_CP136968.1	171346	120
NZ_CP136968.1	171347	120
NZ_CP136968.1	171348	119
NZ_CP136968.1	171349	120
NZ_CP136968.1	171350	122
NZ_CP136968.1	171351	124
NZ_CP136968.1	171352	127
NZ_CP136968.1	171353	128
NZ_CP136968.1	171354	127
NZ_CP136968.1	171355	127
NZ_CP136968.1	171356	129
NZ_CP136968.1	171357	137
NZ_CP136968.1	171358	138
NZ_CP136968.1	171359	136
NZ_CP136968.1	171360	138
NZ_CP136968.1	171361	141
NZ_CP136968.1	171362	143
NZ_CP136968.1	171363	145
NZ_CP136968.1	171364	145
NZ_CP136968.1	171365	144
NZ_CP136968.1	171366	145
NZ_CP136968.1	171367	146
NZ_CP136968.1	171368	144
NZ_CP136968.1	171369	145
NZ_CP136968.1	171370	147
NZ_CP136968.1	171371	147
NZ_CP136968.1	171372	148
NZ_CP136968.1	171373	148
NZ_CP136968.1	171374	147
NZ_CP136968.1	171375	147
NZ_CP136968.1	171376	150
NZ_CP136968.1	171377	150
NZ_CP136968.1	171378	151
NZ_CP136968.1	171379	154
NZ_CP136968.1	171380	155
NZ_CP136968.1	171381	156
NZ_CP136968.1	171382	157
NZ_CP136968.1	171383	157
NZ_CP136968.1	171384	157
NZ_CP136968.1	171385	157
NZ_CP136968.1	171386	158
NZ_CP136968.1	171387	158
NZ_CP136968.1	171388	158
NZ_CP136968.1	171389	159
NZ_CP136968.1	171390	159
NZ_CP136968.1	171391	159
NZ_CP136968.1	171392	159
NZ_CP136968.1	171393	160
NZ_CP136968.1	171394	161
NZ_CP136968.1	171395	162
NZ_CP136968.1	171396	162
NZ_CP136968.1	171397	165
NZ_CP136968.1	171398	166
NZ_CP136968.1	171399	165
NZ_CP136968.1	171400	166
NZ_CP136968.1	171401	166
NZ_CP136968.1	171402	168
NZ_CP136968.1	171403	165
NZ_CP136968.1	171404	172
NZ_CP136968.1	171405	173
NZ_CP136968.1	171406	174
NZ_CP136968.1	171407	175
NZ_CP136968.1	171408	176
NZ_CP136968.1	171409	176
NZ_CP136968.1	171410	177
NZ_CP136968.1	171411	177
NZ_CP136968.1	171412	181
NZ_CP136968.1	171413	180
NZ_CP136968.1	171414	180
NZ_CP136968.1	171415	180
NZ_CP136968.1	171416	180
NZ_CP136968.1	171417	182
NZ_CP136968.1	171418	183
NZ_CP136968.1	171419	184
NZ_CP136968.1	171420	184
NZ_CP136968.1	171421	184
NZ_CP136968.1	171422	184
NZ_CP136968.1	171423	184
NZ_CP136968.1	171424	184
NZ_CP136968.1	171425	184
NZ_CP136968.1	171426	188
NZ_CP136968.1	171427	188
NZ_CP136968.1	171428	188
NZ_CP136968.1	171429	75
NZ_CP136968.1	171430	193
NZ_CP136968.1	171431	166
NZ_CP136968.1	171432	194
NZ_CP136968.1	171433	193
NZ_CP136968.1	171434	201
NZ_CP136968.1	171435	203
NZ_CP136968.1	171436	203
NZ_CP136968.1	171437	203
NZ_CP136968.1	171438	203
NZ_CP136968.1	171439	202
NZ_CP136968.1	171440	202
NZ_CP136968.1	171441	202
NZ_CP136968.1	171442	202
NZ_CP136968.1	171443	202
NZ_CP136968.1	171444	202
NZ_CP136968.1	171445	202
NZ_CP136968.1	171446	202
NZ_CP136968.1	171447	202
NZ_CP136968.1	171448	202
NZ_CP136968.1	171449	202
NZ_CP136968.1	171450	201
NZ_CP136968.1	171451	200
NZ_CP136968.1	171452	200
NZ_CP136968.1	171453	200
NZ_CP136968.1	171454	199
NZ_CP136968.1	171455	196
NZ_CP136968.1	171456	196
NZ_CP136968.1	171457	195
NZ_CP136968.1	171458	194
NZ_CP136968.1	171459	194
NZ_CP136968.1	171460	194
NZ_CP136968.1	171461	194
NZ_CP136968.1	171462	194
NZ_CP136968.1	171463	192
NZ_CP136968.1	171464	188
NZ_CP136968.1	171465	188
NZ_CP136968.1	171466	187
NZ_CP136968.1	171467	187
NZ_CP136968.1	171468	182
NZ_CP136968.1	171469	181
NZ_CP136968.1	171470	180
NZ_CP136968.1	171471	177
NZ_CP136968.1	171472	176
NZ_CP136968.1	171473	175
NZ_CP136968.1	171474	173
NZ_CP136968.1	171475	173
NZ_CP136968.1	171476	173
NZ_CP136968.1	171477	172
NZ_CP136968.1	171478	172
NZ_CP136968.1	171479	172
NZ_CP136968.1	171480	171
NZ_CP136968.1	171481	170
NZ_CP136968.1	171482	170
NZ_CP136968.1	171483	169
NZ_CP136968.1	171484	155
NZ_CP136968.1	171485	148
NZ_CP136968.1	171486	143
NZ_CP136968.1	171487	142
NZ_CP136968.1	171488	128
NZ_CP136968.1	171489	128
NZ_CP136968.1	171490	128
NZ_CP136968.1	171491	128
NZ_CP136968.1	171492	124
NZ_CP136968.1	171493	122
NZ_CP136968.1	171494	118
NZ_CP136968.1	171495	111
NZ_CP136968.1	171496	108
NZ_CP136968.1	171497	108
NZ_CP136968.1	171498	108
NZ_CP136968.1	171499	108
NZ_CP136968.1	171500	104
NZ_CP136968.1	171501	102
NZ_CP136968.1	171502	100
NZ_CP136968.1	171503	97
NZ_CP136968.1	171504	96
NZ_CP136968.1	171505	96
NZ_CP136968.1	171506	96
NZ_CP136968.1	171507	92
NZ_CP136968.1	171508	86
NZ_CP136968.1	171509	84
NZ_CP136968.1	171510	84
NZ_CP136968.1	171511	81
NZ_CP136968.1	171512	78
NZ_CP136968.1	171513	78
NZ_CP136968.1	171514	76
NZ_CP136968.1	171515	75
NZ_CP136968.1	171516	74
NZ_CP136968.1	171517	74
NZ_CP136968.1	171518	73
NZ_CP136968.1	171519	72
NZ_CP136968.1	171520	72
NZ_CP136968.1	171521	62
NZ_CP136968.1	171522	68
NZ_CP136968.1	171523	68
NZ_CP136968.1	171524	67
NZ_CP136968.1	171525	67
NZ_CP136968.1	171526	67
NZ_CP136968.1	171527	63
NZ_CP136968.1	171528	63
NZ_CP136968.1	171529	62
NZ_CP136968.1	171530	58
NZ_CP136968.1	171531	57
NZ_CP136968.1	171532	56
NZ_CP136968.1	171533	55
NZ_CP136968.1	171534	55
NZ_CP136968.1	171535	55
NZ_CP136968.1	171536	55
NZ_CP136968.1	171537	54
NZ_CP136968.1	171538	54
NZ_CP136968.1	171539	54
NZ_CP136968.1	171540	53
NZ_CP136968.1	171541	53
NZ_CP136968.1	171542	53
NZ_CP136968.1	171543	53
NZ_CP136968.1	171544	52
NZ_CP136968.1	171545	51
NZ_CP136968.1	171546	50
NZ_CP136968.1	171547	50
NZ_CP136968.1	171548	46
NZ_CP136968.1	171549	46
NZ_CP136968.1	171550	46
NZ_CP136968.1	171551	45
NZ_CP136968.1	171552	45
NZ_CP136968.1	171553	42
NZ_CP136968.1	171554	41
NZ_CP136968.1	171555	34
NZ_CP136968.1	171556	34
NZ_CP136968.1	171557	33
NZ_CP136968.1	171558	31
NZ_CP136968.1	171559	31
NZ_CP136968.1	171560	31
NZ_CP136968.1	171561	30
NZ_CP136968.1	171562	30
NZ_CP136968.1	171563	26
NZ_CP136968.1	171564	26
NZ_CP136968.1	171565	26
NZ_CP136968.1	171566	26
NZ_CP136968.1	171567	26
NZ_CP136968.1	171568	24
NZ_CP136968.1	171569	23
NZ_CP136968.1	171570	22
NZ_CP136968.1	171571	22
NZ_CP136968.1	171572	22
NZ_CP136968.1	171573	22
NZ_CP136968.1	171574	22
NZ_CP136968.1	171575	22
NZ_CP136968.1	171576	22
NZ_CP136968.1	171577	17
NZ_CP136968.1	171578	16
NZ_CP136968.1	171579	15
NZ_CP136968.1	171580	11
NZ_CP136968.1	171581	11
NZ_CP136968.1	171582	10
NZ_CP136968.1	171583	10
NZ_CP136968.1	171584	2
NZ_CP136968.1	172379	1
NZ_CP136968.1	172380	1
NZ_CP136968.1	172381	1
NZ_CP136968.1	172382	1
NZ_CP136968.1	172383	1
NZ_CP136968.1	172384	1
NZ_CP136968.1	172385	1
NZ_CP136968.1	172386	1
NZ_CP136968.1	172387	1
NZ_CP136968.1	172388	1
NZ_CP136968.1	172389	1
NZ_CP136968.1	172390	1
NZ_CP136968.1	172391	1
NZ_CP136968.1	172392	1
NZ_CP136968.1	172393	1
NZ_CP136968.1	172394	1
NZ_CP136968.1	172395	1
NZ_CP136968.1	172396	1
NZ_CP136968.1	172397	1
NZ_CP136968.1	172398	1
NZ_CP136968.1	172399	1
NZ_CP136968.1	172400	1
NZ_CP136968.1	172401	2
NZ_CP136968.1	172402	2
NZ_CP136968.1	172403	2
NZ_CP136968.1	172404	2
NZ_CP136968.1	172405	2
NZ_CP136968.1	172406	2
NZ_CP136968.1	172407	2
NZ_CP136968.1	172408	2
NZ_CP136968.1	172409	2
NZ_CP136968.1	172410	2
NZ_CP136968.1	172411	2
NZ_CP136968.1	172412	2
NZ_CP136968.1	172413	2
NZ_CP136968.1	172414	2
NZ_CP136968.1	172415	2
NZ_CP136968.1	172416	2
NZ_CP136968.1	172417	2
NZ_CP136968.1	172418	3
NZ_CP136968.1	172419	3
NZ_CP136968.1	172420	4
NZ_CP136968.1	172421	5
NZ_CP136968.1	172422	6
NZ_CP136968.1	172423	7
NZ_CP136968.1	172424	9
NZ_CP136968.1	172425	11
NZ_CP136968.1	172426	12
NZ_CP136968.1	172427	13
NZ_CP136968.1	172428	11
NZ_CP136968.1	172429	15
NZ_CP136968.1	172430	17
NZ_CP136968.1	172431	20
NZ_CP136968.1	172432	21
NZ_CP136968.1	172433	22
NZ_CP136968.1	172434	23
NZ_CP136968.1	172435	23
NZ_CP136968.1	172436	23
NZ_CP136968.1	172437	27
NZ_CP136968.1	172438	29
NZ_CP136968.1	172439	33
NZ_CP136968.1	172440	37
NZ_CP136968.1	172441	37
NZ_CP136968.1	172442	38
NZ_CP136968.1	172443	38
NZ_CP136968.1	172444	38
NZ_CP136968.1	172445	38
NZ_CP136968.1	172446	39
NZ_CP136968.1	172447	41
NZ_CP136968.1	172448	42
NZ_CP136968.1	172449	42
NZ_CP136968.1	172450	44
NZ_CP136968.1	172451	45
NZ_CP136968.1	172452	47
NZ_CP136968.1	172453	47
NZ_CP136968.1	172454	48
NZ_CP136968.1	172455	48
NZ_CP136968.1	172456	49
NZ_CP136968.1	172457	49
NZ_CP136968.1	172458	53
NZ_CP136968.1	172459	54
NZ_CP136968.1	172460	54
NZ_CP136968.1	172461	54
NZ_CP136968.1	172462	54
NZ_CP136968.1	172463	54
NZ_CP136968.1	172464	54
NZ_CP136968.1	172465	55
NZ_CP136968.1	172466	55
NZ_CP136968.1	172467	63
NZ_CP136968.1	172468	71
NZ_CP136968.1	172469	83
NZ_CP136968.1	172470	84
NZ_CP136968.1	172471	87
NZ_CP136968.1	172472	87
NZ_CP136968.1	172473	88
NZ_CP136968.1	172474	94
NZ_CP136968.1	172475	95
NZ_CP136968.1	172476	95
NZ_CP136968.1	172477	95
NZ_CP136968.1	172478	95
NZ_CP136968.1	172479	98
NZ_CP136968.1	172480	100
NZ_CP136968.1	172481	100
NZ_CP136968.1	172482	101
NZ_CP136968.1	172483	101
NZ_CP136968.1	172484	101
NZ_CP136968.1	172485	101
NZ_CP136968.1	172486	102
NZ_CP136968.1	172487	103
NZ_CP136968.1	172488	103
NZ_CP136968.1	172489	103
NZ_CP136968.1	172490	103
NZ_CP136968.1	172491	103
NZ_CP136968.1	172492	103
NZ_CP136968.1	172493	103
NZ_CP136968.1	172494	106
NZ_CP136968.1	172495	106
NZ_CP136968.1	172496	106
NZ_CP136968.1	172497	106
NZ_CP136968.1	172498	106
NZ_CP136968.1	172499	107
NZ_CP136968.1	172500	107
NZ_CP136968.1	172501	108
NZ_CP136968.1	172502	108
NZ_CP136968.1	172503	109
NZ_CP136968.1	172504	110
NZ_CP136968.1	172505	111
NZ_CP136968.1	172506	111
NZ_CP136968.1	172507	111
NZ_CP136968.1	172508	113
NZ_CP136968.1	172509	114
NZ_CP136968.1	172510	115
NZ_CP136968.1	172511	116
NZ_CP136968.1	172512	116
NZ_CP136968.1	172513	116
NZ_CP136968.1	172514	116
NZ_CP136968.1	172515	116
NZ_CP136968.1	172516	116
NZ_CP136968.1	172517	116
NZ_CP136968.1	172518	116
NZ_CP136968.1	172519	116
NZ_CP136968.1	172520	116
NZ_CP136968.1	172521	116
NZ_CP136968.1	172522	116
NZ_CP136968.1	172523	116
NZ_CP136968.1	172524	117
NZ_CP136968.1	172525	117
NZ_CP136968.1	172526	117
NZ_CP136968.1	172527	117
NZ_CP136968.1	172528	117
NZ_CP136968.1	172529	116
NZ_CP136968.1	172530	116
NZ_CP136968.1	172531	116
NZ_CP136968.1	172532	116
NZ_CP136968.1	172533	116
NZ_CP136968.1	172534	117
NZ_CP136968.1	172535	117
NZ_CP136968.1	172536	117
NZ_CP136968.1	172537	117
NZ_CP136968.1	172538	118
NZ_CP136968.1	172539	118
NZ_CP136968.1	172540	118
NZ_CP136968.1	172541	118
NZ_CP136968.1	172542	118
NZ_CP136968.1	172543	118
NZ_CP136968.1	172544	118
NZ_CP136968.1	172545	118
NZ_CP136968.1	172546	118
NZ_CP136968.1	172547	118
NZ_CP136968.1	172548	118
NZ_CP136968.1	172549	118
NZ_CP136968.1	172550	118
NZ_CP136968.1	172551	116
NZ_CP136968.1	172552	110
NZ_CP136968.1	172553	117
NZ_CP136968.1	172554	117
NZ_CP136968.1	172555	117
NZ_CP136968.1	172556	117
NZ_CP136968.1	172557	117
NZ_CP136968.1	172558	117
NZ_CP136968.1	172559	117
NZ_CP136968.1	172560	117
NZ_CP136968.1	172561	117
NZ_CP136968.1	172562	117
NZ_CP136968.1	172563	117
NZ_CP136968.1	172564	117
NZ_CP136968.1	172565	114
NZ_CP136968.1	172566	115
NZ_CP136968.1	172567	115
NZ_CP136968.1	172568	115
NZ_CP136968.1	172569	115
NZ_CP136968.1	172570	115
NZ_CP136968.1	172571	114
NZ_CP136968.1	172572	113
NZ_CP136968.1	172573	110
NZ_CP136968.1	172574	109
NZ_CP136968.1	172575	108
NZ_CP136968.1	172576	106
NZ_CP136968.1	172577	106
NZ_CP136968.1	172578	104
NZ_CP136968.1	172579	104
NZ_CP136968.1	172580	103
NZ_CP136968.1	172581	100
NZ_CP136968.1	172582	98
NZ_CP136968.1	172583	98
NZ_CP136968.1	172584	96
NZ_CP136968.1	172585	96
NZ_CP136968.1	172586	96
NZ_CP136968.1	172587	92
NZ_CP136968.1	172588	91
NZ_CP136968.1	172589	85
NZ_CP136968.1	172590	82
NZ_CP136968.1	172591	82
NZ_CP136968.1	172592	81
NZ_CP136968.1	172593	81
NZ_CP136968.1	172594	81
NZ_CP136968.1	172595	81
NZ_CP136968.1	172596	80
NZ_CP136968.1	172597	78
NZ_CP136968.1	172598	78
NZ_CP136968.1	172599	77
NZ_CP136968.1	172600	75
NZ_CP136968.1	172601	74
NZ_CP136968.1	172602	72
NZ_CP136968.1	172603	72
NZ_CP136968.1	172604	71
NZ_CP136968.1	172605	71
NZ_CP136968.1	172606	57
NZ_CP136968.1	172607	65
NZ_CP136968.1	172608	65
NZ_CP136968.1	172609	65
NZ_CP136968.1	172610	65
NZ_CP136968.1	172611	65
NZ_CP136968.1	172612	65
NZ_CP136968.1	172613	57
NZ_CP136968.1	172614	49
NZ_CP136968.1	172615	38
NZ_CP136968.1	172616	36
NZ_CP136968.1	172617	33
NZ_CP136968.1	172618	33
NZ_CP136968.1	172619	32
NZ_CP136968.1	172620	26
NZ_CP136968.1	172621	25
NZ_CP136968.1	172622	25
NZ_CP136968.1	172623	25
NZ_CP136968.1	172624	25
NZ_CP136968.1	172625	22
NZ_CP136968.1	172626	21
NZ_CP136968.1	172627	21
NZ_CP136968.1	172628	19
NZ_CP136968.1	172629	19
NZ_CP136968.1	172630	19
NZ_CP136968.1	172631	19
NZ_CP136968.1	172632	19
NZ_CP136968.1	172633	18
NZ_CP136968.1	172634	17
NZ_CP136968.1	172635	17
NZ_CP136968.1	172636	17
NZ_CP136968.1	172637	17
NZ_CP136968.1	172638	17
NZ_CP136968.1	172639	17
NZ_CP136968.1	172640	16
NZ_CP136968.1	172641	16
NZ_CP136968.1	172642	16
NZ_CP136968.1	172643	14
NZ_CP136968.1	172644	14
NZ_CP136968.1	172645	13
NZ_CP136968.1	172646	13
NZ_CP136968.1	172647	13
NZ_CP136968.1	172648	7
NZ_CP136968.1	172649	12
NZ_CP136968.1	172650	10
NZ_CP136968.1	172651	9
NZ_CP136968.1	172652	8
NZ_CP136968.1	172653	8
NZ_CP136968.1	172654	8
NZ_CP136968.1	172655	6
NZ_CP136968.1	172656	5
NZ_CP136968.1	172657	4
NZ_CP136968.1	172658	5
NZ_CP136968.1	172659	5
NZ_CP136968.1	172660	5
NZ_CP136968.1	172661	5
NZ_CP136968.1	172662	5
NZ_CP136968.1	172663	5
NZ_CP136968.1	172664	5
NZ_CP136968.1	172665	5
NZ_CP136968.1	172666	5
NZ_CP136968.1	172667	5
NZ_CP136968.1	172668	5
NZ_CP136968.1	172669	5
NZ_CP136968.1	172670	4
NZ_CP136968.1	172671	4
NZ_CP136968.1	172672	4
NZ_CP136968.1	172673	4
NZ_CP136968.1	172674	4
NZ_CP136968.1	172675	4
NZ_CP136968.1	172676	4
NZ_CP136968.1	172677	4
NZ_CP136968.1	172678	4
NZ_CP136968.1	172679	4
NZ_CP136968.1	172680	4
NZ_CP136968.1	172681	4
NZ_CP136968.1	172682	3
NZ_CP136968.1	172683	3
NZ_CP136968.1	172684	2
NZ_CP136968.1	172685	2
NZ_CP136968.1	172686	2
NZ_CP136968.1	172687	2
NZ_CP136968.1	172688	2
NZ_CP136968.1	172689	2
NZ_CP136968.1	172690	2
NZ_CP136968.1	172691	2
NZ_CP136968.1	172692	2
NZ_CP136968.1	172693	2
NZ_CP136968.1	172694	2
NZ_CP136968.1	172695	2
NZ_CP136968.1	172696	2
NZ_CP136968.1	172697	2
NZ_CP136968.1	172698	2
NZ_CP136968.1	172699	2
NZ_CP136968.1	172700	2
NZ_CP136968.1	172701	2
NZ_CP136968.1	172702	2
NZ_CP136968.1	172703	2
NZ_CP136968.1	172704	2
NZ_CP136968.1	172705	2
NZ_CP136968.1	172706	2
NZ_CP136968.1	172707	2
NZ_CP136968.1	172708	2
NZ_CP136968.1	172709	3
NZ_CP136968.1	172710	3
NZ_CP136968.1	172711	3
NZ_CP136968.1	172712	3
NZ_CP136968.1	172713	3
NZ_CP136968.1	172714	3
NZ_CP136968.1	172715	3
NZ_CP136968.1	172716	3
NZ_CP136968.1	172717	4
NZ_CP136968.1	172718	4
NZ_CP136968.1	172719	4
NZ_CP136968.1	172720	4
NZ_CP136968.1	172721	4
NZ_CP136968.1	172722	4
NZ_CP136968.1	172723	4
NZ_CP136968.1	172724	4
NZ_CP136968.1	172725	4
NZ_CP136968.1	172726	4
NZ_CP136968.1	172727	4
NZ_CP136968.1	172728	4
NZ_CP136968.1	172729	4
NZ_CP136968.1	172730	4
NZ_CP136968.1	172731	4
NZ_CP136968.1	172732	4
NZ_CP136968.1	172733	4
NZ_CP136968.1	172734	4
NZ_CP136968.1	172735	4
NZ_CP136968.1	172736	4
NZ_CP136968.1	172737	4
NZ_CP136968.1	172738	4
NZ_CP136968.1	172739	4
NZ_CP136968.1	172740	4
NZ_CP136968.1	172741	4
NZ_CP136968.1	172742	4
NZ_CP136968.1	172743	4
NZ_CP136968.1	172744	4
NZ_CP136968.1	172745	4
NZ_CP136968.1	172746	4
NZ_CP136968.1	172747	4
NZ_CP136968.1	172748	4
NZ_CP136968.1	172749	4
NZ_CP136968.1	172750	4
NZ_CP136968.1	172751	4
NZ_CP136968.1	172752	4
NZ_CP136968.1	172753	4
NZ_CP136968.1	172754	4
NZ_CP136968.1	172755	4
NZ_CP136968.1	172756	4
NZ_CP136968.1	172757	4
NZ_CP136968.1	172758	4
NZ_CP136968.1	172759	4
NZ_CP136968.1	172760	4
NZ_CP136968.1	172761	4
NZ_CP136968.1	172762	4
NZ_CP136968.1	172763	5
NZ_CP136968.1	172764	4
NZ_CP136968.1	172765	4
NZ_CP136968.1	172766	4
NZ_CP136968.1	172767	4
NZ_CP136968.1	172768	4
NZ_CP136968.1	172769	4
NZ_CP136968.1	172770	4
NZ_CP136968.1	172771	4
NZ_CP136968.1	172772	4
NZ_CP136968.1	172773	4
NZ_CP136968.1	172774	4
NZ_CP136968.1	172775	4
NZ_CP136968.1	172776	4
NZ_CP136968.1	172777	4
NZ_CP136968.1	172778	4
NZ_CP136968.1	172779	4
NZ_CP136968.1	172780	4
NZ_CP136968.1	172781	4
NZ_CP136968.1	172782	4
NZ_CP136968.1	172783	4
NZ_CP136968.1	172784	4
NZ_CP136968.1	172785	4
NZ_CP136968.1	172786	4
NZ_CP136968.1	172787	4
NZ_CP136968.1	172788	4
NZ_CP136968.1	172789	4
NZ_CP136968.1	172790	4
NZ_CP136968.1	172791	4
NZ_CP136968.1	172792	4
NZ_CP136968.1	172793	4
NZ_CP136968.1	172794	4
NZ_CP136968.1	172795	4
NZ_CP136968.1	172796	4
NZ_CP136968.1	172797	4
NZ_CP136968.1	172798	4
NZ_CP136968.1	172799	4
NZ_CP136968.1	172800	4
NZ_CP136968.1	172801	4
NZ_CP136968.1	172802	4
NZ_CP136968.1	172803	4
NZ_CP136968.1	172804	4
NZ_CP136968.1	172805	4
NZ_CP136968.1	172806	4
NZ_CP136968.1	172807	4
NZ_CP136968.1	172808	3
NZ_CP136968.1	172809	3
NZ_CP136968.1	172810	3
NZ_CP136968.1	172811	3
NZ_CP136968.1	172812	3
NZ_CP136968.1	172813	3
NZ_CP136968.1	172814	3
NZ_CP136968.1	172815	3
NZ_CP136968.1	172816	3
NZ_CP136968.1	172817	3
NZ_CP136968.1	172818	3
NZ_CP136968.1	172819	3
NZ_CP136968.1	172820	3
NZ_CP136968.1	172821	3
NZ_CP136968.1	172822	3
NZ_CP136968.1	172823	3
NZ_CP136968.1	172824	3
NZ_CP136968.1	172825	4
NZ_CP136968.1	172826	4
NZ_CP136968.1	172827	4
NZ_CP136968.1	172828	4
NZ_CP136968.1	172829	4
NZ_CP136968.1	172830	4
NZ_CP136968.1	172831	4
NZ_CP136968.1	172832	4
NZ_CP136968.1	172833	4
NZ_CP136968.1	172834	4
NZ_CP136968.1	172835	4
NZ_CP136968.1	172836	4
NZ_CP136968.1	172837	4
NZ_CP136968.1	172838	4
NZ_CP136968.1	172839	4
NZ_CP136968.1	172840	4
NZ_CP136968.1	172841	4
NZ_CP136968.1	172842	4
NZ_CP136968.1	172843	4
NZ_CP136968.1	172844	4
NZ_CP136968.1	172845	4
NZ_CP136968.1	172846	4
NZ_CP136968.1	172847	4
NZ_CP136968.1	172848	4
NZ_CP136968.1	172849	4
NZ_CP136968.1	172850	4
NZ_CP136968.1	172851	4
NZ_CP136968.1	172852	4
NZ_CP136968.1	172853	4
NZ_CP136968.1	172854	4
NZ_CP136968.1	172855	4
NZ_CP136968.1	172856	4
NZ_CP136968.1	172857	4
NZ_CP136968.1	172858	4
NZ_CP136968.1	172859	3
NZ_CP136968.1	172860	3
NZ_CP136968.1	172861	3
NZ_CP136968.1	172862	3
NZ_CP136968.1	172863	3
NZ_CP136968.1	172864	3
NZ_CP136968.1	172865	3
NZ_CP136968.1	172866	3
NZ_CP136968.1	172867	2
NZ_CP136968.1	172868	2
NZ_CP136968.1	172869	2
NZ_CP136968.1	172870	2
NZ_CP136968.1	172871	2
NZ_CP136968.1	172872	2
NZ_CP136968.1	172873	2
NZ_CP136968.1	172874	2
NZ_CP136968.1	172875	2
NZ_CP136968.1	172876	2
NZ_CP136968.1	172877	2
NZ_CP136968.1	172878	2
NZ_CP136968.1	172879	2
NZ_CP136968.1	172880	2
NZ_CP136968.1	172881	2
NZ_CP136968.1	172882	2
NZ_CP136968.1	172883	2
NZ_CP136968.1	172884	2
NZ_CP136968.1	172885	2
NZ_CP136968.1	172886	2
NZ_CP136968.1	172887	2
NZ_CP136968.1	172888	2
NZ_CP136968.1	172889	2
NZ_CP136968.1	172890	2
NZ_CP136968.1	172891	2
NZ_CP136968.1	172892	2
NZ_CP136968.1	172893	2
NZ_CP136968.1	172894	2
NZ_CP136968.1	172895	2
NZ_CP136968.1	172896	2
NZ_CP136968.1	172897	2
NZ_CP136968.1	172898	2
NZ_CP136968.1	172899	2
NZ_CP136968.1	172900	2
NZ_CP136968.1	172901	2
NZ_CP136968.1	172902	2
NZ_CP136968.1	172903	2
NZ_CP136968.1	172904	2
NZ_CP136968.1	172905	2
NZ_CP136968.1	172906	2
NZ_CP136968.1	172907	2
NZ_CP136968.1	172908	2
NZ_CP136968.1	172909	2
NZ_CP136968.1	172910	2
NZ_CP136968.1	172911	2
NZ_CP136968.1	172912	2
NZ_CP136968.1	172913	1
NZ_CP136968.1	172914	1
NZ_CP136968.1	172915	1
NZ_CP136968.1	172916	1
NZ_CP136968.1	172917	1
NZ_CP136968.1	172918	1
NZ_CP136968.1	172919	1
NZ_CP136968.1	172920	1
NZ_CP136968.1	172921	1
NZ_CP136968.1	172922	1
NZ_CP136968.1	172923	1
NZ_CP136968.1	172924	1
NZ_CP136968.1	172925	1
NZ_CP136968.1	172926	2
NZ_CP136968.1	172927	2
NZ_CP136968.1	172928	2
NZ_CP136968.1	172929	2
NZ_CP136968.1	172930	2
NZ_CP136968.1	172931	2
NZ_CP136968.1	172932	2
NZ_CP136968.1	172933	2
NZ_CP136968.1	172934	2
NZ_CP136968.1	172935	2
NZ_CP136968.1	172936	2
NZ_CP136968.1	172937	2
NZ_CP136968.1	172938	2
NZ_CP136968.1	172939	2
NZ_CP136968.1	172940	2
NZ_CP136968.1	172941	2
NZ_CP136968.1	172942	2
NZ_CP136968.1	172943	2
NZ_CP136968.1	172944	2
NZ_CP136968.1	172945	2
NZ_CP136968.1	172946	2
NZ_CP136968.1	172947	2
NZ_CP136968.1	172948	2
NZ_CP136968.1	172949	2
NZ_CP136968.1	172950	3
NZ_CP136968.1	172951	3
NZ_CP136968.1	172952	3
NZ_CP136968.1	172953	3
NZ_CP136968.1	172954	3
NZ_CP136968.1	172955	3
NZ_CP136968.1	172956	3
NZ_CP136968.1	172957	3
NZ_CP136968.1	172958	3
NZ_CP136968.1	172959	4
NZ_CP136968.1	172960	4
NZ_CP136968.1	172961	4
NZ_CP136968.1	172962	4
NZ_CP136968.1	172963	4
NZ_CP136968.1	172964	4
NZ_CP136968.1	172965	4
NZ_CP136968.1	172966	4
NZ_CP136968.1	172967	4
NZ_CP136968.1	172968	4
NZ_CP136968.1	172969	4
NZ_CP136968.1	172970	4
NZ_CP136968.1	172971	4
NZ_CP136968.1	172972	4
NZ_CP136968.1	172973	4
NZ_CP136968.1	172974	4
NZ_CP136968.1	172975	3
NZ_CP136968.1	172976	3
NZ_CP136968.1	172977	3
NZ_CP136968.1	172978	4
NZ_CP136968.1	172979	4
NZ_CP136968.1	172980	3
NZ_CP136968.1	172981	4
NZ_CP136968.1	172982	4
NZ_CP136968.1	172983	4
NZ_CP136968.1	172984	4
NZ_CP136968.1	172985	4
NZ_CP136968.1	172986	4
NZ_CP136968.1	172987	4
NZ_CP136968.1	172988	4
NZ_CP136968.1	172989	4
NZ_CP136968.1	172990	4
NZ_CP136968.1	172991	4
NZ_CP136968.1	172992	4
NZ_CP136968.1	172993	4
NZ_CP136968.1	172994	10
NZ_CP136968.1	172995	10
NZ_CP136968.1	172996	11
NZ_CP136968.1	172997	11
NZ_CP136968.1	172998	11
NZ_CP136968.1	172999	11
NZ_CP136968.1	173000	11
NZ_CP136968.1	173001	11
NZ_CP136968.1	173002	13
NZ_CP136968.1	173003	13
NZ_CP136968.1	173004	15
NZ_CP136968.1	173005	15
NZ_CP136968.1	173006	15
NZ_CP136968.1	173007	15
NZ_CP136968.1	173008	15
NZ_CP136968.1	173009	15
NZ_CP136968.1	173010	15
NZ_CP136968.1	173011	16
NZ_CP136968.1	173012	16
NZ_CP136968.1	173013	17
NZ_CP136968.1	173014	17
NZ_CP136968.1	173015	17
NZ_CP136968.1	173016	17
NZ_CP136968.1	173017	17
NZ_CP136968.1	173018	17
NZ_CP136968.1	173019	17
NZ_CP136968.1	173020	17
NZ_CP136968.1	173021	17
NZ_CP136968.1	173022	19
NZ_CP136968.1	173023	19
NZ_CP136968.1	173024	19
NZ_CP136968.1	173025	19
NZ_CP136968.1	173026	20
NZ_CP136968.1	173027	20
NZ_CP136968.1	173028	20
NZ_CP136968.1	173029	20
NZ_CP136968.1	173030	22
NZ_CP136968.1	173031	22
NZ_CP136968.1	173032	24
NZ_CP136968.1	173033	24
NZ_CP136968.1	173034	25
NZ_CP136968.1	173035	26
NZ_CP136968.1	173036	28
NZ_CP136968.1	173037	28
NZ_CP136968.1	173038	31
NZ_CP136968.1	173039	32
NZ_CP136968.1	173040	32
NZ_CP136968.1	173041	32
NZ_CP136968.1	173042	35
NZ_CP136968.1	173043	37
NZ_CP136968.1	173044	37
NZ_CP136968.1	173045	42
NZ_CP136968.1	173046	44
NZ_CP136968.1	173047	47
NZ_CP136968.1	173048	47
NZ_CP136968.1	173049	47
NZ_CP136968.1	173050	47
NZ_CP136968.1	173051	47
NZ_CP136968.1	173052	48
NZ_CP136968.1	173053	50
NZ_CP136968.1	173054	52
NZ_CP136968.1	173055	52
NZ_CP136968.1	173056	52
NZ_CP136968.1	173057	54
NZ_CP136968.1	173058	54
NZ_CP136968.1	173059	55
NZ_CP136968.1	173060	57
NZ_CP136968.1	173061	58
NZ_CP136968.1	173062	58
NZ_CP136968.1	173063	58
NZ_CP136968.1	173064	60
NZ_CP136968.1	173065	61
NZ_CP136968.1	173066	61
NZ_CP136968.1	173067	64
NZ_CP136968.1	173068	65
NZ_CP136968.1	173069	64
NZ_CP136968.1	173070	64
NZ_CP136968.1	173071	65
NZ_CP136968.1	173072	65
NZ_CP136968.1	173073	65
NZ_CP136968.1	173074	65
NZ_CP136968.1	173075	65
NZ_CP136968.1	173076	64
NZ_CP136968.1	173077	64
NZ_CP136968.1	173078	64
NZ_CP136968.1	173079	64
NZ_CP136968.1	173080	64
NZ_CP136968.1	173081	64
NZ_CP136968.1	173082	64
NZ_CP136968.1	173083	64
NZ_CP136968.1	173084	64
NZ_CP136968.1	173085	64
NZ_CP136968.1	173086	64
NZ_CP136968.1	173087	64
NZ_CP136968.1	173088	64
NZ_CP136968.1	173089	64
NZ_CP136968.1	173090	64
NZ_CP136968.1	173091	64
NZ_CP136968.1	173092	64
NZ_CP136968.1	173093	64
NZ_CP136968.1	173094	64
NZ_CP136968.1	173095	64
NZ_CP136968.1	173096	64
NZ_CP136968.1	173097	64
NZ_CP136968.1	173098	63
NZ_CP136968.1	173099	63
NZ_CP136968.1	173100	63
NZ_CP136968.1	173101	64
NZ_CP136968.1	173102	64
NZ_CP136968.1	173103	64
NZ_CP136968.1	173104	64
NZ_CP136968.1	173105	64
NZ_CP136968.1	173106	64
NZ_CP136968.1	173107	64
NZ_CP136968.1	173108	64
NZ_CP136968.1	173109	63
NZ_CP136968.1	173110	63
NZ_CP136968.1	173111	63
NZ_CP136968.1	173112	63
NZ_CP136968.1	173113	63
NZ_CP136968.1	173114	63
NZ_CP136968.1	173115	63
NZ_CP136968.1	173116	63
NZ_CP136968.1	173117	63
NZ_CP136968.1	173118	63
NZ_CP136968.1	173119	63
NZ_CP136968.1	173120	63
NZ_CP136968.1	173121	63
NZ_CP136968.1	173122	63
NZ_CP136968.1	173123	63
NZ_CP136968.1	173124	63
NZ_CP136968.1	173125	63
NZ_CP136968.1	173126	63
NZ_CP136968.1	173127	63
NZ_CP136968.1	173128	62
NZ_CP136968.1	173129	62
NZ_CP136968.1	173130	62
NZ_CP136968.1	173131	62
NZ_CP136968.1	173132	62
NZ_CP136968.1	173133	62
NZ_CP136968.1	173134	62
NZ_CP136968.1	173135	62
NZ_CP136968.1	173136	62
NZ_CP136968.1	173137	62
NZ_CP136968.1	173138	62
NZ_CP136968.1	173139	62
NZ_CP136968.1	173140	62
NZ_CP136968.1	173141	62
NZ_CP136968.1	173142	62
NZ_CP136968.1	173143	62
NZ_CP136968.1	173144	56
NZ_CP136968.1	173145	56
NZ_CP136968.1	173146	55
NZ_CP136968.1	173147	55
NZ_CP136968.1	173148	55
NZ_CP136968.1	173149	55
NZ_CP136968.1	173150	55
NZ_CP136968.1	173151	55
NZ_CP136968.1	173152	53
NZ_CP136968.1	173153	53
NZ_CP136968.1	173154	51
NZ_CP136968.1	173155	51
NZ_CP136968.1	173156	51
NZ_CP136968.1	173157	51
NZ_CP136968.1	173158	51
NZ_CP136968.1	173159	51
NZ_CP136968.1	173160	51
NZ_CP136968.1	173161	50
NZ_CP136968.1	173162	50
NZ_CP136968.1	173163	49
NZ_CP136968.1	173164	49
NZ_CP136968.1	173165	49
NZ_CP136968.1	173166	49
NZ_CP136968.1	173167	49
NZ_CP136968.1	173168	50
NZ_CP136968.1	173169	50
NZ_CP136968.1	173170	50
NZ_CP136968.1	173171	50
NZ_CP136968.1	173172	48
NZ_CP136968.1	173173	48
NZ_CP136968.1	173174	48
NZ_CP136968.1	173175	48
NZ_CP136968.1	173176	47
NZ_CP136968.1	173177	47
NZ_CP136968.1	173178	47
NZ_CP136968.1	173179	47
NZ_CP136968.1	173180	45
NZ_CP136968.1	173181	45
NZ_CP136968.1	173182	43
NZ_CP136968.1	173183	43
NZ_CP136968.1	173184	42
NZ_CP136968.1	173185	40
NZ_CP136968.1	173186	39
NZ_CP136968.1	173187	39
NZ_CP136968.1	173188	36
NZ_CP136968.1	173189	35
NZ_CP136968.1	173190	35
NZ_CP136968.1	173191	35
NZ_CP136968.1	173192	32
NZ_CP136968.1	173193	30
NZ_CP136968.1	173194	30
NZ_CP136968.1	173195	25
NZ_CP136968.1	173196	23
NZ_CP136968.1	173197	20
NZ_CP136968.1	173198	20
NZ_CP136968.1	173199	20
NZ_CP136968.1	173200	20
NZ_CP136968.1	173201	20
NZ_CP136968.1	173202	17
NZ_CP136968.1	173203	15
NZ_CP136968.1	173204	15
NZ_CP136968.1	173205	15
NZ_CP136968.1	173206	13
NZ_CP136968.1	173207	13
NZ_CP136968.1	173208	13
NZ_CP136968.1	173209	12
NZ_CP136968.1	173210	10
NZ_CP136968.1	173211	9
NZ_CP136968.1	173212	9
NZ_CP136968.1	173213	9
NZ_CP136968.1	173214	6
NZ_CP136968.1	173215	6
NZ_CP136968.1	173216	6
NZ_CP136968.1	173217	3
NZ_CP136968.1	173218	2
NZ_CP136968.1	173219	2
NZ_CP136968.1	173220	2
NZ_CP136968.1	173221	2
NZ_CP136968.1	173222	2
NZ_CP136968.1	173223	2
NZ_CP136968.1	173224	2
NZ_CP136968.1	173225	2
NZ_CP136968.1	173226	2
NZ_CP136968.1	173227	2
NZ_CP136968.1	173228	3
NZ_CP136968.1	173229	3
NZ_CP136968.1	173230	3
NZ_CP136968.1	173231	3
NZ_CP136968.1	173232	2
NZ_CP136968.1	173233	3
NZ_CP136968.1	173234	3
NZ_CP136968.1	173235	3
NZ_CP136968.1	173236	3
NZ_CP136968.1	173237	3
NZ_CP136968.1	173238	3
NZ_CP136968.1	173239	3
NZ_CP136968.1	173240	3
NZ_CP136968.1	173241	3
NZ_CP136968.1	173242	3
NZ_CP136968.1	173243	3
NZ_CP136968.1	173244	3
NZ_CP136968.1	173245	3
NZ_CP136968.1	173246	4
NZ_CP136968.1	173247	4
NZ_CP136968.1	173248	4
NZ_CP136968.1	173249	4
NZ_CP136968.1	173250	3
NZ_CP136968.1	173251	3
NZ_CP136968.1	173252	3
NZ_CP136968.1	173253	3
NZ_CP136968.1	173254	3
NZ_CP136968.1	173255	3
NZ_CP136968.1	173256	3
NZ_CP136968.1	173257	3
NZ_CP136968.1	173258	3
NZ_CP136968.1	173259	3
NZ_CP136968.1	173260	3
NZ_CP136968.1	173261	3
NZ_CP136968.1	173262	3
NZ_CP136968.1	173263	3
NZ_CP136968.1	173264	3
NZ_CP136968.1	173265	4
NZ_CP136968.1	173266	4
NZ_CP136968.1	173267	4
NZ_CP136968.1	173268	4
NZ_CP136968.1	173269	4
NZ_CP136968.1	173270	4
NZ_CP136968.1	173271	4
NZ_CP136968.1	173272	4
NZ_CP136968.1	173273	4
NZ_CP136968.1	173274	4
NZ_CP136968.1	173275	4
NZ_CP136968.1	173276	4
NZ_CP136968.1	173277	4
NZ_CP136968.1	173278	4
NZ_CP136968.1	173279	4
NZ_CP136968.1	173280	4
NZ_CP136968.1	173281	4
NZ_CP136968.1	173282	4
NZ_CP136968.1	173283	4
NZ_CP136968.1	173284	4
NZ_CP136968.1	173285	4
NZ_CP136968.1	173286	4
NZ_CP136968.1	173287	4
NZ_CP136968.1	173288	4
NZ_CP136968.1	173289	4
NZ_CP136968.1	173290	4
NZ_CP136968.1	173291	4
NZ_CP136968.1	173292	4
NZ_CP136968.1	173293	4
NZ_CP136968.1	173294	4
NZ_CP136968.1	173295	4
NZ_CP136968.1	173296	4
NZ_CP136968.1	173297	4
NZ_CP136968.1	173298	4
NZ_CP136968.1	173299	4
NZ_CP136968.1	173300	4
NZ_CP136968.1	173301	4
NZ_CP136968.1	173302	4
NZ_CP136968.1	173303	4
NZ_CP136968.1	173304	4
NZ_CP136968.1	173305	4
NZ_CP136968.1	173306	5
NZ_CP136968.1	173307	5
NZ_CP136968.1	173308	5
NZ_CP136968.1	173309	5
NZ_CP136968.1	173310	5
NZ_CP136968.1	173311	5
NZ_CP136968.1	173312	5
NZ_CP136968.1	173313	5
NZ_CP136968.1	173314	5
NZ_CP136968.1	173315	5
NZ_CP136968.1	173316	5
NZ_CP136968.1	173317	5
NZ_CP136968.1	173318	5
NZ_CP136968.1	173319	4
NZ_CP136968.1	173320	4
NZ_CP136968.1	173321	4
NZ_CP136968.1	173322	4
NZ_CP136968.1	173323	4
NZ_CP136968.1	173324	4
NZ_CP136968.1	173325	4
NZ_CP136968.1	173326	4
NZ_CP136968.1	173327	4
NZ_CP136968.1	173328	4
NZ_CP136968.1	173329	4
NZ_CP136968.1	173330	4
NZ_CP136968.1	173331	4
NZ_CP136968.1	173332	4
NZ_CP136968.1	173333	4
NZ_CP136968.1	173334	4
NZ_CP136968.1	173335	4
NZ_CP136968.1	173336	4
NZ_CP136968.1	173337	4
NZ_CP136968.1	173338	4
NZ_CP136968.1	173339	4
NZ_CP136968.1	173340	4
NZ_CP136968.1	173341	4
NZ_CP136968.1	173342	4
NZ_CP136968.1	173343	4
NZ_CP136968.1	173344	4
NZ_CP136968.1	173345	4
NZ_CP136968.1	173346	4
NZ_CP136968.1	173347	5
NZ_CP136968.1	173348	5
NZ_CP136968.1	173349	6
NZ_CP136968.1	173350	6
NZ_CP136968.1	173351	6
NZ_CP136968.1	173352	6
NZ_CP136968.1	173353	6
NZ_CP136968.1	173354	6
NZ_CP136968.1	173355	6
NZ_CP136968.1	173356	6
NZ_CP136968.1	173357	6
NZ_CP136968.1	173358	7
NZ_CP136968.1	173359	7
NZ_CP136968.1	173360	7
NZ_CP136968.1	173361	7
NZ_CP136968.1	173362	7
NZ_CP136968.1	173363	7
NZ_CP136968.1	173364	7
NZ_CP136968.1	173365	7
NZ_CP136968.1	173366	7
NZ_CP136968.1	173367	7
NZ_CP136968.1	173368	8
NZ_CP136968.1	173369	8
NZ_CP136968.1	173370	6
NZ_CP136968.1	173371	8
NZ_CP136968.1	173372	8
NZ_CP136968.1	173373	8
NZ_CP136968.1	173374	8
NZ_CP136968.1	173375	8
NZ_CP136968.1	173376	8
NZ_CP136968.1	173377	7
NZ_CP136968.1	173378	7
NZ_CP136968.1	173379	7
NZ_CP136968.1	173380	7
NZ_CP136968.1	173381	8
NZ_CP136968.1	173382	8
NZ_CP136968.1	173383	8
NZ_CP136968.1	173384	8
NZ_CP136968.1	173385	8
NZ_CP136968.1	173386	8
NZ_CP136968.1	173387	8
NZ_CP136968.1	173388	8
NZ_CP136968.1	173389	8
NZ_CP136968.1	173390	8
NZ_CP136968.1	173391	8
NZ_CP136968.1	173392	8
NZ_CP136968.1	173393	8
NZ_CP136968.1	173394	8
NZ_CP136968.1	173395	8
NZ_CP136968.1	173396	8
NZ_CP136968.1	173397	7
NZ_CP136968.1	173398	7
NZ_CP136968.1	173399	7
NZ_CP136968.1	173400	7
NZ_CP136968.1	173401	7
NZ_CP136968.1	173402	7
NZ_CP136968.1	173403	7
NZ_CP136968.1	173404	7
NZ_CP136968.1	173405	7
NZ_CP136968.1	173406	7
NZ_CP136968.1	173407	7
NZ_CP136968.1	173408	7
NZ_CP136968.1	173409	7
NZ_CP136968.1	173410	7
NZ_CP136968.1	173411	7
NZ_CP136968.1	173412	7
NZ_CP136968.1	173413	7
NZ_CP136968.1	173414	7
NZ_CP136968.1	173415	6
NZ_CP136968.1	173416	6
NZ_CP136968.1	173417	6
NZ_CP136968.1	173418	6
NZ_CP136968.1	173419	6
NZ_CP136968.1	173420	6
NZ_CP136968.1	173421	6
NZ_CP136968.1	173422	6
NZ_CP136968.1	173423	6
NZ_CP136968.1	173424	6
NZ_CP136968.1	173425	6
NZ_CP136968.1	173426	6
NZ_CP136968.1	173427	6
NZ_CP136968.1	173428	6
NZ_CP136968.1	173429	6
NZ_CP136968.1	173430	6
NZ_CP136968.1	173431	6
NZ_CP136968.1	173432	6
NZ_CP136968.1	173433	6
NZ_CP136968.1	173434	6
NZ_CP136968.1	173435	6
NZ_CP136968.1	173436	6
NZ_CP136968.1	173437	6
NZ_CP136968.1	173438	6
NZ_CP136968.1	173439	6
NZ_CP136968.1	173440	6
NZ_CP136968.1	173441	6
NZ_CP136968.1	173442	6
NZ_CP136968.1	173443	6
NZ_CP136968.1	173444	6
NZ_CP136968.1	173445	6
NZ_CP136968.1	173446	6
NZ_CP136968.1	173447	6
NZ_CP136968.1	173448	6
NZ_CP136968.1	173449	6
NZ_CP136968.1	173450	6
NZ_CP136968.1	173451	6
NZ_CP136968.1	173452	6
NZ_CP136968.1	173453	6
NZ_CP136968.1	173454	6
NZ_CP136968.1	173455	6
NZ_CP136968.1	173456	6
NZ_CP136968.1	173457	5
NZ_CP136968.1	173458	5
NZ_CP136968.1	173459	5
NZ_CP136968.1	173460	5
NZ_CP136968.1	173461	5
NZ_CP136968.1	173462	5
NZ_CP136968.1	173463	5
NZ_CP136968.1	173464	5
NZ_CP136968.1	173465	5
NZ_CP136968.1	173466	5
NZ_CP136968.1	173467	5
NZ_CP136968.1	173468	5
NZ_CP136968.1	173469	5
NZ_CP136968.1	173470	5
NZ_CP136968.1	173471	5
NZ_CP136968.1	173472	5
NZ_CP136968.1	173473	5
NZ_CP136968.1	173474	5
NZ_CP136968.1	173475	5
NZ_CP136968.1	173476	5
NZ_CP136968.1	173477	5
NZ_CP136968.1	173478	5
NZ_CP136968.1	173479	5
NZ_CP136968.1	173480	5
NZ_CP136968.1	173481	5
NZ_CP136968.1	173482	5
NZ_CP136968.1	173483	5
NZ_CP136968.1	173484	5
NZ_CP136968.1	173485	5
NZ_CP136968.1	173486	5
NZ_CP136968.1	173487	5
NZ_CP136968.1	173488	5
NZ_CP136968.1	173489	5
NZ_CP136968.1	173490	5
NZ_CP136968.1	173491	5
NZ_CP136968.1	173492	5
NZ_CP136968.1	173493	5
NZ_CP136968.1	173494	5
NZ_CP136968.1	173495	5
NZ_CP136968.1	173496	5
NZ_CP136968.1	173497	4
NZ_CP136968.1	173498	4
NZ_CP136968.1	173499	3
NZ_CP136968.1	173500	3
NZ_CP136968.1	173501	3
NZ_CP136968.1	173502	3
NZ_CP136968.1	173503	3
NZ_CP136968.1	173504	3
NZ_CP136968.1	173505	3
NZ_CP136968.1	173506	3
NZ_CP136968.1	173507	3
NZ_CP136968.1	173508	2
NZ_CP136968.1	173509	2
NZ_CP136968.1	173510	2
NZ_CP136968.1	173511	2
NZ_CP136968.1	173512	2
NZ_CP136968.1	173513	2
NZ_CP136968.1	173514	2
NZ_CP136968.1	173515	2
NZ_CP136968.1	173516	2
NZ_CP136968.1	173517	2
NZ_CP136968.1	173518	1
NZ_CP136968.1	173519	1
NZ_CP136968.1	173520	1
NZ_CP136968.1	173521	1
NZ_CP136968.1	173522	1
NZ_CP136968.1	173523	1
NZ_CP136968.1	173524	1
NZ_CP136968.1	173525	1
NZ_CP136968.1	173526	1
NZ_CP136968.1	173527	1
NZ_CP136968.1	173528	1
NZ_CP136968.1	173529	1
NZ_CP136968.1	173530	1
NZ_CP136968.1	173576	1
NZ_CP136968.1	173577	1
NZ_CP136968.1	173578	1
NZ_CP136968.1	173579	1
NZ_CP136968.1	173580	1
NZ_CP136968.1	173581	1
NZ_CP136968.1	173582	1
NZ_CP136968.1	173583	1
NZ_CP136968.1	173584	1
NZ_CP136968.1	173585	1
NZ_CP136968.1	173586	1
NZ_CP136968.1	173587	1
NZ_CP136968.1	173589	1
NZ_CP136968.1	173590	1
NZ_CP136968.1	173591	1
NZ_CP136968.1	173592	1
NZ_CP136968.1	173593	1
NZ_CP136968.1	173594	1
NZ_CP136968.1	173595	1
NZ_CP136968.1	173596	1
NZ_CP136968.1	173597	1
NZ_CP136968.1	173598	1
NZ_CP136968.1	173599	1
NZ_CP136968.1	173600	1
NZ_CP136968.1	173601	1
NZ_CP136968.1	173602	1
NZ_CP136968.1	173603	1
NZ_CP136968.1	173604	1
NZ_CP136968.1	173605	1
NZ_CP136968.1	173606	1
NZ_CP136968.1	173607	1
NZ_CP136968.1	173608	1
NZ_CP136968.1	173609	1
NZ_CP136968.1	173610	1
NZ_CP136968.1	173611	1
NZ_CP136968.1	173612	1
NZ_CP136968.1	173613	1
NZ_CP136968.1	173614	1
NZ_CP136968.1	173615	1
NZ_CP136968.1	173616	1
NZ_CP136968.1	173617	1
NZ_CP136968.1	173618	1
NZ_CP136968.1	173619	1
NZ_CP136968.1	173620	1
NZ_CP136968.1	173621	1
NZ_CP136968.1	173622	1
NZ_CP136968.1	173623	1
NZ_CP136968.1	173624	1
NZ_CP136968.1	173625	1
NZ_CP136968.1	173626	1
NZ_CP136968.1	173627	1
NZ_CP136968.1	173628	1
NZ_CP136968.1	173629	1
NZ_CP136968.1	173630	1
NZ_CP136968.1	173631	1
NZ_CP136968.1	173632	1
NZ_CP136968.1	173633	1
NZ_CP136968.1	173634	1
NZ_CP136968.1	173635	1
NZ_CP136968.1	173636	1
NZ_CP136968.1	173637	1
NZ_CP136968.1	173638	1
NZ_CP136968.1	173639	1
NZ_CP136968.1	173640	1
NZ_CP136968.1	173641	1
NZ_CP136968.1	173642	1
NZ_CP136968.1	173643	1
NZ_CP136968.1	173644	1
NZ_CP136968.1	173645	1
NZ_CP136968.1	173646	1
NZ_CP136968.1	173647	1
NZ_CP136968.1	173648	1
NZ_CP136968.1	173649	1
NZ_CP136968.1	173650	1
NZ_CP136968.1	173651	1
NZ_CP136968.1	173652	1
NZ_CP136968.1	173653	1
NZ_CP136968.1	173654	1
NZ_CP136968.1	173655	1
NZ_CP136968.1	173656	1
NZ_CP136968.1	173657	1
NZ_CP136968.1	173658	1
NZ_CP136968.1	173659	1
NZ_CP136968.1	173660	1
NZ_CP136968.1	173661	1
NZ_CP136968.1	173662	1
NZ_CP136968.1	173663	1
NZ_CP136968.1	173664	1
NZ_CP136968.1	173665	1
NZ_CP136968.1	173666	1
NZ_CP136968.1	173667	1
NZ_CP136968.1	173668	1
NZ_CP136968.1	173669	1
NZ_CP136968.1	173670	1
NZ_CP136968.1	173671	1
NZ_CP136968.1	173672	1
NZ_CP136968.1	173673	1
NZ_CP136968.1	173674	1
NZ_CP136968.1	173675	1
NZ_CP136968.1	173676	1
NZ_CP136968.1	173677	1
NZ_CP136968.1	173678	1
NZ_CP136968.1	173679	1
NZ_CP136968.1	173680	1
NZ_CP136968.1	173681	1
NZ_CP136968.1	173682	1
NZ_CP136968.1	173683	1
NZ_CP136968.1	173684	1
NZ_CP136968.1	173685	1
NZ_CP136968.1	173686	1
NZ_CP136968.1	173687	1
NZ_CP136968.1	173688	1
NZ_CP136968.1	173689	1
NZ_CP136968.1	173690	1
NZ_CP136968.1	173691	1
NZ_CP136968.1	173692	1
NZ_CP136968.1	173693	1
NZ_CP136968.1	173694	1
NZ_CP136968.1	173695	1
NZ_CP136968.1	173696	1
NZ_CP136968.1	173697	1
NZ_CP136968.1	173698	1
NZ_CP136968.1	173699	1
NZ_CP136968.1	173700	1
NZ_CP136968.1	173701	1
NZ_CP136968.1	173702	1
NZ_CP136968.1	173703	1
NZ_CP136968.1	173704	1
NZ_CP136968.1	173705	1
NZ_CP136968.1	173706	1
NZ_CP136968.1	173707	1
NZ_CP136968.1	173708	1
NZ_CP136968.1	173709	1
NZ_CP136968.1	173710	1
NZ_CP136968.1	173711	1
NZ_CP136968.1	173712	1
NZ_CP136968.1	173713	1
NZ_CP136968.1	173714	1
NZ_CP136968.1	173715	1
NZ_CP136968.1	173716	1
NZ_CP136968.1	173717	1
NZ_CP136968.1	173718	1
NZ_CP136968.1	173719	1
NZ_CP136968.1	173720	1
NZ_CP136968.1	173721	1
NZ_CP136968.1	173722	1
NZ_CP136968.1	173723	1
NZ_CP136968.1	173724	1
NZ_CP136968.1	173725	2
NZ_CP136968.1	173726	2
NZ_CP136968.1	173727	1
NZ_CP136968.1	173728	1
NZ_CP136968.1	173729	1
NZ_CP136968.1	173730	1
NZ_CP136968.1	173731	1
NZ_CP136968.1	173732	1
NZ_CP136968.1	173733	1
NZ_CP136968.1	173734	1
NZ_CP136968.1	173735	1
NZ_CP136968.1	173736	1
NZ_CP136968.1	173737	1
NZ_CP136968.1	173738	1
NZ_CP136968.1	173739	1
NZ_CP136968.1	173740	1
NZ_CP136968.1	173741	1
NZ_CP136968.1	173742	1
NZ_CP136968.1	173743	1
NZ_CP136968.1	173744	1
NZ_CP136968.1	173745	1
NZ_CP136968.1	173746	1
NZ_CP136968.1	173747	1
NZ_CP136968.1	173748	1
NZ_CP136968.1	173749	1
NZ_CP136968.1	173750	1
NZ_CP136968.1	173751	1
NZ_CP136968.1	173752	1
NZ_CP136968.1	173753	1
NZ_CP136968.1	173754	1
NZ_CP136968.1	173755	1
NZ_CP136968.1	173756	1
NZ_CP136968.1	173757	1
NZ_CP136968.1	173758	1
NZ_CP136968.1	173759	1
NZ_CP136968.1	173760	1
NZ_CP136968.1	173761	1
NZ_CP136968.1	173762	1
NZ_CP136968.1	173763	1
NZ_CP136968.1	173764	1
NZ_CP136968.1	173765	1
NZ_CP136968.1	173766	1
NZ_CP136968.1	173767	1
NZ_CP136968.1	173768	1
NZ_CP136968.1	173769	1
NZ_CP136968.1	173770	1
NZ_CP136968.1	173771	1
NZ_CP136968.1	173772	1
NZ_CP136968.1	173773	1
NZ_CP136968.1	173774	1
NZ_CP136968.1	173775	1
NZ_CP136968.1	173776	1
NZ_CP136968.1	173777	1
NZ_CP136968.1	173778	1
NZ_CP136968.1	173779	1
NZ_CP136968.1	173780	1
NZ_CP136968.1	173781	1
NZ_CP136968.1	173782	1
NZ_CP136968.1	173783	1
NZ_CP136968.1	173784	1
NZ_CP136968.1	173785	1
NZ_CP136968.1	173786	1
NZ_CP136968.1	173787	1
NZ_CP136968.1	173788	1
NZ_CP136968.1	173789	1
NZ_CP136968.1	173790	1
NZ_CP136968.1	173791	1
NZ_CP136968.1	173792	1
NZ_CP136968.1	173793	1
NZ_CP136968.1	173794	1
NZ_CP136968.1	173795	1
NZ_CP136968.1	173796	2
NZ_CP136968.1	173797	5
NZ_CP136968.1	173798	5
NZ_CP136968.1	173799	5
NZ_CP136968.1	173800	5
NZ_CP136968.1	173801	5
NZ_CP136968.1	173802	5
NZ_CP136968.1	173803	5
NZ_CP136968.1	173804	5
NZ_CP136968.1	173805	5
NZ_CP136968.1	173806	5
NZ_CP136968.1	173807	5
NZ_CP136968.1	173808	5
NZ_CP136968.1	173809	5
NZ_CP136968.1	173810	5
NZ_CP136968.1	173811	6
NZ_CP136968.1	173812	9
NZ_CP136968.1	173813	9
NZ_CP136968.1	173814	9
NZ_CP136968.1	173815	9
NZ_CP136968.1	173816	9
NZ_CP136968.1	173817	9
NZ_CP136968.1	173818	9
NZ_CP136968.1	173819	10
NZ_CP136968.1	173820	10
NZ_CP136968.1	173821	10
NZ_CP136968.1	173822	10
NZ_CP136968.1	173823	10
NZ_CP136968.1	173824	10
NZ_CP136968.1	173825	10
NZ_CP136968.1	173826	10
NZ_CP136968.1	173827	10
NZ_CP136968.1	173828	10
NZ_CP136968.1	173829	10
NZ_CP136968.1	173830	11
NZ_CP136968.1	173831	11
NZ_CP136968.1	173832	12
NZ_CP136968.1	173833	12
NZ_CP136968.1	173834	13
NZ_CP136968.1	173835	14
NZ_CP136968.1	173836	14
NZ_CP136968.1	173837	14
NZ_CP136968.1	173838	14
NZ_CP136968.1	173839	14
NZ_CP136968.1	173840	15
NZ_CP136968.1	173841	15
NZ_CP136968.1	173842	15
NZ_CP136968.1	173843	15
NZ_CP136968.1	173844	15
NZ_CP136968.1	173845	15
NZ_CP136968.1	173846	15
NZ_CP136968.1	173847	15
NZ_CP136968.1	173848	19
NZ_CP136968.1	173849	19
NZ_CP136968.1	173850	22
NZ_CP136968.1	173851	22
NZ_CP136968.1	173852	23
NZ_CP136968.1	173853	23
NZ_CP136968.1	173854	23
NZ_CP136968.1	173855	23
NZ_CP136968.1	173856	24
NZ_CP136968.1	173857	25
NZ_CP136968.1	173858	25
NZ_CP136968.1	173859	25
NZ_CP136968.1	173860	26
NZ_CP136968.1	173861	26
NZ_CP136968.1	173862	31
NZ_CP136968.1	173863	37
NZ_CP136968.1	173864	39
NZ_CP136968.1	173865	41
NZ_CP136968.1	173866	41
NZ_CP136968.1	173867	41
NZ_CP136968.1	173868	44
NZ_CP136968.1	173869	45
NZ_CP136968.1	173870	46
NZ_CP136968.1	173871	51
NZ_CP136968.1	173872	51
NZ_CP136968.1	173873	56
NZ_CP136968.1	173874	58
NZ_CP136968.1	173875	61
NZ_CP136968.1	173876	63
NZ_CP136968.1	173877	66
NZ_CP136968.1	173878	70
NZ_CP136968.1	173879	72
NZ_CP136968.1	173880	72
NZ_CP136968.1	173881	73
NZ_CP136968.1	173882	75
NZ_CP136968.1	173883	75
NZ_CP136968.1	173884	76
NZ_CP136968.1	173885	76
NZ_CP136968.1	173886	78
NZ_CP136968.1	173887	80
NZ_CP136968.1	173888	82
NZ_CP136968.1	173889	84
NZ_CP136968.1	173890	85
NZ_CP136968.1	173891	86
NZ_CP136968.1	173892	86
NZ_CP136968.1	173893	89
NZ_CP136968.1	173894	94
NZ_CP136968.1	173895	98
NZ_CP136968.1	173896	103
NZ_CP136968.1	173897	105
NZ_CP136968.1	173898	107
NZ_CP136968.1	173899	107
NZ_CP136968.1	173900	110
NZ_CP136968.1	173901	111
NZ_CP136968.1	173902	112
NZ_CP136968.1	173903	113
NZ_CP136968.1	173904	115
NZ_CP136968.1	173905	115
NZ_CP136968.1	173906	118
NZ_CP136968.1	173907	118
NZ_CP136968.1	173908	119
NZ_CP136968.1	173909	121
NZ_CP136968.1	173910	121
NZ_CP136968.1	173911	122
NZ_CP136968.1	173912	122
NZ_CP136968.1	173913	122
NZ_CP136968.1	173914	122
NZ_CP136968.1	173915	122
NZ_CP136968.1	173916	111
NZ_CP136968.1	173917	111
NZ_CP136968.1	173918	111
NZ_CP136968.1	173919	111
NZ_CP136968.1	173920	27
NZ_CP136968.1	173921	92
NZ_CP136968.1	173922	22
NZ_CP136968.1	173923	4
NZ_CP136968.1	173924	8
NZ_CP136968.1	173925	104
NZ_CP136968.1	173926	115
NZ_CP136968.1	173927	119
NZ_CP136968.1	173928	132
NZ_CP136968.1	173929	133
NZ_CP136968.1	173930	124
NZ_CP136968.1	173931	135
NZ_CP136968.1	173932	135
NZ_CP136968.1	173933	135
NZ_CP136968.1	173934	136
NZ_CP136968.1	173935	137
NZ_CP136968.1	173936	137
NZ_CP136968.1	173937	136
NZ_CP136968.1	173938	137
NZ_CP136968.1	173939	137
NZ_CP136968.1	173940	137
NZ_CP136968.1	173941	137
NZ_CP136968.1	173942	139
NZ_CP136968.1	173943	139
NZ_CP136968.1	173944	141
NZ_CP136968.1	173945	142
NZ_CP136968.1	173946	142
NZ_CP136968.1	173947	143
NZ_CP136968.1	173948	143
NZ_CP136968.1	173949	146
NZ_CP136968.1	173950	146
NZ_CP136968.1	173951	144
NZ_CP136968.1	173952	144
NZ_CP136968.1	173953	145
NZ_CP136968.1	173954	147
NZ_CP136968.1	173955	147
NZ_CP136968.1	173956	149
NZ_CP136968.1	173957	150
NZ_CP136968.1	173958	151
NZ_CP136968.1	173959	153
NZ_CP136968.1	173960	153
NZ_CP136968.1	173961	153
NZ_CP136968.1	173962	155
NZ_CP136968.1	173963	155
NZ_CP136968.1	173964	155
NZ_CP136968.1	173965	155
NZ_CP136968.1	173966	153
NZ_CP136968.1	173967	155
NZ_CP136968.1	173968	155
NZ_CP136968.1	173969	157
NZ_CP136968.1	173970	158
NZ_CP136968.1	173971	158
NZ_CP136968.1	173972	162
NZ_CP136968.1	173973	167
NZ_CP136968.1	173974	167
NZ_CP136968.1	173975	170
NZ_CP136968.1	173976	170
NZ_CP136968.1	173977	171
NZ_CP136968.1	173978	175
NZ_CP136968.1	173979	177
NZ_CP136968.1	173980	177
NZ_CP136968.1	173981	178
NZ_CP136968.1	173982	176
NZ_CP136968.1	173983	176
NZ_CP136968.1	173984	178
NZ_CP136968.1	173985	180
NZ_CP136968.1	173986	179
NZ_CP136968.1	173987	180
NZ_CP136968.1	173988	182
NZ_CP136968.1	173989	183
NZ_CP136968.1	173990	184
NZ_CP136968.1	173991	184
NZ_CP136968.1	173992	184
NZ_CP136968.1	173993	184
NZ_CP136968.1	173994	183
NZ_CP136968.1	173995	184
NZ_CP136968.1	173996	187
NZ_CP136968.1	173997	188
NZ_CP136968.1	173998	188
NZ_CP136968.1	173999	190
NZ_CP136968.1	174000	195
NZ_CP136968.1	174001	196
NZ_CP136968.1	174002	196
NZ_CP136968.1	174003	194
NZ_CP136968.1	174004	191
NZ_CP136968.1	174005	194
NZ_CP136968.1	174006	193
NZ_CP136968.1	174007	193
NZ_CP136968.1	174008	194
NZ_CP136968.1	174009	197
NZ_CP136968.1	174010	198
NZ_CP136968.1	174011	200
NZ_CP136968.1	174012	200
NZ_CP136968.1	174013	201
NZ_CP136968.1	174014	201
NZ_CP136968.1	174015	201
NZ_CP136968.1	174016	194
NZ_CP136968.1	174017	188
NZ_CP136968.1	174018	188
NZ_CP136968.1	174019	186
NZ_CP136968.1	174020	185
NZ_CP136968.1	174021	185
NZ_CP136968.1	174022	183
NZ_CP136968.1	174023	179
NZ_CP136968.1	174024	178
NZ_CP136968.1	174025	175
NZ_CP136968.1	174026	175
NZ_CP136968.1	174027	171
NZ_CP136968.1	174028	169
NZ_CP136968.1	174029	168
NZ_CP136968.1	174030	169
NZ_CP136968.1	174031	164
NZ_CP136968.1	174032	163
NZ_CP136968.1	174033	161
NZ_CP136968.1	174034	161
NZ_CP136968.1	174035	160
NZ_CP136968.1	174036	157
NZ_CP136968.1	174037	157
NZ_CP136968.1	174038	154
NZ_CP136968.1	174039	152
NZ_CP136968.1	174040	149
NZ_CP136968.1	174041	145
NZ_CP136968.1	174042	143
NZ_CP136968.1	174043	142
NZ_CP136968.1	174044	142
NZ_CP136968.1	174045	139
NZ_CP136968.1	174046	139
NZ_CP136968.1	174047	139
NZ_CP136968.1	174048	134
NZ_CP136968.1	174049	130
NZ_CP136968.1	174050	123
NZ_CP136968.1	174051	121
NZ_CP136968.1	174052	121
NZ_CP136968.1	174053	120
NZ_CP136968.1	174054	118
NZ_CP136968.1	174055	116
NZ_CP136968.1	174056	114
NZ_CP136968.1	174057	114
NZ_CP136968.1	174058	113
NZ_CP136968.1	174059	113
NZ_CP136968.1	174060	110
NZ_CP136968.1	174061	110
NZ_CP136968.1	174062	109
NZ_CP136968.1	174063	107
NZ_CP136968.1	174064	107
NZ_CP136968.1	174065	106
NZ_CP136968.1	174066	106
NZ_CP136968.1	174067	105
NZ_CP136968.1	174068	104
NZ_CP136968.1	174069	104
NZ_CP136968.1	174070	103
NZ_CP136968.1	174071	102
NZ_CP136968.1	174072	101
NZ_CP136968.1	174073	101
NZ_CP136968.1	174074	101
NZ_CP136968.1	174075	101
NZ_CP136968.1	174076	100
NZ_CP136968.1	174077	98
NZ_CP136968.1	174078	96
NZ_CP136968.1	174079	95
NZ_CP136968.1	174080	93
NZ_CP136968.1	174081	93
NZ_CP136968.1	174082	93
NZ_CP136968.1	174083	93
NZ_CP136968.1	174084	92
NZ_CP136968.1	174085	91
NZ_CP136968.1	174086	91
NZ_CP136968.1	174087	91
NZ_CP136968.1	174088	91
NZ_CP136968.1	174089	91
NZ_CP136968.1	174090	91
NZ_CP136968.1	174091	91
NZ_CP136968.1	174092	89
NZ_CP136968.1	174093	89
NZ_CP136968.1	174094	87
NZ_CP136968.1	174095	86
NZ_CP136968.1	174096	86
NZ_CP136968.1	174097	85
NZ_CP136968.1	174098	85
NZ_CP136968.1	174099	82
NZ_CP136968.1	174100	81
NZ_CP136968.1	174101	80
NZ_CP136968.1	174102	80
NZ_CP136968.1	174103	79
NZ_CP136968.1	174104	75
NZ_CP136968.1	174105	75
NZ_CP136968.1	174106	75
NZ_CP136968.1	174107	74
NZ_CP136968.1	174108	73
NZ_CP136968.1	174109	71
NZ_CP136968.1	174110	72
NZ_CP136968.1	174111	72
NZ_CP136968.1	174112	70
NZ_CP136968.1	174113	70
NZ_CP136968.1	174114	70
NZ_CP136968.1	174115	69
NZ_CP136968.1	174116	68
NZ_CP136968.1	174117	67
NZ_CP136968.1	174118	67
NZ_CP136968.1	174119	64
NZ_CP136968.1	174120	63
NZ_CP136968.1	174121	63
NZ_CP136968.1	174122	59
NZ_CP136968.1	174123	54
NZ_CP136968.1	174124	54
NZ_CP136968.1	174125	51
NZ_CP136968.1	174126	51
NZ_CP136968.1	174127	50
NZ_CP136968.1	174128	46
NZ_CP136968.1	174129	44
NZ_CP136968.1	174130	44
NZ_CP136968.1	174131	43
NZ_CP136968.1	174132	43
NZ_CP136968.1	174133	43
NZ_CP136968.1	174134	41
NZ_CP136968.1	174135	39
NZ_CP136968.1	174136	39
NZ_CP136968.1	174137	38
NZ_CP136968.1	174138	35
NZ_CP136968.1	174139	33
NZ_CP136968.1	174140	32
NZ_CP136968.1	174141	32
NZ_CP136968.1	174142	32
NZ_CP136968.1	174143	32
NZ_CP136968.1	174144	32
NZ_CP136968.1	174145	31
NZ_CP136968.1	174146	28
NZ_CP136968.1	174147	28
NZ_CP136968.1	174148	27
NZ_CP136968.1	174149	26
NZ_CP136968.1	174150	21
NZ_CP136968.1	174151	20
NZ_CP136968.1	174152	16
NZ_CP136968.1	174153	16
NZ_CP136968.1	174154	16
NZ_CP136968.1	174155	15
NZ_CP136968.1	174156	15
NZ_CP136968.1	174157	15
NZ_CP136968.1	174158	14
NZ_CP136968.1	174159	11
NZ_CP136968.1	174160	8
NZ_CP136968.1	174161	7
NZ_CP136968.1	174162	6
NZ_CP136968.1	174163	6
NZ_CP136968.1	174164	6
NZ_CP136968.1	174165	6
NZ_CP136968.1	174166	6
NZ_CP136968.1	174167	6
NZ_CP136968.1	174168	6
NZ_CP136968.1	174169	6
NZ_CP136968.1	174170	6
NZ_CP136968.1	174171	6
NZ_CP136968.1	174172	6
NZ_CP136968.1	174173	6
NZ_CP136968.1	174174	6
NZ_CP136968.1	174175	6
NZ_CP136968.1	174176	6
NZ_CP136968.1	174177	6
NZ_CP136968.1	174178	6
NZ_CP136968.1	174179	6
NZ_CP136968.1	174180	6
NZ_CP136968.1	174181	5
NZ_CP136968.1	174182	4
NZ_CP136968.1	174183	4
NZ_CP136968.1	174184	4
NZ_CP136968.1	174185	4
NZ_CP136968.1	174186	4
NZ_CP136968.1	174187	4
NZ_CP136968.1	174188	4
NZ_CP136968.1	174189	4
NZ_CP136968.1	174190	4
NZ_CP136968.1	174191	3
NZ_CP136968.1	174192	3
NZ_CP136968.1	174193	2
NZ_CP136968.1	174194	2
NZ_CP136968.1	174195	2
NZ_CP136968.1	174196	2
NZ_CP136968.1	174197	2
NZ_CP136968.1	174198	2
NZ_CP136968.1	174199	2
NZ_CP136968.1	174200	2
NZ_CP136968.1	174201	2
NZ_CP136968.1	174202	2
NZ_CP136968.1	174203	2
NZ_CP136968.1	174204	2
NZ_CP136968.1	174205	2
NZ_CP136968.1	174206	2
NZ_CP136968.1	174207	2
NZ_CP136968.1	174208	2
NZ_CP136968.1	174209	2
NZ_CP136968.1	174210	3
NZ_CP136968.1	174211	3
NZ_CP136968.1	174212	3
NZ_CP136968.1	174213	3
NZ_CP136968.1	174214	3
NZ_CP136968.1	174215	3
NZ_CP136968.1	174216	3
NZ_CP136968.1	174217	3
NZ_CP136968.1	174218	3
NZ_CP136968.1	174219	3
NZ_CP136968.1	174220	3
NZ_CP136968.1	174221	3
NZ_CP136968.1	174222	3
NZ_CP136968.1	174223	3
NZ_CP136968.1	174224	3
NZ_CP136968.1	174225	3
NZ_CP136968.1	174226	3
NZ_CP136968.1	174227	3
NZ_CP136968.1	174228	3
NZ_CP136968.1	174229	3
NZ_CP136968.1	174230	3
NZ_CP136968.1	174231	3
NZ_CP136968.1	174232	3
NZ_CP136968.1	174233	3
NZ_CP136968.1	174234	3
NZ_CP136968.1	174235	3
NZ_CP136968.1	174236	3
NZ_CP136968.1	174237	3
NZ_CP136968.1	174238	3
NZ_CP136968.1	174239	3
NZ_CP136968.1	174240	3
NZ_CP136968.1	174241	3
NZ_CP136968.1	174242	3
NZ_CP136968.1	174243	3
NZ_CP136968.1	174244	3
NZ_CP136968.1	174245	3
NZ_CP136968.1	174246	3
NZ_CP136968.1	174247	3
NZ_CP136968.1	174248	3
NZ_CP136968.1	174249	3
NZ_CP136968.1	174250	3
NZ_CP136968.1	174251	3
NZ_CP136968.1	174252	3
NZ_CP136968.1	174253	3
NZ_CP136968.1	174254	3
NZ_CP136968.1	174255	3
NZ_CP136968.1	174256	3
NZ_CP136968.1	174257	3
NZ_CP136968.1	174258	3
NZ_CP136968.1	174259	3
NZ_CP136968.1	174260	2
NZ_CP136968.1	174261	2
NZ_CP136968.1	174262	2
NZ_CP136968.1	174263	2
NZ_CP136968.1	174264	2
NZ_CP136968.1	174265	2
NZ_CP136968.1	174266	2
NZ_CP136968.1	174267	2
NZ_CP136968.1	174268	2
NZ_CP136968.1	174269	2
NZ_CP136968.1	174270	2
NZ_CP136968.1	174271	2
NZ_CP136968.1	174272	2
NZ_CP136968.1	174273	2
NZ_CP136968.1	174274	2
NZ_CP136968.1	174275	2
NZ_CP136968.1	174276	2
NZ_CP136968.1	174277	2
NZ_CP136968.1	174278	2
NZ_CP136968.1	174279	2
NZ_CP136968.1	174280	2
NZ_CP136968.1	174281	2
NZ_CP136968.1	174282	2
NZ_CP136968.1	174283	2
NZ_CP136968.1	174284	2
NZ_CP136968.1	174285	3
NZ_CP136968.1	174286	3
NZ_CP136968.1	174287	3
NZ_CP136968.1	174288	3
NZ_CP136968.1	174289	3
NZ_CP136968.1	174290	3
NZ_CP136968.1	174291	3
NZ_CP136968.1	174292	3
NZ_CP136968.1	174293	3
NZ_CP136968.1	174294	3
NZ_CP136968.1	174295	3
NZ_CP136968.1	174296	3
NZ_CP136968.1	174297	2
NZ_CP136968.1	174298	2
NZ_CP136968.1	174299	2
NZ_CP136968.1	174300	2
NZ_CP136968.1	174301	2
NZ_CP136968.1	174302	2
NZ_CP136968.1	174303	2
NZ_CP136968.1	174304	2
NZ_CP136968.1	174305	2
NZ_CP136968.1	174306	2
NZ_CP136968.1	174307	2
NZ_CP136968.1	174308	2
NZ_CP136968.1	174309	2
NZ_CP136968.1	174310	2
NZ_CP136968.1	174311	2
NZ_CP136968.1	174312	2
NZ_CP136968.1	174313	2
NZ_CP136968.1	174314	2
NZ_CP136968.1	174315	2
NZ_CP136968.1	174316	2
NZ_CP136968.1	174317	2
NZ_CP136968.1	174318	2
NZ_CP136968.1	174319	2
NZ_CP136968.1	174320	2
NZ_CP136968.1	174321	2
NZ_CP136968.1	174322	2
NZ_CP136968.1	174323	2
NZ_CP136968.1	174324	2
NZ_CP136968.1	174325	2
NZ_CP136968.1	174326	2
NZ_CP136968.1	174327	2
NZ_CP136968.1	174328	2
NZ_CP136968.1	174329	2
NZ_CP136968.1	174330	2
NZ_CP136968.1	174331	2
NZ_CP136968.1	174332	2
NZ_CP136968.1	174333	3
NZ_CP136968.1	174334	3
NZ_CP136968.1	174335	3
NZ_CP136968.1	174336	3
NZ_CP136968.1	174337	3
NZ_CP136968.1	174338	3
NZ_CP136968.1	174339	3
NZ_CP136968.1	174340	3
NZ_CP136968.1	174341	3
NZ_CP136968.1	174342	3
NZ_CP136968.1	174343	3
NZ_CP136968.1	174344	3
NZ_CP136968.1	174345	3
NZ_CP136968.1	174346	3
NZ_CP136968.1	174347	3
NZ_CP136968.1	174348	3
NZ_CP136968.1	174349	3
NZ_CP136968.1	174350	3
NZ_CP136968.1	174351	3
NZ_CP136968.1	174352	3
NZ_CP136968.1	174353	3
NZ_CP136968.1	174354	3
NZ_CP136968.1	174355	3
NZ_CP136968.1	174356	3
NZ_CP136968.1	174357	3
NZ_CP136968.1	174358	3
NZ_CP136968.1	174359	3
NZ_CP136968.1	174360	2
NZ_CP136968.1	174361	2
NZ_CP136968.1	174362	2
NZ_CP136968.1	174363	2
NZ_CP136968.1	174364	2
NZ_CP136968.1	174365	2
NZ_CP136968.1	174366	2
NZ_CP136968.1	174367	2
NZ_CP136968.1	174368	2
NZ_CP136968.1	174369	2
NZ_CP136968.1	174370	2
NZ_CP136968.1	174371	2
NZ_CP136968.1	174372	2
NZ_CP136968.1	174373	2
NZ_CP136968.1	174374	2
NZ_CP136968.1	174375	2
NZ_CP136968.1	174376	2
NZ_CP136968.1	174377	2
NZ_CP136968.1	174378	6
NZ_CP136968.1	174379	7
NZ_CP136968.1	174380	8
NZ_CP136968.1	174381	11
NZ_CP136968.1	174382	12
NZ_CP136968.1	174383	13
NZ_CP136968.1	174384	13
NZ_CP136968.1	174385	15
NZ_CP136968.1	174386	16
NZ_CP136968.1	174387	16
NZ_CP136968.1	174388	18
NZ_CP136968.1	174389	20
NZ_CP136968.1	174390	20
NZ_CP136968.1	174391	20
NZ_CP136968.1	174392	21
NZ_CP136968.1	174393	22
NZ_CP136968.1	174394	23
NZ_CP136968.1	174395	23
NZ_CP136968.1	174396	24
NZ_CP136968.1	174397	25
NZ_CP136968.1	174398	25
NZ_CP136968.1	174399	25
NZ_CP136968.1	174400	25
NZ_CP136968.1	174401	26
NZ_CP136968.1	174402	26
NZ_CP136968.1	174403	26
NZ_CP136968.1	174404	28
NZ_CP136968.1	174405	28
NZ_CP136968.1	174406	29
NZ_CP136968.1	174407	29
NZ_CP136968.1	174408	30
NZ_CP136968.1	174409	33
NZ_CP136968.1	174410	36
NZ_CP136968.1	174411	36
NZ_CP136968.1	174412	39
NZ_CP136968.1	174413	40
NZ_CP136968.1	174414	42
NZ_CP136968.1	174415	46
NZ_CP136968.1	174416	49
NZ_CP136968.1	174417	49
NZ_CP136968.1	174418	49
NZ_CP136968.1	174419	51
NZ_CP136968.1	174420	52
NZ_CP136968.1	174421	54
NZ_CP136968.1	174422	55
NZ_CP136968.1	174423	56
NZ_CP136968.1	174424	56
NZ_CP136968.1	174425	57
NZ_CP136968.1	174426	58
NZ_CP136968.1	174427	60
NZ_CP136968.1	174428	61
NZ_CP136968.1	174429	63
NZ_CP136968.1	174430	66
NZ_CP136968.1	174431	66
NZ_CP136968.1	174432	66
NZ_CP136968.1	174433	67
NZ_CP136968.1	174434	67
NZ_CP136968.1	174435	67
NZ_CP136968.1	174436	67
NZ_CP136968.1	174437	67
NZ_CP136968.1	174438	73
NZ_CP136968.1	174439	73
NZ_CP136968.1	174440	74
NZ_CP136968.1	174441	75
NZ_CP136968.1	174442	76
NZ_CP136968.1	174443	76
NZ_CP136968.1	174444	76
NZ_CP136968.1	174445	76
NZ_CP136968.1	174446	78
NZ_CP136968.1	174447	79
NZ_CP136968.1	174448	79
NZ_CP136968.1	174449	81
NZ_CP136968.1	174450	82
NZ_CP136968.1	174451	84
NZ_CP136968.1	174452	87
NZ_CP136968.1	174453	87
NZ_CP136968.1	174454	87
NZ_CP136968.1	174455	88
NZ_CP136968.1	174456	90
NZ_CP136968.1	174457	98
NZ_CP136968.1	174458	101
NZ_CP136968.1	174459	101
NZ_CP136968.1	174460	101
NZ_CP136968.1	174461	103
NZ_CP136968.1	174462	103
NZ_CP136968.1	174463	104
NZ_CP136968.1	174464	107
NZ_CP136968.1	174465	109
NZ_CP136968.1	174466	109
NZ_CP136968.1	174467	111
NZ_CP136968.1	174468	113
NZ_CP136968.1	174469	113
NZ_CP136968.1	174470	115
NZ_CP136968.1	174471	115
NZ_CP136968.1	174472	118
NZ_CP136968.1	174473	121
NZ_CP136968.1	174474	121
NZ_CP136968.1	174475	124
NZ_CP136968.1	174476	126
NZ_CP136968.1	174477	126
NZ_CP136968.1	174478	127
NZ_CP136968.1	174479	128
NZ_CP136968.1	174480	128
NZ_CP136968.1	174481	128
NZ_CP136968.1	174482	130
NZ_CP136968.1	174483	129
NZ_CP136968.1	174484	131
NZ_CP136968.1	174485	132
NZ_CP136968.1	174486	133
NZ_CP136968.1	174487	131
NZ_CP136968.1	174488	131
NZ_CP136968.1	174489	134
NZ_CP136968.1	174490	135
NZ_CP136968.1	174491	137
NZ_CP136968.1	174492	137
NZ_CP136968.1	174493	137
NZ_CP136968.1	174494	137
NZ_CP136968.1	174495	138
NZ_CP136968.1	174496	140
NZ_CP136968.1	174497	148
NZ_CP136968.1	174498	150
NZ_CP136968.1	174499	150
NZ_CP136968.1	174500	150
NZ_CP136968.1	174501	152
NZ_CP136968.1	174502	154
NZ_CP136968.1	174503	154
NZ_CP136968.1	174504	154
NZ_CP136968.1	174505	155
NZ_CP136968.1	174506	155
NZ_CP136968.1	174507	155
NZ_CP136968.1	174508	158
NZ_CP136968.1	174509	161
NZ_CP136968.1	174510	163
NZ_CP136968.1	174511	164
NZ_CP136968.1	174512	166
NZ_CP136968.1	174513	167
NZ_CP136968.1	174514	169
NZ_CP136968.1	174515	172
NZ_CP136968.1	174516	172
NZ_CP136968.1	174517	175
NZ_CP136968.1	174518	175
NZ_CP136968.1	174519	176
NZ_CP136968.1	174520	179
NZ_CP136968.1	174521	180
NZ_CP136968.1	174522	183
NZ_CP136968.1	174523	183
NZ_CP136968.1	174524	184
NZ_CP136968.1	174525	184
NZ_CP136968.1	174526	188
NZ_CP136968.1	174527	193
NZ_CP136968.1	174528	194
NZ_CP136968.1	174529	195
NZ_CP136968.1	174530	198
NZ_CP136968.1	174531	198
NZ_CP136968.1	174532	197
NZ_CP136968.1	174533	198
NZ_CP136968.1	174534	198
NZ_CP136968.1	174535	199
NZ_CP136968.1	174536	199
NZ_CP136968.1	174537	204
NZ_CP136968.1	174538	204
NZ_CP136968.1	174539	204
NZ_CP136968.1	174540	208
NZ_CP136968.1	174541	210
NZ_CP136968.1	174542	214
NZ_CP136968.1	174543	214
NZ_CP136968.1	174544	213
NZ_CP136968.1	174545	216
NZ_CP136968.1	174546	222
NZ_CP136968.1	174547	221
NZ_CP136968.1	174548	223
NZ_CP136968.1	174549	226
NZ_CP136968.1	174550	227
NZ_CP136968.1	174551	232
NZ_CP136968.1	174552	235
NZ_CP136968.1	174553	240
NZ_CP136968.1	174554	244
NZ_CP136968.1	174555	243
NZ_CP136968.1	174556	242
NZ_CP136968.1	174557	239
NZ_CP136968.1	174558	239
NZ_CP136968.1	174559	238
NZ_CP136968.1	174560	243
NZ_CP136968.1	174561	249
NZ_CP136968.1	174562	246
NZ_CP136968.1	174563	248
NZ_CP136968.1	174564	247
NZ_CP136968.1	174565	249
NZ_CP136968.1	174566	247
NZ_CP136968.1	174567	253
NZ_CP136968.1	174568	260
NZ_CP136968.1	174569	260
NZ_CP136968.1	174570	260
NZ_CP136968.1	174571	259
NZ_CP136968.1	174572	259
NZ_CP136968.1	174573	260
NZ_CP136968.1	174574	260
NZ_CP136968.1	174575	261
NZ_CP136968.1	174576	258
NZ_CP136968.1	174577	260
NZ_CP136968.1	174578	258
NZ_CP136968.1	174579	259
NZ_CP136968.1	174580	259
NZ_CP136968.1	174581	260
NZ_CP136968.1	174582	264
NZ_CP136968.1	174583	264
NZ_CP136968.1	174584	264
NZ_CP136968.1	174585	263
NZ_CP136968.1	174586	264
NZ_CP136968.1	174587	269
NZ_CP136968.1	174588	263
NZ_CP136968.1	174589	268
NZ_CP136968.1	174590	267
NZ_CP136968.1	174591	269
NZ_CP136968.1	174592	269
NZ_CP136968.1	174593	273
NZ_CP136968.1	174594	274
NZ_CP136968.1	174595	276
NZ_CP136968.1	174596	274
NZ_CP136968.1	174597	273
NZ_CP136968.1	174598	275
NZ_CP136968.1	174599	274
NZ_CP136968.1	174600	274
NZ_CP136968.1	174601	272
NZ_CP136968.1	174602	269
NZ_CP136968.1	174603	269
NZ_CP136968.1	174604	269
NZ_CP136968.1	174605	269
NZ_CP136968.1	174606	269
NZ_CP136968.1	174607	261
NZ_CP136968.1	174608	255
NZ_CP136968.1	174609	258
NZ_CP136968.1	174610	258
NZ_CP136968.1	174611	257
NZ_CP136968.1	174612	259
NZ_CP136968.1	174613	258
NZ_CP136968.1	174614	255
NZ_CP136968.1	174615	253
NZ_CP136968.1	174616	253
NZ_CP136968.1	174617	253
NZ_CP136968.1	174618	252
NZ_CP136968.1	174619	253
NZ_CP136968.1	174620	250
NZ_CP136968.1	174621	250
NZ_CP136968.1	174622	248
NZ_CP136968.1	174623	246
NZ_CP136968.1	174624	247
NZ_CP136968.1	174625	250
NZ_CP136968.1	174626	248
NZ_CP136968.1	174627	248
NZ_CP136968.1	174628	253
NZ_CP136968.1	174629	252
NZ_CP136968.1	174630	252
NZ_CP136968.1	174631	252
NZ_CP136968.1	174632	250
NZ_CP136968.1	174633	251
NZ_CP136968.1	174634	249
NZ_CP136968.1	174635	248
NZ_CP136968.1	174636	247
NZ_CP136968.1	174637	247
NZ_CP136968.1	174638	247
NZ_CP136968.1	174639	246
NZ_CP136968.1	174640	247
NZ_CP136968.1	174641	246
NZ_CP136968.1	174642	246
NZ_CP136968.1	174643	245
NZ_CP136968.1	174644	244
NZ_CP136968.1	174645	244
NZ_CP136968.1	174646	242
NZ_CP136968.1	174647	233
NZ_CP136968.1	174648	233
NZ_CP136968.1	174649	233
NZ_CP136968.1	174650	234
NZ_CP136968.1	174651	232
NZ_CP136968.1	174652	234
NZ_CP136968.1	174653	234
NZ_CP136968.1	174654	235
NZ_CP136968.1	174655	234
NZ_CP136968.1	174656	235
NZ_CP136968.1	174657	237
NZ_CP136968.1	174658	237
NZ_CP136968.1	174659	235
NZ_CP136968.1	174660	233
NZ_CP136968.1	174661	232
NZ_CP136968.1	174662	230
NZ_CP136968.1	174663	229
NZ_CP136968.1	174664	227
NZ_CP136968.1	174665	224
NZ_CP136968.1	174666	224
NZ_CP136968.1	174667	221
NZ_CP136968.1	174668	221
NZ_CP136968.1	174669	221
NZ_CP136968.1	174670	218
NZ_CP136968.1	174671	217
NZ_CP136968.1	174672	214
NZ_CP136968.1	174673	213
NZ_CP136968.1	174674	211
NZ_CP136968.1	174675	211
NZ_CP136968.1	174676	207
NZ_CP136968.1	174677	204
NZ_CP136968.1	174678	201
NZ_CP136968.1	174679	199
NZ_CP136968.1	174680	195
NZ_CP136968.1	174681	192
NZ_CP136968.1	174682	195
NZ_CP136968.1	174683	194
NZ_CP136968.1	174684	193
NZ_CP136968.1	174685	190
NZ_CP136968.1	174686	188
NZ_CP136968.1	174687	183
NZ_CP136968.1	174688	179
NZ_CP136968.1	174689	180
NZ_CP136968.1	174690	177
NZ_CP136968.1	174691	176
NZ_CP136968.1	174692	171
NZ_CP136968.1	174693	169
NZ_CP136968.1	174694	169
NZ_CP136968.1	174695	168
NZ_CP136968.1	174696	161
NZ_CP136968.1	174697	161
NZ_CP136968.1	174698	159
NZ_CP136968.1	174699	156
NZ_CP136968.1	174700	156
NZ_CP136968.1	174701	151
NZ_CP136968.1	174702	149
NZ_CP136968.1	174703	145
NZ_CP136968.1	174704	139
NZ_CP136968.1	174705	139
NZ_CP136968.1	174706	139
NZ_CP136968.1	174707	139
NZ_CP136968.1	174708	138
NZ_CP136968.1	174709	137
NZ_CP136968.1	174710	133
NZ_CP136968.1	174711	127
NZ_CP136968.1	174712	125
NZ_CP136968.1	174713	125
NZ_CP136968.1	174714	123
NZ_CP136968.1	174715	117
NZ_CP136968.1	174716	118
NZ_CP136968.1	174717	116
NZ_CP136968.1	174718	109
NZ_CP136968.1	174719	109
NZ_CP136968.1	174720	108
NZ_CP136968.1	174721	107
NZ_CP136968.1	174722	104
NZ_CP136968.1	174723	104
NZ_CP136968.1	174724	104
NZ_CP136968.1	174725	103
NZ_CP136968.1	174726	103
NZ_CP136968.1	174727	99
NZ_CP136968.1	174728	100
NZ_CP136968.1	174729	100
NZ_CP136968.1	174730	97
NZ_CP136968.1	174731	96
NZ_CP136968.1	174732	92
NZ_CP136968.1	174733	92
NZ_CP136968.1	174734	91
NZ_CP136968.1	174735	91
NZ_CP136968.1	174736	90
NZ_CP136968.1	174737	86
NZ_CP136968.1	174738	85
NZ_CP136968.1	174739	80
NZ_CP136968.1	174740	79
NZ_CP136968.1	174741	76
NZ_CP136968.1	174742	75
NZ_CP136968.1	174743	72
NZ_CP136968.1	174744	71
NZ_CP136968.1	174745	68
NZ_CP136968.1	174746	68
NZ_CP136968.1	174747	68
NZ_CP136968.1	174748	66
NZ_CP136968.1	174749	65
NZ_CP136968.1	174750	64
NZ_CP136968.1	174751	64
NZ_CP136968.1	174752	64
NZ_CP136968.1	174753	64
NZ_CP136968.1	174754	64
NZ_CP136968.1	174755	63
NZ_CP136968.1	174756	62
NZ_CP136968.1	174757	62
NZ_CP136968.1	174758	62
NZ_CP136968.1	174759	62
NZ_CP136968.1	174760	62
NZ_CP136968.1	174761	61
NZ_CP136968.1	174762	59
NZ_CP136968.1	174763	59
NZ_CP136968.1	174764	59
NZ_CP136968.1	174765	59
NZ_CP136968.1	174766	58
NZ_CP136968.1	174767	56
NZ_CP136968.1	174768	55
NZ_CP136968.1	174769	55
NZ_CP136968.1	174770	55
NZ_CP136968.1	174771	55
NZ_CP136968.1	174772	55
NZ_CP136968.1	174773	54
NZ_CP136968.1	174774	53
NZ_CP136968.1	174775	48
NZ_CP136968.1	174776	48
NZ_CP136968.1	174777	47
NZ_CP136968.1	174778	41
NZ_CP136968.1	174779	41
NZ_CP136968.1	174780	41
NZ_CP136968.1	174781	41
NZ_CP136968.1	174782	41
NZ_CP136968.1	174783	40
NZ_CP136968.1	174784	40
NZ_CP136968.1	174785	40
NZ_CP136968.1	174786	40
NZ_CP136968.1	174787	40
NZ_CP136968.1	174788	40
NZ_CP136968.1	174789	39
NZ_CP136968.1	174790	37
NZ_CP136968.1	174791	37
NZ_CP136968.1	174792	37
NZ_CP136968.1	174793	37
NZ_CP136968.1	174794	37
NZ_CP136968.1	174795	37
NZ_CP136968.1	174796	37
NZ_CP136968.1	174797	37
NZ_CP136968.1	174798	36
NZ_CP136968.1	174799	36
NZ_CP136968.1	174800	35
NZ_CP136968.1	174801	35
NZ_CP136968.1	174802	32
NZ_CP136968.1	174803	32
NZ_CP136968.1	174804	31
NZ_CP136968.1	174805	31
NZ_CP136968.1	174806	30
NZ_CP136968.1	174807	28
NZ_CP136968.1	174808	25
NZ_CP136968.1	174809	25
NZ_CP136968.1	174810	24
NZ_CP136968.1	174811	24
NZ_CP136968.1	174812	24
NZ_CP136968.1	174813	24
NZ_CP136968.1	174814	24
NZ_CP136968.1	174815	24
NZ_CP136968.1	174816	24
NZ_CP136968.1	174817	24
NZ_CP136968.1	174818	24
NZ_CP136968.1	174819	23
NZ_CP136968.1	174820	23
NZ_CP136968.1	174821	23
NZ_CP136968.1	174822	23
NZ_CP136968.1	174823	23
NZ_CP136968.1	174824	23
NZ_CP136968.1	174825	23
NZ_CP136968.1	174826	22
NZ_CP136968.1	174827	20
NZ_CP136968.1	174828	20
NZ_CP136968.1	174829	20
NZ_CP136968.1	174830	20
NZ_CP136968.1	174831	20
NZ_CP136968.1	174832	17
NZ_CP136968.1	174833	17
NZ_CP136968.1	174834	17
NZ_CP136968.1	174835	17
NZ_CP136968.1	174836	17
NZ_CP136968.1	174837	17
NZ_CP136968.1	174838	17
NZ_CP136968.1	174839	17
NZ_CP136968.1	174840	16
NZ_CP136968.1	174841	16
NZ_CP136968.1	174842	16
NZ_CP136968.1	174843	16
NZ_CP136968.1	174844	16
NZ_CP136968.1	174845	14
NZ_CP136968.1	174846	14
NZ_CP136968.1	174847	14
NZ_CP136968.1	174848	14
NZ_CP136968.1	174849	14
NZ_CP136968.1	174850	5
NZ_CP136968.1	174851	12
NZ_CP136968.1	174852	12
NZ_CP136968.1	174853	12
NZ_CP136968.1	174854	12
NZ_CP136968.1	174855	12
NZ_CP136968.1	174856	12
NZ_CP136968.1	174857	12
NZ_CP136968.1	174858	11
NZ_CP136968.1	174859	11
NZ_CP136968.1	174860	11
NZ_CP136968.1	174861	10
NZ_CP136968.1	174862	9
NZ_CP136968.1	174863	9
NZ_CP136968.1	174864	6
NZ_CP136968.1	174865	2
NZ_CP136968.1	174866	2
NZ_CP136968.1	174867	2
NZ_CP136968.1	174868	2
NZ_CP136968.1	1301090	1
NZ_CP136968.1	1301091	1
NZ_CP136968.1	1301092	1
NZ_CP136968.1	1301093	1
NZ_CP136968.1	1301094	1
NZ_CP136968.1	1301095	1
NZ_CP136968.1	1301096	1
NZ_CP136968.1	1301097	1
NZ_CP136968.1	1301098	1
NZ_CP136968.1	1301099	1
NZ_CP136968.1	1301100	1
NZ_CP136968.1	1301101	1
NZ_CP136968.1	1301102	1
NZ_CP136968.1	1301103	1
NZ_CP136968.1	1301104	1
NZ_CP136968.1	1301105	1
NZ_CP136968.1	1301106	1
NZ_CP136968.1	1301107	1
NZ_CP136968.1	1301108	1
NZ_CP136968.1	1301109	1
NZ_CP136968.1	1301110	1
NZ_CP136968.1	1301111	1
NZ_CP136968.1	1301112	1
NZ_CP136968.1	1301113	1
NZ_CP136968.1	1301114	1
NZ_CP136968.1	1301115	1
NZ_CP136968.1	1301116	1
NZ_CP136968.1	1301117	1
NZ_CP136968.1	1301118	1
NZ_CP136968.1	1301119	1
NZ_CP136968.1	1301120	1
NZ_CP136968.1	1301121	1
NZ_CP136968.1	1301122	1
NZ_CP136968.1	1301123	1
NZ_CP136968.1	1301124	1
NZ_CP136968.1	1301125	1
NZ_CP136968.1	1301126	1
NZ_CP136968.1	1301127	1
NZ_CP136968.1	1301128	1
NZ_CP136968.1	1301129	1
NZ_CP136968.1	1301130	1
NZ_CP136968.1	1301131	1
NZ_CP136968.1	1301132	1
NZ_CP136968.1	1301133	1
NZ_CP136968.1	1301134	1
NZ_CP136968.1	1301135	1
NZ_CP136968.1	1301136	1
NZ_CP136968.1	1301137	1
NZ_CP136968.1	1301138	1
NZ_CP136968.1	1301139	1
NZ_CP136968.1	1301140	1
NZ_CP136968.1	1301141	1
NZ_CP136968.1	1301142	1
NZ_CP136968.1	1301143	1
NZ_CP136968.1	1301144	1
NZ_CP136968.1	1301145	1
NZ_CP136968.1	1301146	1
NZ_CP136968.1	1301147	1
NZ_CP136968.1	1301148	1
NZ_CP136968.1	1301149	1
NZ_CP136968.1	1301150	1
NZ_CP136968.1	1301151	1
NZ_CP136968.1	1301152	1
NZ_CP136968.1	1301153	1
NZ_CP136968.1	1301154	1
NZ_CP136968.1	1301155	1
NZ_CP136968.1	1301156	1
NZ_CP136968.1	1301157	1
NZ_CP136968.1	1301158	1
NZ_CP136968.1	1301159	1
NZ_CP136968.1	1301160	1
NZ_CP136968.1	1301161	1
NZ_CP136968.1	1301162	1
NZ_CP136968.1	1301163	1
NZ_CP136968.1	1301164	1
NZ_CP136968.1	1301165	1
NZ_CP136968.1	1301166	1
NZ_CP136968.1	1301167	1
NZ_CP136968.1	1301168	1
NZ_CP136968.1	1301169	1
NZ_CP136968.1	1301170	1
NZ_CP136968.1	1301171	1
NZ_CP136968.1	1301172	1
NZ_CP136968.1	1301173	1
NZ_CP136968.1	1301174	1
NZ_CP136968.1	1301175	1
NZ_CP136968.1	1301176	1
NZ_CP136968.1	1301177	1
NZ_CP136968.1	1301178	1
NZ_CP136968.1	1301179	1
NZ_CP136968.1	1301180	1
NZ_CP136968.1	1301181	1
NZ_CP136968.1	1301182	1
NZ_CP136968.1	1301183	1
NZ_CP136968.1	1301184	1
NZ_CP136968.1	1301185	1
NZ_CP136968.1	1301186	1
NZ_CP136968.1	1301187	1
NZ_CP136968.1	1301188	1
NZ_CP136968.1	1301189	1
NZ_CP136968.1	1301190	1
NZ_CP136968.1	1301191	1
NZ_CP136968.1	1301192	1
NZ_CP136968.1	1301193	1
NZ_CP136968.1	1301194	1
NZ_CP136968.1	1301195	1
NZ_CP136968.1	1301196	1
NZ_CP136968.1	1301197	1
NZ_CP136968.1	1301198	1
NZ_CP136968.1	1301199	1
NZ_CP136968.1	1301200	1
NZ_CP136968.1	1301201	1
NZ_CP136968.1	1301202	1
NZ_CP136968.1	1301203	1
NZ_CP136968.1	1301204	1
NZ_CP136968.1	1301205	1
NZ_CP136968.1	1301206	1
NZ_CP136968.1	1301207	1
NZ_CP136968.1	1301208	1
NZ_CP136968.1	1301209	1
NZ_CP136968.1	1301210	1
NZ_CP136968.1	1301211	1
NZ_CP136968.1	1301212	1
NZ_CP136968.1	1301213	1
NZ_CP136968.1	1301214	1
NZ_CP136968.1	1301215	1
NZ_CP136968.1	1301216	1
NZ_CP136968.1	1301217	1
NZ_CP136968.1	1301218	1
NZ_CP136968.1	1301219	1
NZ_CP136968.1	1301220	1
NZ_CP136968.1	1301221	1
NZ_CP136968.1	1301222	1
NZ_CP136968.1	1301223	1
NZ_CP136968.1	1301224	1
NZ_CP136968.1	1301225	1
NZ_CP136968.1	1301226	1
NZ_CP136968.1	1301227	1
NZ_CP136968.1	1301228	1
NZ_CP136968.1	1301229	1
NZ_CP136968.1	1301230	1
NZ_CP136968.1	1301231	1
NZ_CP136968.1	1301232	1
NZ_CP136968.1	1301233	1
NZ_CP136968.1	1301234	1
NZ_CP136968.1	1301235	1
NZ_CP136968.1	1301236	1
NZ_CP136968.1	1301237	1
NZ_CP136968.1	1301238	1
NZ_CP136968.1	1301239	1
