TRINITY_DN190606_c0_g1_i2	YP_012611761.1	96.9	255	8	0	891	1655	1	255	1.15e-175	503	YP_012611761.1 tRNA (guanine(37)-N(1))-methyltransferase [Escherichia phage vB_EcoM-613R3]
TRINITY_DN190606_c0_g1_i2	YP_012611760.1	89.3	178	19	0	323	856	5	182	3.19e-113	341	YP_012611760.1 16S rRNA processing protein [Escherichia phage vB_EcoM-613R3]
TRINITY_DN190606_c0_g1_i2	YP_012611762.1	98.3	115	2	0	1702	2046	1	115	3.05e-67	219	YP_012611762.1 LSU ribosomal protein L19p [Escherichia phage vB_EcoM-613R3]
TRINITY_DN190606_c0_g1_i2	YP_012611759.1	87.8	82	10	0	56	301	1	82	2.80e-40	145	YP_012611759.1 SSU ribosomal protein [Escherichia phage vB_EcoM-613R3]
TRINITY_DN107733_c0_g1_i1	YP_010796961.1	46.3	162	85	2	3	488	685	844	5.58e-43	154	YP_010796961.1 PolB [Mayetiola barley midge adintovirus]
TRINITY_DN187625_c0_g1_i2	YP_013610519.1	32.1	660	262	18	280	1743	10	655	4.90e-87	290	YP_013610519.1 thioredoxin reductase TR1 [Yasminevirus sp. GU-2018]
TRINITY_DN124330_c0_g4_i1	NP_647481.1	88.8	107	12	0	3	323	1624	1730	2.88e-57	192	NP_647481.1 nonstructural polyprotein [Cricket paralysis virus]
TRINITY_DN124330_c0_g4_i1	NP_044945.1	69.8	106	32	0	3	320	1612	1717	1.61e-43	153	NP_044945.1 replicase polyprotein [Drosophila C virus]
TRINITY_DN124330_c0_g4_i1	YP_009252204.1	63.6	107	39	0	3	323	1656	1762	1.38e-37	136	YP_009252204.1 non-structural polyprotein [Anopheles C virus]
TRINITY_DN124330_c0_g4_i1	YP_009388499.1	57.8	109	43	1	3	320	1726	1834	5.04e-35	129	YP_009388499.1 nonstructural polyprotein [Apis dicistrovirus]
TRINITY_DN124330_c0_g4_i1	YP_009221981.1	50.5	107	52	1	3	320	1678	1784	7.55e-26	103	YP_009221981.1 nonstructural polyprotein [Goose dicistrovirus]
TRINITY_DN124326_c0_g3_i1	YP_009173627.1	62.3	607	222	6	240	2045	8	612	9.51e-251	713	YP_009173627.1 Hsp70 protein [Chrysochromulina ericina virus]
TRINITY_DN124326_c0_g3_i1	YP_004061438.1	60.6	611	227	7	246	2060	5	607	8.08e-243	691	YP_004061438.1 hypothetical protein BpV1_008c [Bathycoccus sp. RCC1105 virus BpV1]
TRINITY_DN124326_c0_g3_i1	YP_007676312.1	61.4	599	222	6	246	2027	5	599	2.99e-236	674	YP_007676312.1 heat shock protein 70 [Micromonas pusilla virus 12T]
TRINITY_DN124326_c0_g3_i1	YP_010776364.1	56.9	626	253	7	246	2087	7	627	1.47e-232	665	YP_010776364.1 hypothetical protein QJ849_gp451 [Powai lake megavirus]
TRINITY_DN124326_c0_g3_i1	YP_010789745.1	57.3	609	254	5	246	2060	6	612	4.05e-232	664	YP_010789745.1 heat shock 70 kDa protein-like protein [Moumouvirus australiensis]
TRINITY_DN124326_c0_g4_i1	YP_010778092.1	63.9	202	72	1	46	651	195	395	7.30e-79	249	YP_010778092.1 putative DnaK/HSP70-like protein [Bodo saltans virus]
TRINITY_DN124326_c0_g4_i1	YP_007676312.1	61.1	203	77	1	46	654	390	590	1.57e-74	243	YP_007676312.1 heat shock protein 70 [Micromonas pusilla virus 12T]
TRINITY_DN124326_c0_g4_i1	YP_004061438.1	59.6	203	76	1	46	654	391	587	2.50e-74	243	YP_004061438.1 hypothetical protein BpV1_008c [Bathycoccus sp. RCC1105 virus BpV1]
TRINITY_DN124326_c0_g4_i1	YP_009173627.1	60.1	203	81	0	46	654	395	597	6.21e-74	243	YP_009173627.1 Hsp70 protein [Chrysochromulina ericina virus]
TRINITY_DN124326_c0_g4_i1	YP_009173450.1	55.7	203	90	0	46	654	78	280	1.93e-72	229	YP_009173450.1 Repeat containing Hsp70 [Chrysochromulina ericina virus]
TRINITY_DN124326_c0_g5_i1	YP_009173627.1	65.1	614	204	3	159	1994	6	611	2.31e-282	795	YP_009173627.1 Hsp70 protein [Chrysochromulina ericina virus]
TRINITY_DN124326_c0_g5_i1	YP_004061438.1	64.9	616	199	6	168	2006	4	605	1.10e-278	784	YP_004061438.1 hypothetical protein BpV1_008c [Bathycoccus sp. RCC1105 virus BpV1]
TRINITY_DN124326_c0_g5_i1	YP_007676312.1	66.2	603	192	4	168	1970	4	596	8.95e-274	771	YP_007676312.1 heat shock protein 70 [Micromonas pusilla virus 12T]
TRINITY_DN124326_c0_g5_i1	YP_004894551.1	61.0	620	232	3	150	2006	1	611	1.29e-264	748	YP_004894551.1 heat shock 70 kDa protein-like protein [Megavirus chiliensis]
TRINITY_DN124326_c0_g5_i1	YP_010789745.1	61.4	614	228	3	168	2006	5	610	3.55e-264	747	YP_010789745.1 heat shock 70 kDa protein-like protein [Moumouvirus australiensis]
TRINITY_DN124326_c0_g6_i1	YP_009173627.1	76.4	390	91	1	88	1254	2	391	8.34e-212	601	YP_009173627.1 Hsp70 protein [Chrysochromulina ericina virus]
TRINITY_DN124326_c0_g6_i1	YP_004061438.1	79.4	384	77	2	106	1251	3	386	4.11e-211	597	YP_004061438.1 hypothetical protein BpV1_008c [Bathycoccus sp. RCC1105 virus BpV1]
TRINITY_DN124326_c0_g6_i1	YP_007676312.1	78.1	379	82	1	106	1239	3	381	8.38e-207	586	YP_007676312.1 heat shock protein 70 [Micromonas pusilla virus 12T]
TRINITY_DN124326_c0_g6_i1	YP_010789745.1	73.0	382	103	0	109	1254	5	386	8.04e-198	564	YP_010789745.1 heat shock 70 kDa protein-like protein [Moumouvirus australiensis]
TRINITY_DN124326_c0_g6_i1	YP_010841774.1	71.3	387	111	0	94	1254	1	387	3.70e-197	562	YP_010841774.1 heat shock 70 kda protein-like protein [Cotonvirus japonicus]
TRINITY_DN124326_c1_g1_i1	YP_007354398.1	57.6	198	76	4	233	808	6	201	1.60e-66	208	YP_007354398.1 HSP70-like protein [Acanthamoeba polyphaga moumouvirus]
TRINITY_DN124326_c1_g1_i1	YP_010779557.1	58.1	198	75	4	233	808	6	201	1.07e-65	206	YP_010779557.1 hypothetical protein QJ854_gp460 [Moumouvirus goulette]
TRINITY_DN124326_c1_g1_i1	YP_013611657.1	56.7	201	79	4	233	817	8	206	4.18e-65	205	YP_013611657.1 heat shock-like protein [Yasminevirus sp. GU-2018]
TRINITY_DN124326_c1_g1_i1	YP_003986897.1	56.8	199	80	3	233	814	7	204	1.56e-64	215	YP_003986897.1 heat shock 70 kDa protein-like protein [Acanthamoeba polyphaga mimivirus]
TRINITY_DN124326_c1_g1_i1	YP_010780597.1	56.9	197	79	3	233	808	7	202	3.82e-64	202	YP_010780597.1 putative heat shock 70 kDa protein [Tupanvirus deep ocean]
TRINITY_DN124326_c1_g2_i1	YP_010779556.1	46.3	382	193	5	7	1128	2	379	2.37e-106	326	YP_010779556.1 hypothetical protein QJ854_gp461 [Moumouvirus goulette]
TRINITY_DN124326_c1_g2_i1	YP_010781890.1	48.2	382	186	5	7	1128	19	396	1.49e-105	325	YP_010781890.1 HSP70-like protein [Tupanvirus soda lake]
TRINITY_DN124326_c1_g2_i1	YP_004061438.1	47.8	372	184	4	1	1098	201	568	3.87e-105	329	YP_004061438.1 hypothetical protein BpV1_008c [Bathycoccus sp. RCC1105 virus BpV1]
TRINITY_DN124326_c1_g2_i1	YP_010780595.1	47.1	382	190	5	7	1128	19	396	1.67e-104	322	YP_010780595.1 putative heat shock 70 kDa protein [Tupanvirus deep ocean]
TRINITY_DN124326_c1_g2_i1	YP_010788857.1	46.1	382	194	5	7	1128	2	379	6.93e-104	320	YP_010788857.1 heat shock 70 kDa protein-like protein [Megavirus baoshan]
TRINITY_DN124312_c0_g1_i2	YP_009665180.1	36.5	63	40	0	123	311	956	1018	2.35e-08	55.5	YP_009665180.1 pol polyprotein, partial [Walleye epidermal hyperplasia virus 2]
TRINITY_DN124312_c0_g1_i2	YP_009665179.1	36.5	63	40	0	123	311	912	974	4.32e-08	54.7	YP_009665179.1 pol polyprotein, partial [Walleye epidermal hyperplasia virus 1]
TRINITY_DN124312_c0_g1_i2	NP_045937.2	34.9	63	41	0	123	311	1506	1568	1.27e-06	50.4	NP_045937.2 Pr gag-pro-pol [Walleye dermal sarcoma virus]
TRINITY_DN193217_c0_g2_i1	YP_004061438.1	48.2	623	298	9	793	2622	1	611	4.57e-171	534	YP_004061438.1 hypothetical protein BpV1_008c [Bathycoccus sp. RCC1105 virus BpV1]
TRINITY_DN193217_c0_g2_i1	YP_009173627.1	50.7	586	264	9	805	2514	10	586	8.21e-167	524	YP_009173627.1 Hsp70 protein [Chrysochromulina ericina virus]
TRINITY_DN193217_c0_g2_i1	YP_004894551.1	47.0	621	304	11	805	2622	7	617	4.96e-164	515	YP_004894551.1 heat shock 70 kDa protein-like protein [Megavirus chiliensis]
TRINITY_DN193217_c0_g2_i1	YP_010789745.1	49.8	564	262	10	793	2451	1	554	1.81e-163	514	YP_010789745.1 heat shock 70 kDa protein-like protein [Moumouvirus australiensis]
TRINITY_DN193217_c0_g2_i1	YP_010776364.1	46.7	621	306	11	805	2622	7	617	2.60e-163	513	YP_010776364.1 hypothetical protein QJ849_gp451 [Powai lake megavirus]
TRINITY_DN120647_c2_g1_i1	YP_008438851.2	26.3	262	175	7	400	1170	109	357	4.47e-16	84.7	YP_008438851.2 Aspartate aminotransferase [Pandoravirus salinus]
TRINITY_DN101827_c0_g1_i3	YP_009173395.1	54.4	344	146	5	81	1109	3	336	7.99e-119	359	YP_009173395.1 dehydrogenase [Chrysochromulina ericina virus]
TRINITY_DN101827_c0_g1_i3	YP_008052403.1	47.0	345	174	6	81	1100	6	346	9.57e-95	298	YP_008052403.1 dehydrogenase [Phaeocystis globosa virus]
TRINITY_DN101827_c0_g1_i3	YP_009098783.1	42.5	348	179	8	81	1097	3	338	1.91e-77	253	YP_009098783.1 dehydrogenase [Caulobacter phage Cr30]
TRINITY_DN101827_c0_g1_i3	YP_239889.1	31.6	320	200	7	102	1055	5	307	5.65e-41	154	YP_239889.1 dehydrogenase [Staphylococcus phage 42E]
TRINITY_DN101827_c0_g1_i3	YP_009015423.1	31.2	317	199	6	102	1046	6	305	8.17e-41	154	YP_009015423.1 dehydrogenase [Bacillus phage G]
TRINITY_DN116139_c0_g1_i1	YP_009508571.1	35.7	98	60	2	299	6	872	966	5.36e-11	60.8	YP_009508571.1 pol protein [Western lowland gorilla simian foamy virus]
TRINITY_DN116139_c0_g1_i1	YP_009508551.1	35.7	98	60	2	299	6	871	965	5.36e-11	60.8	YP_009508551.1 pol protein [Eastern chimpanzee simian foamy virus]
TRINITY_DN116139_c0_g1_i1	NP_056803.1	34.7	98	61	2	299	6	871	965	7.32e-11	60.5	NP_056803.1 pol polyprotein, partial [Western chimpanzee simian foamy virus]
TRINITY_DN116139_c0_g1_i1	YP_009508888.1	33.3	105	67	2	320	6	863	964	2.54e-10	58.9	YP_009508888.1 polymerase [Simian foamy virus Pongo pygmaeus pygmaeus]
TRINITY_DN116139_c0_g1_i1	YP_009508546.1	34.7	98	61	2	299	6	871	965	3.47e-10	58.5	YP_009508546.1 pol protein [Central chimpanzee simian foamy virus]
TRINITY_DN141619_c0_g1_i11	YP_238307.1	31.0	171	110	3	1385	1876	111	280	7.67e-23	105	YP_238307.1 JM4 [Macaca fuscata rhadinovirus]
TRINITY_DN141619_c0_g1_i11	YP_009551812.1	26.7	296	172	11	2144	2986	7	272	1.96e-22	104	YP_009551812.1 hypothetical protein [Rhinolophus gammaherpesvirus 1]
TRINITY_DN122886_c1_g1_i5	YP_009482289.1	36.6	145	80	4	282	680	59	203	1.96e-15	78.6	YP_009482289.1 Signal peptidase I [Pandoravirus neocaledonia]
TRINITY_DN122886_c1_g1_i5	YP_009481365.1	41.2	119	58	5	282	602	55	173	1.55e-14	75.9	YP_009481365.1 Signal peptidase I [Pandoravirus macleodensis]
TRINITY_DN102994_c0_g1_i6	YP_010803386.1	41.5	135	78	1	193	594	6	140	3.64e-29	113	YP_010803386.1 ubiquitin-conjugating enzyme E2 [Fadolivirus algeromassiliense]
TRINITY_DN102994_c0_g1_i6	YP_013610861.1	43.1	123	70	0	202	570	6	128	1.26e-28	110	YP_013610861.1 ubiquitin-conjugating enzyme E2 E1 [Yasminevirus sp. GU-2018]
TRINITY_DN102994_c0_g1_i6	YP_010779634.1	39.2	153	84	4	199	642	7	155	3.27e-28	109	YP_010779634.1 hypothetical protein QJ854_gp383 [Moumouvirus goulette]
TRINITY_DN102994_c0_g1_i6	YP_010789675.1	38.4	151	86	4	199	639	7	154	1.19e-27	108	YP_010789675.1 putative ubiquitin-conjugating enzyme E2 [Moumouvirus australiensis]
TRINITY_DN102994_c0_g1_i6	YP_007354326.1	37.9	145	85	3	199	618	7	151	2.91e-27	107	YP_007354326.1 Ubiquitin-conjugating enzyme [Acanthamoeba polyphaga moumouvirus]
TRINITY_DN143890_c0_g1_i2	YP_013611775.1	28.5	1024	572	37	680	3499	93	1040	1.33e-74	275	YP_013611775.1 calcium-transporting P-type ATPase, PMR1-type [Yasminevirus sp. GU-2018]
TRINITY_DN143890_c0_g1_i2	YP_009325865.1	31.3	725	387	25	887	3001	96	729	2.67e-72	264	YP_009325865.1 ATPase [Only Syngen Nebraska virus 5]
TRINITY_DN143890_c0_g1_i2	YP_009701904.1	29.1	766	441	20	743	3001	52	728	1.18e-71	262	YP_009701904.1 ATPase [Paramecium bursaria Chlorella virus CVA-1]
TRINITY_DN143890_c0_g1_i2	YP_001498866.1	30.4	714	389	19	920	3001	104	729	2.97e-70	258	YP_001498866.1 ATPase [Paramecium bursaria Chlorella virus AR158]
TRINITY_DN143890_c0_g1_i2	YP_009665578.1	30.4	714	389	19	920	3001	104	729	7.16e-70	257	YP_009665578.1 ATPase [Paramecium bursaria Chlorella virus NYs1]
TRINITY_DN169534_c1_g1_i2	YP_003969704.1	42.2	45	20	1	595	711	575	619	8.03e-06	50.4	YP_003969704.1 putative superfamily II helicase [Cafeteria roenbergensis virus BV-PW1]
TRINITY_DN107005_c0_g1_i1	YP_013610421.1	40.8	157	92	1	164	634	11	166	1.39e-32	124	YP_013610421.1 GTP-binding protein ypt5 [Yasminevirus sp. GU-2018]
TRINITY_DN107005_c0_g1_i1	YP_007354220.1	33.7	166	108	2	161	652	3	168	7.33e-24	99.8	YP_007354220.1 Rab family GTPase [Acanthamoeba polyphaga moumouvirus]
TRINITY_DN107005_c0_g1_i1	YP_010778822.1	31.6	155	105	1	173	637	5	158	2.50e-23	98.6	YP_010778822.1 rab domain-containing protein [Bodo saltans virus]
TRINITY_DN107005_c0_g1_i1	YP_010779745.1	31.7	167	112	2	161	655	3	169	1.03e-21	94.0	YP_010779745.1 GTPase family protein [Moumouvirus goulette]
TRINITY_DN107005_c0_g1_i1	YP_010789573.1	31.9	166	111	2	161	652	3	168	1.42e-21	93.6	YP_010789573.1 Rab family GTPase [Moumouvirus australiensis]
TRINITY_DN103579_c0_g1_i1	YP_010796966.1	53.3	92	43	0	1	276	57	148	1.03e-19	85.1	YP_010796966.1 PLA2X-adenain [Mayetiola barley midge adintovirus]
TRINITY_DN103579_c0_g1_i3	YP_010796966.1	68.0	75	24	0	1	225	66	140	5.55e-21	90.1	YP_010796966.1 PLA2X-adenain [Mayetiola barley midge adintovirus]
TRINITY_DN131305_c0_g2_i2	YP_010678996.1	34.2	234	148	3	430	1125	147	376	1.78e-31	133	YP_010678996.1 cell division protein [Pseudomonas phage vB_PaeM_PA5oct]
TRINITY_DN131305_c0_g2_i2	YP_009465729.1	33.3	237	143	6	442	1128	139	368	1.04e-28	124	YP_009465729.1 hypothetical protein C5Y57_gp012 [Dishui lake phycodnavirus 1]
TRINITY_DN131305_c0_g2_i2	YP_007674885.1	32.9	234	148	4	442	1128	139	368	6.59e-28	122	YP_007674885.1 ATP-dependent metalloprotease [Ostreococcus lucimarinus virus OlV5]
TRINITY_DN131305_c0_g2_i2	YP_009172504.1	32.9	234	148	4	442	1128	139	368	6.64e-28	122	YP_009172504.1 hypothetical protein APZ24_gp013 [Ostreococcus lucimarinus virus 2]
TRINITY_DN131305_c0_g2_i2	YP_003212838.1	33.2	238	150	4	430	1128	135	368	1.49e-27	121	YP_003212838.1 hypothetical protein OTV1_014 [Ostreococcus tauri virus 1]
TRINITY_DN149809_c0_g1_i1	YP_009173589.1	37.5	48	30	0	181	324	25	72	6.88e-06	46.2	YP_009173589.1 Helicase 45 [Chrysochromulina ericina virus]
TRINITY_DN162701_c0_g1_i4	YP_010782506.1	31.8	151	83	5	1242	1652	28	172	2.09e-07	54.7	YP_010782506.1 hypothetical protein QJ857_gp0201 [Tupanvirus soda lake]
TRINITY_DN138674_c0_g1_i1	YP_025114.1	29.6	253	148	7	824	1564	24	252	2.79e-23	102	YP_025114.1 trypsin-like protein [Neodiprion sertifer nucleopolyhedrovirus]
TRINITY_DN138674_c0_g1_i1	YP_002296196.1	28.1	196	118	9	932	1480	10	195	1.47e-06	53.9	YP_002296196.1 putative serine protease [Emiliania huxleyi virus 86]
TRINITY_DN138674_c0_g1_i1	YP_293913.1	28.1	196	118	9	932	1480	35	220	1.67e-06	53.9	YP_293913.1 putative serine protease [Emiliania huxleyi virus 86]
TRINITY_DN137872_c0_g1_i1	NP_040203.1	45.2	186	96	5	285	830	2	185	2.36e-44	151	NP_040203.1 dihydrofolate reductase [Saimiriine gammaherpesvirus 2]
TRINITY_DN137872_c0_g1_i1	YP_004956859.1	43.3	180	94	5	294	833	37	208	4.55e-42	146	YP_004956859.1 orf111 gene product [Helicoverpa zea nudivirus 2]
TRINITY_DN137872_c0_g1_i1	NP_690426.1	43.3	180	94	5	294	833	87	258	2.51e-41	146	NP_690426.1 dihydrofolate reductase [Heliothis zea nudivirus]
TRINITY_DN137872_c0_g1_i1	YP_009259384.1	47.0	185	85	5	294	824	5	184	4.88e-41	143	YP_009259384.1 putative dihydrofolate reductase [Short-finned eel ranavirus]
TRINITY_DN137872_c0_g1_i1	YP_009182086.1	47.6	185	84	5	294	824	5	184	6.88e-41	142	YP_009182086.1 dihydrofolate reductase [Epizootic haematopoietic necrosis virus]
TRINITY_DN108260_c0_g1_i8	YP_010796525.1	44.9	49	27	0	1421	1567	235	283	7.86e-06	51.6	YP_010796525.1 IAP-2 [Mythimna unipuncta nucleopolyhedrovirus]
TRINITY_DN170115_c0_g1_i1	YP_009481299.1	58.8	131	51	1	194	577	49	179	4.10e-38	135	YP_009481299.1 Histone H2B domain containing protein [Pandoravirus macleodensis]
TRINITY_DN170115_c0_g1_i1	YP_009482227.1	73.0	89	24	0	311	577	92	180	4.22e-38	135	YP_009482227.1 Histone H2B domain containing protein [Pandoravirus neocaledonia]
TRINITY_DN170115_c0_g1_i1	YP_008319525.2	61.4	114	44	0	236	577	68	181	9.65e-38	134	YP_008319525.2 Histone H2B domain containing protein [Pandoravirus dulcis]
TRINITY_DN170115_c0_g1_i1	YP_009483470.1	59.0	134	42	3	215	577	46	179	1.03e-36	132	YP_009483470.1 Histone H2B domain containing protein [Pandoravirus quercus]
TRINITY_DN170115_c0_g1_i1	YP_008437980.1	71.8	85	24	0	323	577	99	183	9.60e-35	127	YP_008437980.1 Histone H2B domain [Pandoravirus salinus]
TRINITY_DN170115_c0_g2_i1	YP_009238942.1	53.1	96	45	0	85	372	116	211	5.30e-22	92.0	YP_009238942.1 histone H2B/H2A fusion protein [Brazilian marseillevirus]
TRINITY_DN170115_c0_g2_i1	YP_004347348.1	51.5	97	46	1	88	375	116	212	3.44e-20	87.4	YP_004347348.1 histone H2B/H2A fusion protein [Lausannevirus]
TRINITY_DN170115_c0_g2_i1	YP_003407138.1	47.7	111	56	1	88	420	84	192	1.55e-19	85.1	YP_003407138.1 histone H2B/H2A fusion protein [Marseillevirus marseillevirus]
TRINITY_DN170115_c0_g2_i1	YP_009345224.1	50.0	114	55	2	88	423	113	226	2.08e-19	85.1	YP_009345224.1 histone H2B/H2A fusion protein [Noumeavirus]
TRINITY_DN170115_c0_g2_i1	YP_009094870.1	47.7	111	56	1	88	420	107	215	2.24e-19	85.1	YP_009094870.1 conserved histone H2B/H2A fusion protein [Marseillevirus sp. 'Melbournevirus']
TRINITY_DN103076_c0_g1_i3	NP_955048.1	42.8	285	162	1	121	972	13	297	1.30e-69	233	NP_955048.1 CNPV025 alpha-SNAP-like protein [Canarypox virus]
TRINITY_DN103076_c0_g1_i3	YP_009447926.1	37.2	285	177	2	121	972	7	290	1.15e-55	195	YP_009447926.1 alpha-SNAP [Flamingopox virus FGPVKD09]
TRINITY_DN103076_c0_g1_i3	YP_009046252.1	36.0	283	179	2	127	972	9	290	2.91e-53	189	YP_009046252.1 alphaSNAP [Pigeonpox virus]
TRINITY_DN103076_c0_g1_i3	YP_009046011.1	36.1	280	177	2	121	957	7	285	1.27e-52	187	YP_009046011.1 alphaSNAP [Penguinpox virus]
TRINITY_DN103076_c0_g1_i3	YP_009046037.1	36.4	283	178	2	121	963	2	284	1.85e-51	184	YP_009046037.1 putative SNAP [Penguinpox virus]
TRINITY_DN124846_c0_g1_i1	YP_009173627.1	44.3	106	54	3	3	317	275	376	2.43e-18	81.6	YP_009173627.1 Hsp70 protein [Chrysochromulina ericina virus]
TRINITY_DN124846_c0_g1_i1	YP_010778092.1	39.3	107	63	2	3	317	70	176	1.74e-16	76.3	YP_010778092.1 putative DnaK/HSP70-like protein [Bodo saltans virus]
TRINITY_DN124846_c0_g1_i1	YP_010780595.1	41.5	106	57	2	3	317	87	188	2.39e-16	75.9	YP_010780595.1 putative heat shock 70 kDa protein [Tupanvirus deep ocean]
TRINITY_DN124846_c0_g1_i1	YP_010781890.1	41.5	106	57	2	3	317	87	188	2.39e-16	75.9	YP_010781890.1 HSP70-like protein [Tupanvirus soda lake]
TRINITY_DN124846_c0_g1_i1	YP_010778739.1	37.9	103	63	1	12	317	348	450	2.59e-16	75.9	YP_010778739.1 putative chaperone Hsp70/DnaK [Bodo saltans virus]
TRINITY_DN121170_c0_g1_i12	YP_009483487.1	32.7	303	159	13	162	1025	61	333	1.82e-27	120	YP_009483487.1 Carboxylic ester hydrolase [Pandoravirus quercus]
TRINITY_DN121170_c0_g1_i12	YP_004895032.1	35.0	260	131	11	162	875	44	287	1.99e-25	114	YP_004895032.1 putative cholinesterase [Megavirus chiliensis]
TRINITY_DN121170_c0_g1_i12	YP_009165167.1	34.0	259	137	12	162	887	59	300	3.24e-25	114	YP_009165167.1 Carboxylesterase [Mollivirus sibericum]
TRINITY_DN121170_c0_g1_i12	YP_003987440.1	33.7	258	137	10	162	875	44	287	1.11e-24	112	YP_003987440.1 probable cholinesterase [Acanthamoeba polyphaga mimivirus]
TRINITY_DN121170_c0_g1_i12	YP_010779936.1	33.5	251	141	10	171	875	48	288	2.62e-24	111	YP_010779936.1 hypothetical protein QJ854_gp081 [Moumouvirus goulette]
TRINITY_DN122614_c0_g1_i1	YP_009015561.1	59.4	409	156	6	2253	3455	5	411	4.22e-150	475	YP_009015561.1 gp258 [Bacillus phage G]
TRINITY_DN122614_c0_g1_i1	YP_009611667.1	50.6	407	190	5	2259	3455	8	411	6.20e-120	389	YP_009611667.1 ATP-dependent Clp protease ATP-binding subunit [Agrobacterium phage Atu_ph07]
TRINITY_DN122614_c0_g1_i1	YP_010678985.1	43.8	395	206	6	2265	3419	6	394	2.66e-97	323	YP_010678985.1 porphyrin biosynthesis [Pseudomonas phage vB_PaeM_PA5oct]
TRINITY_DN122614_c0_g1_i1	YP_009052120.1	35.3	484	293	12	4686	6083	287	768	2.78e-64	238	YP_009052120.1 putative lon protease [Aureococcus anophagefferens virus]
TRINITY_DN122614_c0_g1_i1	YP_009612341.1	55.7	194	84	1	1383	1958	7	200	1.05e-61	213	YP_009612341.1 head maturation protease [Agrobacterium phage Atu_ph07]
TRINITY_DN122610_c0_g1_i2	YP_009052437.1	32.7	545	317	13	197	1741	32	556	2.31e-79	265	YP_009052437.1 putative ELP-3 histone acetyl transferase [Aureococcus anophagefferens virus]
TRINITY_DN122610_c0_g1_i2	YP_010781991.1	35.8	453	265	9	461	1774	151	592	2.43e-75	254	YP_010781991.1 hypothetical protein QJ857_gp0716 [Tupanvirus soda lake]
TRINITY_DN122610_c0_g1_i2	YP_010778470.1	33.6	529	281	13	332	1759	97	608	1.55e-73	249	YP_010778470.1 putative histone acethyltransferase [Bodo saltans virus]
TRINITY_DN122610_c0_g1_i2	YP_010803737.1	31.6	608	313	16	185	1741	27	620	2.07e-71	246	YP_010803737.1 putative elongator complex protein 3 [Fadolivirus algeromassiliense]
TRINITY_DN122610_c0_g1_i2	YP_010780687.1	34.3	452	273	7	461	1774	171	612	6.26e-71	243	YP_010780687.1 hypothetical protein QJ856_gp0678 [Tupanvirus deep ocean]
TRINITY_DN157764_c0_g2_i2	YP_010803532.1	54.4	832	354	9	117	2597	8	819	1.21e-304	865	YP_010803532.1 eukaryotic translation elongation factor 2 [Fadolivirus algeromassiliense]
TRINITY_DN157764_c0_g2_i2	YP_010782648.1	51.9	832	376	7	117	2597	3	815	2.69e-297	846	YP_010782648.1 elongation factor 2 [Tupanvirus soda lake]
TRINITY_DN157764_c0_g2_i2	YP_010781262.1	51.9	832	376	7	117	2597	3	815	4.36e-296	843	YP_010781262.1 mimivirus elongation factor aef-2 [Tupanvirus deep ocean]
TRINITY_DN157764_c0_g2_i2	YP_013610896.1	46.2	171	90	1	2085	2597	5	173	9.26e-43	156	YP_013610896.1 Elongation factor 2, partial [Yasminevirus sp. GU-2018]
TRINITY_DN136242_c0_g1_i4	YP_009640097.1	48.5	272	138	2	267	1082	21	290	6.94e-94	293	YP_009640097.1 hypothetical protein AV955_gp109 [Diadromus pulchellus ascovirus 4a]
TRINITY_DN128026_c0_g1_i13	YP_010803257.1	47.2	127	65	1	3	383	176	300	5.37e-34	124	YP_010803257.1 serine/threonine-protein kinase [Fadolivirus algeromassiliense]
TRINITY_DN128026_c0_g1_i13	YP_010778559.1	53.6	110	51	0	3	332	171	280	3.22e-33	122	YP_010778559.1 casein kinase [Bodo saltans virus]
TRINITY_DN128026_c0_g1_i13	YP_013610845.1	50.0	110	55	0	3	332	190	299	2.01e-31	121	YP_013610845.1 serine/threonine protein kinase [Yasminevirus sp. GU-2018]
TRINITY_DN128026_c0_g1_i19	YP_010803257.1	47.2	127	65	1	3	383	176	300	9.13e-31	124	YP_010803257.1 serine/threonine-protein kinase [Fadolivirus algeromassiliense]
TRINITY_DN128026_c0_g1_i19	YP_010778559.1	53.6	110	51	0	3	332	171	280	4.74e-30	122	YP_010778559.1 casein kinase [Bodo saltans virus]
TRINITY_DN128026_c0_g1_i19	YP_013610845.1	50.0	110	55	0	3	332	190	299	3.27e-28	121	YP_013610845.1 serine/threonine protein kinase [Yasminevirus sp. GU-2018]
TRINITY_DN186969_c0_g1_i1	YP_009908473.1	91.4	93	8	0	24	302	19	111	2.63e-58	182	YP_009908473.1 hypothetical protein H3H30_gp88 [Stx converting phage vB_EcoS_P27]
TRINITY_DN186969_c0_g1_i1	YP_009908228.1	95.4	87	4	0	42	302	1	87	2.11e-57	179	YP_009908228.1 hypothetical protein H3H27_gp87 [Stx converting phage vB_EcoS_ST2-8624]
TRINITY_DN106348_c0_g1_i1	NP_938268.1	22.6	336	205	11	248	1201	46	344	5.70e-06	51.6	NP_938268.1 G protein-coupled chemokine receptor-like protein [Yaba monkey tumor virus]
TRINITY_DN193513_c0_g2_i5	YP_013610992.1	49.8	600	239	9	195	1841	1	589	3.39e-185	557	YP_013610992.1 CTP synthase [Yasminevirus sp. GU-2018]
TRINITY_DN193513_c0_g2_i5	YP_009325851.1	41.8	541	291	7	198	1820	9	525	8.48e-130	410	YP_009325851.1 CTP synthetase [Only Syngen Nebraska virus 5]
TRINITY_DN109377_c0_g1_i1	YP_010781252.1	50.3	354	161	2	118	1134	3	356	2.25e-115	351	YP_010781252.1 tyrosine-tRNA synthetase [Tupanvirus deep ocean]
TRINITY_DN109377_c0_g1_i1	YP_010782636.1	51.4	354	157	2	118	1134	3	356	2.25e-115	351	YP_010782636.1 tyrosine-tRNA synthetase [Tupanvirus soda lake]
TRINITY_DN109377_c0_g1_i1	YP_009449020.1	50.7	353	155	4	139	1146	6	356	1.10e-109	337	YP_009449020.1 Tyrosine-tRNA synthetase, cytoplasmic [Orpheovirus IHUMI-LCC2]
TRINITY_DN109377_c0_g1_i1	YP_010803397.1	44.8	397	164	4	115	1143	4	399	1.60e-102	320	YP_010803397.1 tyrosyl-tRNA synthetase [Fadolivirus algeromassiliense]
TRINITY_DN109377_c0_g1_i1	YP_009481586.1	52.7	300	139	3	124	1014	53	352	9.57e-99	310	YP_009481586.1 Tyrosine-tRNA ligase [Pandoravirus macleodensis]
TRINITY_DN111250_c0_g1_i1	YP_009784220.1	95.9	98	4	0	13	306	1	98	3.48e-64	194	YP_009784220.1 single strand DNA binding protein [Enterobacteria phage IME_EC2]
TRINITY_DN111250_c0_g1_i1	YP_009792814.1	92.9	98	7	0	13	306	1	98	1.12e-62	191	YP_009792814.1 single strand DNA binding protein [Klebsiella phage vB_KpnS_IME279]
TRINITY_DN111250_c0_g1_i1	YP_009821678.1	92.9	98	7	0	13	306	1	98	8.90e-62	188	YP_009821678.1 single strand DNA binding protein [Escherichia phage Sortsne]
TRINITY_DN111250_c0_g1_i1	YP_009816971.1	88.8	98	11	0	13	306	1	98	4.88e-59	181	YP_009816971.1 single strand DNA binding protein [Salmonella phage Lumpael]
TRINITY_DN111250_c0_g1_i1	YP_009322254.1	84.7	98	15	0	13	306	1	98	5.04e-59	180	YP_009322254.1 single strand DNA binding protein [Salmonella phage 64795_sal3]
TRINITY_DN198955_c0_g1_i1	YP_003970068.1	33.3	216	116	7	290	901	329	528	9.83e-26	115	YP_003970068.1 putative ubiquitin-activating enzyme E1 [Cafeteria roenbergensis virus BV-PW1]
TRINITY_DN198955_c0_g1_i1	YP_010803725.1	32.4	213	112	5	290	895	390	581	1.88e-23	108	YP_010803725.1 ubiquitin activating enzyme [Fadolivirus algeromassiliense]
TRINITY_DN198955_c0_g1_i1	YP_013611381.1	31.5	203	112	6	290	874	476	659	6.26e-23	106	YP_013611381.1 ubiquitin-activating enzyme E1 [Yasminevirus sp. GU-2018]
TRINITY_DN190440_c0_g1_i1	YP_004061845.1	50.8	63	30	1	78	266	18	79	9.63e-17	73.6	YP_004061845.1 hypothetical protein OlV1_213 [Ostreococcus lucimarinus virus 1]
TRINITY_DN190440_c0_g1_i1	YP_009173221.1	50.8	63	30	1	78	266	18	79	9.63e-17	73.6	YP_009173221.1 hypothetical protein AP054_gp199 [Ostreococcus lucimarinus virus 7]
TRINITY_DN190440_c0_g1_i1	YP_004063634.1	50.8	63	30	1	78	266	18	79	1.92e-16	72.8	YP_004063634.1 Cytochrome b5-host origin [Ostreococcus tauri virus 2]
TRINITY_DN190440_c0_g1_i1	YP_007674684.1	50.8	63	30	1	78	266	18	79	1.92e-16	72.8	YP_007674684.1 cytochrome b2 [Ostreococcus lucimarinus virus OlV5]
TRINITY_DN190440_c0_g1_i1	YP_009172721.1	49.2	63	31	1	78	266	18	79	3.93e-16	72.0	YP_009172721.1 hypothetical protein APZ24_gp218 [Ostreococcus lucimarinus virus 2]
TRINITY_DN155776_c1_g1_i2	YP_009052282.1	29.8	94	63	2	1276	1551	36	128	1.83e-11	65.5	YP_009052282.1 putative protein disulfide isomerase [Aureococcus anophagefferens virus]
TRINITY_DN155776_c1_g1_i2	YP_009831892.1	38.6	83	46	2	1243	1485	4	83	7.10e-10	60.1	YP_009831892.1 thioredoxin domain [Streptomyces phage BRock]
TRINITY_DN155776_c1_g1_i2	YP_009255120.1	39.3	107	50	5	1228	1518	25	126	1.30e-09	60.5	YP_009255120.1 conserved thioredoxin [Tokyovirus A1]
TRINITY_DN155776_c1_g1_i2	YP_009904591.1	35.5	93	53	3	235	504	8	96	9.49e-09	57.0	YP_009904591.1 thioredoxin domain [Burkholderia phage BcepSauron]
TRINITY_DN155776_c1_g1_i2	YP_010803138.1	38.3	81	46	1	241	483	13	89	1.79e-08	56.6	YP_010803138.1 thioredoxin [Fadolivirus algeromassiliense]
TRINITY_DN170935_c0_g1_i1	YP_009004908.1	41.2	136	80	0	627	1034	3	138	1.31e-24	108	YP_009004908.1 ATP-dependent protease [Erwinia phage Ea35-70]
TRINITY_DN170935_c0_g1_i1	YP_009605583.1	41.2	136	80	0	627	1034	3	138	1.31e-24	108	YP_009605583.1 putative ATP-dependent protease ATPase subunit HslU [Erwinia phage vB_EamM_RAY]
TRINITY_DN170935_c0_g1_i1	YP_009605903.1	41.2	136	80	0	627	1034	3	138	1.31e-24	108	YP_009605903.1 putative ATP-dependent protease ATPase subunit HslU [Erwinia phage vB_EamM_Simmy50]
TRINITY_DN170935_c0_g1_i1	YP_009606224.1	41.2	136	80	0	627	1034	3	138	1.31e-24	108	YP_009606224.1 putative ATP-dependent protease [Erwinia phage vB_EamM_Special G]
TRINITY_DN170935_c0_g1_i1	YP_009605264.1	41.2	136	80	0	627	1034	3	138	2.40e-24	107	YP_009605264.1 putative ATP-dependent protease [Erwinia phage vB_EamM_Deimos-Minion]
TRINITY_DN153119_c0_g1_i1	YP_009509095.1	56.0	91	40	0	101	373	222	312	2.27e-29	111	YP_009509095.1 v-kit protein (370 aa) (1242 is 3rd base in codon) [Feline sarcoma virus (STRAIN HARDY-ZUCKERMAN 4)]
TRINITY_DN153119_c0_g1_i1	NP_042289.1	54.3	92	36	1	116	373	378	469	4.87e-29	112	NP_042289.1 P68 protein [UR2 sarcoma virus]
TRINITY_DN153119_c0_g1_i1	YP_009508243.1	56.0	91	40	0	101	373	635	725	1.50e-28	111	YP_009508243.1 unnamed protein product [Feline sarcoma virus (STRAIN HARDY-ZUCKERMAN 4)]
TRINITY_DN153119_c0_g1_i1	NP_955595.1	52.3	88	41	1	110	373	243	329	4.19e-24	99.0	NP_955595.1 ABL [Abelson murine leukemia virus]
TRINITY_DN153119_c0_g1_i1	NP_057866.1	52.3	88	41	1	110	373	478	564	4.29e-24	99.0	NP_057866.1 p120 Gag-Abl polyprotein [Abelson murine leukemia virus]
TRINITY_DN119880_c0_g1_i3	YP_009448811.1	45.1	486	212	12	136	1551	5	449	1.10e-117	362	YP_009448811.1 Serine-tRNA synthetase, type1 [Orpheovirus IHUMI-LCC2]
TRINITY_DN119880_c0_g1_i3	YP_013610758.1	41.8	500	261	8	127	1548	28	523	4.60e-116	360	YP_013610758.1 hypothetical protein YASMINEVIRUS_403 [Yasminevirus sp. GU-2018]
TRINITY_DN119880_c0_g1_i3	YP_010780437.1	43.2	479	225	9	133	1551	1	438	1.25e-113	351	YP_010780437.1 Serine tRNA-synthetase [Tupanvirus deep ocean]
TRINITY_DN119880_c0_g1_i3	YP_010781729.1	43.4	479	224	9	133	1551	1	438	1.08e-111	346	YP_010781729.1 serine-tRNA synthetase [Tupanvirus soda lake]
TRINITY_DN119880_c0_g1_i3	YP_010803133.1	41.6	449	232	6	193	1524	16	439	1.83e-104	327	YP_010803133.1 seryl-tRNA synthetase type 1 [Fadolivirus algeromassiliense]
TRINITY_DN189064_c0_g1_i12	YP_010777118.1	25.4	579	313	17	821	2494	49	529	5.93e-31	132	YP_010777118.1 hypothetical protein QJ850_gp761 [Acanthamoeba polyphaga mimivirus]
TRINITY_DN189064_c0_g1_i12	YP_003986702.1	24.5	579	314	16	821	2488	60	538	3.82e-30	129	YP_003986702.1 putative serine/threonine-protein kinase [Acanthamoeba polyphaga mimivirus]
TRINITY_DN189064_c0_g1_i12	YP_007354211.1	23.8	555	341	17	836	2488	45	521	1.81e-28	124	YP_007354211.1 hypothetical protein H012_gp690 [Acanthamoeba polyphaga moumouvirus]
TRINITY_DN189064_c0_g1_i12	YP_010789565.1	23.4	565	331	16	836	2488	45	521	1.84e-27	121	YP_010789565.1 kinase domain protein [Moumouvirus australiensis]
TRINITY_DN189064_c0_g1_i12	YP_010779754.1	23.4	556	342	18	836	2488	44	520	5.81e-27	119	YP_010779754.1 hypothetical protein QJ854_gp263 [Moumouvirus goulette]
TRINITY_DN117070_c0_g1_i1	YP_013611090.1	46.7	152	79	2	77	526	13	164	2.44e-42	142	YP_013611090.1 nucleoside diphosphate kinase-like [Yasminevirus sp. GU-2018]
TRINITY_DN117070_c0_g1_i1	YP_003358229.2	51.5	130	63	0	80	469	2	131	1.66e-41	140	YP_003358229.2 nucleoside diphosphate kinase [Anguillid herpesvirus 1]
TRINITY_DN117070_c0_g1_i1	YP_010776337.1	42.0	131	71	2	80	469	2	128	3.50e-31	113	YP_010776337.1 hypothetical protein QJ849_gp424 [Powai lake megavirus]
TRINITY_DN117070_c0_g1_i1	YP_010788885.1	42.7	131	70	2	80	469	2	128	4.95e-31	112	YP_010788885.1 nucleoside diphosphate kinase [Megavirus baoshan]
TRINITY_DN117070_c0_g1_i1	YP_010841741.1	43.6	133	70	2	80	475	2	130	1.57e-30	111	YP_010841741.1 nucleoside diphosphate kinase [Cotonvirus japonicus]
TRINITY_DN166108_c1_g2_i7	YP_010780932.1	31.8	211	129	4	558	1157	556	762	1.69e-18	92.4	YP_010780932.1 putative ATP-citrate synthase isoform X3 [Tupanvirus deep ocean]
TRINITY_DN166108_c1_g2_i7	YP_010782239.1	33.9	171	98	4	558	1037	549	715	1.63e-17	89.4	YP_010782239.1 putative ATP-citrate synthase [Tupanvirus soda lake]
TRINITY_DN166108_c1_g2_i7	YP_013611560.1	27.7	220	131	6	546	1145	575	786	8.25e-11	68.2	YP_013611560.1 hypothetical protein YASMINEVIRUS_1274, partial [Yasminevirus sp. GU-2018]
TRINITY_DN125286_c0_g1_i1	YP_004893887.1	43.1	51	29	0	91	243	1	51	5.06e-06	44.7	YP_004893887.1 hypothetical membrane protein [Salmonella phage PVPSE1]
TRINITY_DN125286_c0_g1_i1	YP_009148800.1	43.1	51	29	0	91	243	1	51	5.06e-06	44.7	YP_009148800.1 hypothetical protein ACQ19_gp004 [Salmonella phage SSE121]
TRINITY_DN177168_c0_g2_i1	YP_009617199.1	100	122	0	0	15	380	2	123	1.95e-71	220	YP_009617199.1 DNA binding protein [Escherichia phage DE3]
TRINITY_DN178702_c0_g1_i1	YP_010803679.1	33.0	106	69	1	152	469	29	132	1.66e-11	62.8	YP_010803679.1 molecular chaperone IbpA HSP20 family [Fadolivirus algeromassiliense]
TRINITY_DN178703_c0_g1_i3	NP_659397.1	35.5	93	60	0	314	36	288	380	4.07e-11	61.2	NP_659397.1 hypothetical protein [Mirabilis mosaic virus]
TRINITY_DN178703_c0_g1_i3	YP_006732334.1	34.4	93	61	0	314	36	310	402	1.40e-10	59.7	YP_006732334.1 polyprotein [Dahlia mosaic virus]
TRINITY_DN178703_c0_g1_i3	NP_619548.1	31.2	93	64	0	314	36	288	380	1.50e-08	53.9	NP_619548.1 unnamed protein product [Figwort mosaic virus]
TRINITY_DN183008_c0_g1_i14	NP_612245.1	34.7	242	120	13	2830	3504	336	556	3.11e-29	130	NP_612245.1 ORF023R [Infectious spleen and kidney necrosis virus]
TRINITY_DN135544_c1_g1_i1	YP_004061438.1	69.0	648	174	5	150	2075	4	630	1.30e-303	846	YP_004061438.1 hypothetical protein BpV1_008c [Bathycoccus sp. RCC1105 virus BpV1]
TRINITY_DN135544_c1_g1_i1	YP_009173627.1	70.5	607	178	1	141	1958	6	612	5.67e-302	844	YP_009173627.1 Hsp70 protein [Chrysochromulina ericina virus]
TRINITY_DN135544_c1_g1_i1	YP_007676312.1	66.1	646	190	4	150	2075	4	624	1.21e-285	800	YP_007676312.1 heat shock protein 70 [Micromonas pusilla virus 12T]
TRINITY_DN135544_c1_g1_i1	YP_010777306.1	62.3	647	231	1	135	2075	1	634	2.02e-279	785	YP_010777306.1 HSP70 [Acanthamoeba polyphaga mimivirus]
TRINITY_DN135544_c1_g1_i1	YP_003986897.1	62.0	647	233	1	135	2075	1	634	8.17e-279	783	YP_003986897.1 heat shock 70 kDa protein-like protein [Acanthamoeba polyphaga mimivirus]
TRINITY_DN171041_c0_g4_i1	YP_013611524.1	55.8	138	60	1	6	416	239	376	1.01e-50	169	YP_013611524.1 actin-like [Yasminevirus sp. GU-2018]
TRINITY_DN151325_c0_g1_i3	YP_010804002.1	40.1	147	86	2	134	574	199	343	6.18e-28	112	YP_010804002.1 adenine phosphoribosyl transferase [Fadolivirus algeromassiliense]
TRINITY_DN151325_c0_g1_i3	YP_013611780.1	29.2	168	106	3	113	577	255	422	1.82e-17	85.1	YP_013611780.1 phosphoribosylpyrophosphate synthetase [Yasminevirus sp. GU-2018]
TRINITY_DN151325_c0_g1_i3	YP_010781238.1	30.1	166	97	4	122	574	189	350	4.28e-15	77.4	YP_010781238.1 hypothetical protein QJ856_gp0127 [Tupanvirus deep ocean]
TRINITY_DN151325_c0_g1_i3	YP_013610750.1	32.4	111	72	1	179	502	233	343	1.60e-08	58.2	YP_013610750.1 adenine phosphoribosyltransferase [Yasminevirus sp. GU-2018]
TRINITY_DN168048_c0_g1_i8	NP_044017.2	43.1	181	96	4	148	672	29	208	3.99e-36	130	NP_044017.2 MC066L [Molluscum contagiosum virus subtype 1]
TRINITY_DN178971_c0_g1_i4	YP_009599654.1	45.7	46	25	0	292	429	87	132	8.33e-06	47.8	YP_009599654.1 acyl carrier protein [Serratia phage BF]
TRINITY_DN178810_c0_g1_i7	YP_009508242.1	49.5	194	70	3	224	724	233	425	8.72e-51	182	YP_009508242.1 p47(gag-crk) [Avian sarcoma virus CT10]
TRINITY_DN149929_c0_g1_i3	YP_013611345.1	27.3	300	192	8	518	1366	45	335	2.36e-24	112	YP_013611345.1 hypothetical protein YASMINEVIRUS_990 [Yasminevirus sp. GU-2018]
TRINITY_DN148559_c0_g2_i1	YP_073534.1	24.5	314	174	12	4034	4822	278	579	4.23e-08	62.0	YP_073534.1 RNA polymerase beta subunit [lymphocystis disease virus-China]
TRINITY_DN148559_c0_g2_i1	YP_009342128.1	23.7	312	179	10	4034	4822	275	576	1.25e-07	60.5	YP_009342128.1 RNA polymerase beta subunit [Lymphocystis disease virus Sa]
TRINITY_DN148559_c0_g2_i1	NP_078633.1	24.5	318	170	14	4034	4822	284	586	3.70e-07	58.9	NP_078633.1 DNA-directed RNA polymerase subunit 2 [Lymphocystis disease virus 1]
TRINITY_DN148559_c0_g2_i1	YP_010087885.1	22.8	312	182	11	4034	4822	281	582	6.34e-07	58.2	YP_010087885.1 RNA polymerase beta subunit [Lymphocystis disease virus 4]
TRINITY_DN148559_c0_g2_i1	YP_009259433.1	25.5	247	149	10	3839	4522	342	572	4.40e-06	55.5	YP_009259433.1 DNA-dependent RNA polymerase II second largest subunit [Short-finned eel ranavirus]
TRINITY_DN148974_c0_g1_i4	YP_009506776.1	36.1	144	91	1	236	664	1	144	2.33e-17	81.3	YP_009506776.1 dual specificity protein phosphatase [Tunisvirus fontaine2]
TRINITY_DN148974_c0_g1_i4	YP_013610801.1	38.7	93	57	0	401	679	96	188	2.90e-13	70.9	YP_013610801.1 dual specificity phosphatase domain protein [Yasminevirus sp. GU-2018]
TRINITY_DN148974_c0_g1_i4	YP_008004204.1	40.2	102	56	2	404	709	55	151	3.32e-13	70.1	YP_008004204.1 protein tyrosine phosphatase 2 [Choristoneura biennis entomopoxvirus]
TRINITY_DN148974_c0_g1_i4	YP_008004506.1	40.2	102	56	2	404	709	55	151	3.32e-13	70.1	YP_008004506.1 protein tyrosine phosphatase 2 [Choristoneura rosaceana entomopoxvirus 'L']
TRINITY_DN148974_c0_g1_i4	NP_149586.1	37.9	87	54	0	416	676	46	132	1.64e-12	67.4	NP_149586.1 123R [Invertebrate iridescent virus 6]
TRINITY_DN133238_c0_g1_i1	NP_068261.1	39.7	73	44	0	141	359	15	87	3.80e-10	59.3	NP_068261.1 PxORF42 peptide [Plutella xylostella granulovirus]
TRINITY_DN133238_c0_g1_i1	YP_473314.1	40.9	66	39	0	162	359	1	66	2.14e-09	56.2	YP_473314.1 Ubiquitin [Hyphantria cunea nucleopolyhedrovirus]
TRINITY_DN133238_c0_g1_i1	YP_009249883.1	40.9	66	39	0	162	359	1	66	2.19e-09	56.2	YP_009249883.1 V-UBQ [Mocis latipes granulovirus]
TRINITY_DN133238_c0_g1_i1	YP_001649029.1	40.9	66	39	0	162	359	1	66	2.81e-09	55.8	YP_001649029.1 viral ubiquitin [Helicoverpa armigera granulovirus]
TRINITY_DN133238_c0_g1_i1	NP_059200.1	40.9	66	39	0	162	359	1	66	2.81e-09	55.8	NP_059200.1 ORF52 [Xestia c-nigrum granulovirus]
TRINITY_DN106049_c0_g1_i11	YP_010803150.1	37.8	1102	631	24	165	3359	2	1086	9.83e-259	769	YP_010803150.1 isoleucyl-tRNA synthetase [Fadolivirus algeromassiliense]
TRINITY_DN106049_c0_g1_i11	YP_009448535.1	38.0	1090	637	22	171	3359	4	1081	2.83e-251	749	YP_009448535.1 Isoleucyl-tRNA synthetase [Orpheovirus IHUMI-LCC2]
TRINITY_DN106049_c0_g1_i11	YP_010780873.1	37.7	1049	590	19	207	3194	14	1051	2.73e-241	724	YP_010780873.1 isoleucyl-tRNA synthetase [Tupanvirus deep ocean]
TRINITY_DN106049_c0_g1_i11	YP_010782180.1	37.6	1051	588	21	207	3194	14	1051	4.64e-239	719	YP_010782180.1 isoleucyl-tRNA synthetase [Tupanvirus soda lake]
TRINITY_DN106049_c0_g1_i11	YP_004894409.1	37.6	1082	589	22	192	3251	6	1063	5.29e-239	718	YP_004894409.1 isoleucyl-tRNA synthetase [Megavirus chiliensis]
TRINITY_DN163692_c0_g1_i11	YP_009483690.1	27.6	537	297	18	143	1615	28	518	2.37e-38	153	YP_009483690.1 Carboxylic ester hydrolase [Pandoravirus quercus]
TRINITY_DN163692_c0_g1_i11	YP_009481512.1	37.5	253	139	7	236	973	46	286	9.72e-35	142	YP_009481512.1 Carboxylic ester hydrolase [Pandoravirus macleodensis]
TRINITY_DN163692_c0_g1_i11	YP_009165167.1	36.9	268	143	10	170	952	39	287	3.87e-33	137	YP_009165167.1 Carboxylesterase [Mollivirus sibericum]
TRINITY_DN163692_c0_g1_i11	YP_010779936.1	35.2	315	166	14	182	1084	26	316	6.50e-32	134	YP_010779936.1 hypothetical protein QJ854_gp081 [Moumouvirus goulette]
TRINITY_DN163692_c0_g1_i11	YP_010788378.1	33.1	329	172	15	107	1039	5	303	3.75e-31	131	YP_010788378.1 cholinesterase [Megavirus baoshan]
TRINITY_DN198759_c0_g1_i2	NP_570296.1	30.5	105	70	2	190	495	2	106	2.23e-09	63.5	NP_570296.1 SPV136 kelch-like protein [Swinepox virus]
TRINITY_DN198759_c0_g1_i2	YP_009408100.1	29.5	78	53	1	211	438	4	81	2.19e-06	53.9	YP_009408100.1 BTB kelch-domain protein [Eptesipox virus]
TRINITY_DN137729_c0_g1_i1	YP_007714631.1	37.0	81	51	0	36	278	776	856	1.28e-09	57.4	YP_007714631.1 structural protein [Bombyx mori densovirus 3]
TRINITY_DN137729_c0_g1_i1	YP_009506248.1	37.0	81	51	0	36	278	776	856	1.28e-09	57.4	YP_009506248.1 structural protein [Bombyx mori densovirus Zhenjiang]
TRINITY_DN165830_c0_g2_i1	NP_073534.1	29.2	356	209	10	216	1262	10	329	4.12e-28	117	NP_073534.1 149R protein [Yaba-like disease virus]
TRINITY_DN165830_c0_g2_i1	NP_659719.1	25.6	352	201	8	216	1226	12	317	1.08e-24	107	NP_659719.1 Serpin [Sheeppox virus]
TRINITY_DN165830_c0_g2_i1	YP_001293340.1	25.3	356	205	8	204	1226	8	317	1.08e-24	107	YP_001293340.1 hypothetical protein GTPV_gp142 [Goatpox virus Pellor]
TRINITY_DN165830_c0_g2_i1	NP_150583.1	26.1	341	213	8	216	1226	12	317	9.38e-24	105	NP_150583.1 LSDV149 serpin-like protein [Lumpy skin disease virus NI-2490]
TRINITY_DN165830_c0_g2_i1	YP_010781385.1	27.1	365	218	11	222	1265	133	466	9.60e-24	107	YP_010781385.1 serpin [Tupanvirus soda lake]
TRINITY_DN149244_c0_g1_i2	YP_004322344.1	27.6	359	217	10	339	1400	12	332	2.61e-24	107	YP_004322344.1 zinc containing alcohol dehydrogenase superfamily [Synechococcus phage S-SM2]
TRINITY_DN149244_c0_g1_i2	YP_010777411.1	28.6	206	132	6	336	941	66	260	2.19e-09	63.2	YP_010777411.1 putative zinc-type alcohol dehydrogenase-like protein [Acanthamoeba polyphaga mimivirus]
TRINITY_DN149244_c0_g1_i2	YP_003987010.1	28.6	206	132	6	336	941	81	275	3.05e-09	62.8	YP_003987010.1 zinc containing alcohol dehydrogenase superfamily [Acanthamoeba polyphaga mimivirus]
TRINITY_DN146888_c0_g1_i13	YP_009165152.1	33.9	177	111	4	938	1465	317	488	2.51e-18	92.0	YP_009165152.1 Cytochrome P450 [Mollivirus sibericum]
TRINITY_DN146888_c0_g1_i13	YP_009448979.1	25.0	164	119	3	938	1426	306	466	2.15e-10	67.0	YP_009448979.1 Cytochrome P450-like protein E-class [Orpheovirus IHUMI-LCC2]
TRINITY_DN198151_c0_g2_i1	YP_008052571.1	46.3	229	120	2	495	1175	136	363	1.02e-55	202	YP_008052571.1 ATP-dependent zinc metalloprotease [Phaeocystis globosa virus]
TRINITY_DN198151_c0_g2_i1	YP_009465729.1	42.5	240	137	1	474	1193	136	374	6.86e-53	193	YP_009465729.1 hypothetical protein C5Y57_gp012 [Dishui lake phycodnavirus 1]
TRINITY_DN198151_c0_g2_i1	YP_009173022.1	40.6	251	148	1	477	1229	136	385	1.69e-52	192	YP_009173022.1 hypothetical protein AP054_gp010 [Ostreococcus lucimarinus virus 7]
TRINITY_DN198151_c0_g2_i1	YP_009665063.1	39.1	281	166	3	435	1268	120	398	8.52e-52	190	YP_009665063.1 cell division protein [Micromonas pusilla virus SP1]
TRINITY_DN198151_c0_g2_i1	YP_004063442.1	40.2	251	149	1	477	1229	136	385	1.59e-51	190	YP_004063442.1 putative cell division protein FtsH2 [Ostreococcus tauri virus 2]
TRINITY_DN178175_c0_g1_i3	YP_009094795.1	30.4	112	66	4	801	1115	30	136	4.45e-10	61.6	YP_009094795.1 conserved thioredoxin [Marseillevirus sp. 'Melbournevirus']
TRINITY_DN178175_c0_g1_i3	YP_003407062.1	30.4	112	66	4	801	1115	92	198	1.55e-09	61.6	YP_003407062.1 thioredoxin [Marseillevirus marseillevirus]
TRINITY_DN178175_c0_g1_i3	YP_004347305.1	32.7	113	62	5	801	1115	31	137	1.57e-09	60.1	YP_004347305.1 thioredoxin [Lausannevirus]
TRINITY_DN178175_c0_g1_i3	YP_009345273.1	32.7	113	62	5	801	1115	31	137	2.13e-09	59.7	YP_009345273.1 thioredoxin [Noumeavirus]
TRINITY_DN178175_c0_g1_i3	YP_009507011.1	31.3	112	65	4	801	1115	30	136	9.76e-09	57.8	YP_009507011.1 thioredoxin [Tunisvirus fontaine2]
TRINITY_DN190066_c0_g1_i1	YP_010780750.1	31.4	137	80	5	117	524	6	129	2.02e-10	59.3	YP_010780750.1 NUDIX hydrolase [Tupanvirus deep ocean]
TRINITY_DN190066_c0_g1_i1	YP_010782058.1	31.8	129	79	5	117	497	6	127	1.45e-07	51.6	YP_010782058.1 NUDIX hydrolase [Tupanvirus soda lake]
TRINITY_DN190066_c0_g1_i1	YP_009836702.1	39.3	61	35	1	111	287	1	61	2.35e-06	48.5	YP_009836702.1 nudix hydrolase [Klebsiella phage vB_Kpn_F48]
TRINITY_DN190066_c0_g1_i1	YP_009005393.1	38.7	62	36	1	108	287	4	65	3.81e-06	48.1	YP_009005393.1 nudix hydrolase [Enterobacter phage PG7]
TRINITY_DN190066_c0_g1_i1	YP_009850307.1	39.3	61	35	1	111	287	1	61	4.47e-06	47.8	YP_009850307.1 nudix hydrolase [Klebsiella phage Marfa]
TRINITY_DN162560_c0_g1_i19	YP_010678996.1	40.2	480	263	6	879	2303	115	575	2.52e-105	338	YP_010678996.1 cell division protein [Pseudomonas phage vB_PaeM_PA5oct]
TRINITY_DN162560_c0_g1_i19	YP_004061441.1	41.9	446	244	7	972	2291	215	651	2.66e-103	336	YP_004061441.1 hypothetical protein BpV1_011c [Bathycoccus sp. RCC1105 virus BpV1]
TRINITY_DN162560_c0_g1_i19	YP_003212838.1	40.3	476	263	7	906	2309	110	572	4.33e-103	332	YP_003212838.1 hypothetical protein OTV1_014 [Ostreococcus tauri virus 1]
TRINITY_DN162560_c0_g1_i19	YP_009172777.1	40.1	476	264	7	906	2309	110	572	4.33e-103	332	YP_009172777.1 hypothetical protein AP053_gp017 [Ostreococcus mediterraneus virus 1]
TRINITY_DN162560_c0_g1_i19	YP_001648090.1	40.3	476	263	7	906	2309	110	572	4.33e-103	332	YP_001648090.1 putative cell division protein FtsH2 [Ostreococcus tauri virus OtV5]
TRINITY_DN111894_c0_g1_i6	YP_009552226.1	39.9	331	182	6	329	1300	20	340	1.74e-73	239	YP_009552226.1 viral cathepsin precursor [Malacosoma neustria nucleopolyhedrovirus]
TRINITY_DN111894_c0_g1_i6	YP_009513065.1	39.7	315	171	7	380	1300	24	327	2.29e-69	228	YP_009513065.1 cathepsin [Agrotis segetum granulovirus]
TRINITY_DN111894_c0_g1_i6	YP_611001.1	39.8	324	175	8	344	1300	15	323	1.15e-68	226	YP_611001.1 cathepsin [Antheraea pernyi nucleopolyhedrovirus]
TRINITY_DN111894_c0_g1_i6	NP_848429.1	40.1	312	169	8	377	1300	26	323	1.74e-67	223	NP_848429.1 cathepsin [Choristoneura fumiferana multiple nucleopolyhedrovirus]
TRINITY_DN111894_c0_g1_i6	YP_010799647.1	39.9	311	167	7	383	1300	53	348	7.10e-67	223	YP_010799647.1 V-Cathepsin [Rachiplusia nu nucleopolyhedrovirus]
TRINITY_DN111837_c0_g1_i1	YP_227395.1	31.1	293	183	8	25	867	92	377	1.08e-34	133	YP_227395.1 Serpin-like protein [Deerpox virus W-848-83]
TRINITY_DN111837_c0_g1_i1	NP_938400.1	30.2	288	184	8	34	879	32	308	1.04e-31	123	NP_938400.1 149R [Yaba monkey tumor virus]
TRINITY_DN111837_c0_g1_i1	YP_227542.1	33.1	260	163	6	115	879	81	334	6.55e-31	122	YP_227542.1 Serpin-like protein [Deerpox virus W-848-83]
TRINITY_DN111837_c0_g1_i1	YP_009282884.1	32.7	260	159	10	121	879	84	334	1.31e-30	121	YP_009282884.1 serpin [Skunkpox virus]
TRINITY_DN111837_c0_g1_i1	YP_009143498.1	33.7	246	148	9	163	879	97	334	9.40e-29	116	YP_009143498.1 Serpin [Raccoonpox virus]
TRINITY_DN100834_c0_g1_i1	YP_009665180.1	32.9	143	85	5	429	16	154	290	2.68e-08	59.3	YP_009665180.1 pol polyprotein, partial [Walleye epidermal hyperplasia virus 2]
TRINITY_DN100834_c0_g1_i1	NP_045937.2	27.7	155	108	3	498	40	726	878	7.70e-06	51.6	NP_045937.2 Pr gag-pro-pol [Walleye dermal sarcoma virus]
TRINITY_DN100834_c0_g1_i1	YP_009665179.1	30.8	143	88	5	429	16	154	290	9.65e-06	51.2	YP_009665179.1 pol polyprotein, partial [Walleye epidermal hyperplasia virus 1]
TRINITY_DN120142_c0_g1_i4	YP_010780426.1	38.1	528	304	6	549	2114	28	538	9.28e-103	331	YP_010780426.1 ATP binding cassette sub family F [Tupanvirus deep ocean]
TRINITY_DN120142_c0_g1_i4	YP_010781718.1	37.2	549	318	8	492	2114	4	533	1.13e-102	330	YP_010781718.1 ATP binding cassette sub family F [Tupanvirus soda lake]
TRINITY_DN120142_c0_g1_i4	YP_010803678.1	35.6	533	322	9	537	2117	5	522	2.12e-97	316	YP_010803678.1 ABC transporter [Fadolivirus algeromassiliense]
TRINITY_DN120142_c0_g1_i4	YP_013610715.1	36.2	549	315	8	549	2123	82	619	2.82e-93	308	YP_013610715.1 ATP binding cassette sub family F [Yasminevirus sp. GU-2018]
TRINITY_DN120142_c0_g1_i4	YP_009325868.1	26.7	607	264	16	558	2066	350	879	1.77e-45	179	YP_009325868.1 ABC transporter [Only Syngen Nebraska virus 5]
TRINITY_DN100676_c2_g1_i3	NP_955616.1	31.5	178	81	8	849	1355	86	231	1.58e-14	81.3	NP_955616.1 pp60 SRC [Rous sarcoma virus]
TRINITY_DN100676_c2_g1_i3	NP_056888.1	31.5	178	81	8	849	1355	87	232	1.59e-14	81.3	NP_056888.1 p60 src [Rous sarcoma virus]
TRINITY_DN100676_c2_g1_i3	YP_628286.1	30.9	178	82	8	849	1355	87	232	2.49e-14	80.9	YP_628286.1 protein-tyrosine kinase [Y73 sarcoma virus]
TRINITY_DN100644_c0_g1_i7	YP_009507789.1	40.1	162	96	1	261	746	5	165	8.14e-30	119	YP_009507789.1 p21 v-has transforming protein [Harvey murine sarcoma virus]
TRINITY_DN100644_c0_g1_i7	YP_009507788.1	40.1	162	96	1	261	746	57	217	3.15e-29	119	YP_009507788.1 protein p30 [Harvey murine sarcoma virus]
TRINITY_DN100625_c0_g1_i2	YP_010781349.1	43.9	358	186	5	1695	2756	4	350	7.94e-95	310	YP_010781349.1 histone deacetylase 6 [Tupanvirus soda lake]
TRINITY_DN100625_c0_g1_i2	YP_010780072.1	44.1	358	185	5	1695	2756	6	352	1.58e-93	307	YP_010780072.1 hypothetical protein QJ856_gp0056 [Tupanvirus deep ocean]
TRINITY_DN100625_c0_g1_i2	YP_010803598.1	38.3	326	175	9	1698	2669	7	308	8.90e-55	196	YP_010803598.1 histone deacetylase [Fadolivirus algeromassiliense]
TRINITY_DN100625_c0_g1_i2	YP_010781583.1	36.4	242	146	4	651	1376	128	361	5.59e-42	161	YP_010781583.1 histone deacetylase [Tupanvirus soda lake]
TRINITY_DN100625_c0_g1_i2	YP_010780296.1	33.1	242	154	4	651	1376	128	361	1.72e-37	148	YP_010780296.1 histone deacetylase [Tupanvirus deep ocean]
TRINITY_DN103633_c0_g1_i5	YP_010803131.1	47.9	119	61	1	133	486	13	131	1.08e-32	120	YP_010803131.1 autophagy protein atg8 ubiquitin-like protein [Fadolivirus algeromassiliense]
TRINITY_DN103633_c0_g1_i5	YP_013613008.1	43.0	93	49	1	208	486	14	102	1.16e-17	79.7	YP_013613008.1 ubiquitin-like protein [Cedratvirus lausannensis]
TRINITY_DN103633_c0_g1_i5	YP_009328988.1	41.9	93	50	1	208	486	14	102	4.34e-17	78.2	YP_009328988.1 Autophagy protein Atg8 ubiquitin-like [Cedratvirus A11]
TRINITY_DN103633_c0_g1_i7	YP_010803131.1	47.1	87	45	1	385	642	45	131	6.79e-22	92.8	YP_010803131.1 autophagy protein atg8 ubiquitin-like protein [Fadolivirus algeromassiliense]
TRINITY_DN103633_c0_g1_i7	YP_013613008.1	44.2	77	43	0	412	642	26	102	5.21e-15	73.2	YP_013613008.1 ubiquitin-like protein [Cedratvirus lausannensis]
TRINITY_DN103633_c0_g1_i7	YP_009328988.1	42.9	77	44	0	412	642	26	102	1.88e-14	71.6	YP_009328988.1 Autophagy protein Atg8 ubiquitin-like [Cedratvirus A11]
TRINITY_DN120981_c0_g1_i1	YP_009447965.1	46.4	239	127	1	257	973	17	254	4.45e-66	224	YP_009447965.1 GNS1/SUR4 [Flamingopox virus FGPVKD09]
TRINITY_DN120981_c0_g1_i1	NP_955091.1	47.7	239	124	1	257	973	13	250	1.99e-65	223	NP_955091.1 CNPV068 GNS1/SUR4-like protein [Canarypox virus]
TRINITY_DN120981_c0_g1_i1	YP_009177047.1	46.9	241	127	1	257	979	58	297	4.31e-65	223	YP_009177047.1 GNS1/SUR4-like protein [Turkeypox virus]
TRINITY_DN120981_c0_g1_i1	YP_009046285.1	45.1	253	137	2	215	973	4	254	4.32e-65	222	YP_009046285.1 GNS1/SUR4 [Pigeonpox virus]
TRINITY_DN120981_c0_g1_i1	YP_009046048.1	45.6	239	129	1	257	973	17	254	8.27e-65	221	YP_009046048.1 GNS1/SUR4 [Penguinpox virus]
TRINITY_DN118635_c4_g1_i11	YP_010803214.1	33.9	437	235	7	1022	2248	43	453	5.94e-74	257	YP_010803214.1 GTP binding translation elongation factor [Fadolivirus algeromassiliense]
TRINITY_DN118635_c4_g1_i11	YP_010788602.1	32.0	435	242	8	1028	2248	42	450	1.33e-64	230	YP_010788602.1 GTP binding translation elongation/initiation factor [Megavirus baoshan]
TRINITY_DN118635_c4_g1_i11	YP_010776597.1	32.2	435	241	8	1028	2248	42	450	1.81e-64	229	YP_010776597.1 GTP-binding protein 1-like protein [Powai lake megavirus]
TRINITY_DN118635_c4_g1_i11	YP_010781338.1	33.3	439	230	10	1037	2248	29	439	2.27e-64	230	YP_010781338.1 putative GTP-binding translation elongation/initiation factor [Tupanvirus soda lake]
TRINITY_DN118635_c4_g1_i11	YP_010780064.1	33.3	442	226	9	1037	2248	34	444	3.66e-64	229	YP_010780064.1 mimivirus GTP-binding translation elongation/initiation factor [Tupanvirus deep ocean]
TRINITY_DN162868_c0_g1_i2	YP_010796969.1	32.4	142	91	3	439	17	81	218	1.19e-22	95.5	YP_010796969.1 hexon [Mayetiola barley midge adintovirus]
TRINITY_DN148238_c0_g1_i12	YP_009172723.1	47.0	83	42	2	284	529	25	106	6.21e-13	68.2	YP_009172723.1 hypothetical protein APZ24_gp216 [Ostreococcus lucimarinus virus 2]
TRINITY_DN148238_c0_g1_i13	YP_009172723.1	46.3	82	42	2	284	526	25	105	5.11e-12	62.8	YP_009172723.1 hypothetical protein APZ24_gp216 [Ostreococcus lucimarinus virus 2]
TRINITY_DN141591_c0_g1_i1	YP_010114486.1	45.6	533	282	5	125	1705	2	532	3.02e-143	434	YP_010114486.1 chaperonin groEL [Flavobacterium phage vB_FspM_immuto_2-6A]
TRINITY_DN141591_c0_g1_i1	YP_009845790.1	38.5	546	316	8	125	1705	5	549	2.13e-112	354	YP_009845790.1 chaperonin groEL [Vibrio phage VAP7]
TRINITY_DN141591_c0_g1_i1	YP_009838324.1	36.3	534	328	9	128	1699	3	534	2.45e-105	335	YP_009838324.1 chaperonin groEL [Vibrio phage YC]
TRINITY_DN141591_c0_g1_i1	YP_010356503.1	35.4	523	324	8	128	1687	4	515	3.70e-99	318	YP_010356503.1 chaperonin groEL [Flavobacterium phage vB_FspP_elemoC_14-1A]
TRINITY_DN141591_c0_g1_i1	YP_010356144.1	35.4	523	324	8	128	1687	4	515	3.70e-99	318	YP_010356144.1 chaperonin groEL [Flavobacterium phage vB_FspP_elemoB_14-3B]
TRINITY_DN127473_c0_g1_i15	YP_010803290.1	30.4	628	366	21	97	1866	1	595	2.43e-67	234	YP_010803290.1 5'-3' exoribonuclease [Fadolivirus algeromassiliense]
TRINITY_DN127473_c0_g1_i15	YP_003969937.1	29.6	605	364	16	97	1860	1	560	3.24e-65	227	YP_003969937.1 putative 5'-3' exonuclease [Cafeteria roenbergensis virus BV-PW1]
TRINITY_DN127473_c0_g1_i15	YP_010778477.1	27.6	646	365	18	97	1860	1	601	2.17e-56	204	YP_010778477.1 XRN 5'-3' exonuclease [Bodo saltans virus]
TRINITY_DN127473_c0_g1_i15	YP_013610885.1	26.2	626	367	18	97	1809	1	586	1.01e-54	201	YP_013610885.1 XRN 5'-3' exonuclease [Yasminevirus sp. GU-2018]
TRINITY_DN127473_c0_g1_i15	YP_654631.1	27.7	636	326	24	97	1854	1	552	2.70e-50	186	YP_654631.1 hypothetical protein MIV059L [Invertebrate iridescent virus 3]
TRINITY_DN190787_c0_g1_i4	YP_010783268.1	37.4	372	211	8	158	1231	2	365	7.19e-75	241	YP_010783268.1 phosphoserine aminotransferase [Tetraselmis virus 1]
TRINITY_DN188586_c0_g1_i1	YP_009277293.1	38.5	143	88	0	71	499	4	146	3.75e-29	107	YP_009277293.1 DNA binding protein (endogenous virus) [Clostridium phage phiCT19406A]
TRINITY_DN188586_c0_g1_i1	YP_009219388.1	38.5	143	88	0	71	499	4	146	3.75e-29	107	YP_009219388.1 DNA binding protein (endogenous virus) [Clostridium phage phiCT9441A]
TRINITY_DN188586_c0_g1_i1	YP_009277226.1	38.5	143	88	0	71	499	4	146	3.75e-29	107	YP_009277226.1 DNA binding protein (endogenous virus) [Clostridium phage phiCTC2A]
TRINITY_DN188250_c0_g1_i3	YP_003969759.1	47.5	101	44	3	1275	1562	8	104	1.54e-13	76.6	YP_003969759.1 putative DnaJ/Hsp40 [Cafeteria roenbergensis virus BV-PW1]
TRINITY_DN188250_c0_g1_i3	YP_009174434.1	43.6	94	41	2	1275	1547	2	86	6.13e-11	67.8	YP_009174434.1 putative heat shock protein 40 [Yellowstone lake phycodnavirus 3]
TRINITY_DN188250_c0_g1_i3	YP_009611958.1	38.9	95	50	2	1275	1559	4	90	1.56e-10	65.9	YP_009611958.1 chaperone protein DnaJ [Agrobacterium phage Atu_ph07]
TRINITY_DN188250_c0_g1_i3	YP_010803769.1	47.1	70	29	1	1269	1478	2	63	5.20e-10	65.1	YP_010803769.1 DnaJ chaperone protein [Fadolivirus algeromassiliense]
TRINITY_DN188250_c0_g1_i3	YP_013610561.1	51.5	66	32	0	1275	1472	10	75	3.10e-09	63.5	YP_013610561.1 DnaJ domain protein [Yasminevirus sp. GU-2018]
TRINITY_DN144985_c0_g1_i1	YP_009041481.1	35.6	104	66	1	319	8	1483	1585	9.21e-18	80.1	YP_009041481.1 polyprotein [Pagoda yellow mosaic associated virus]
TRINITY_DN144985_c0_g1_i1	YP_009352866.1	34.6	104	67	1	319	8	1451	1553	3.20e-17	78.6	YP_009352866.1 ORF3 [Wisteria badnavirus 1]
TRINITY_DN144985_c0_g1_i1	YP_009666830.1	39.0	105	61	2	319	8	1403	1505	3.85e-16	75.5	YP_009666830.1 ORF3 polyprotein [Cacao swollen shoot Ghana Q virus]
TRINITY_DN144985_c0_g1_i1	YP_009002585.1	36.4	107	65	2	319	2	1447	1551	5.26e-16	75.1	YP_009002585.1 polyprotein [Hibiscus bacilliform virus GD1]
TRINITY_DN144985_c0_g1_i1	YP_006495799.1	34.9	106	68	1	319	2	1533	1637	2.49e-15	73.2	YP_006495799.1 polyprotein [Gooseberry vein banding associated virus]
TRINITY_DN100787_c0_g1_i2	YP_009640105.1	28.8	146	92	6	836	1258	28	166	3.90e-07	53.5	YP_009640105.1 hypothetical protein AV955_gp117 [Diadromus pulchellus ascovirus 4a]
TRINITY_DN182517_c0_g1_i11	YP_227395.1	26.0	362	244	6	204	1271	39	382	1.01e-32	134	YP_227395.1 Serpin-like protein [Deerpox virus W-848-83]
TRINITY_DN182517_c0_g1_i11	YP_001293340.1	27.5	356	220	11	213	1271	14	334	2.63e-29	123	YP_001293340.1 hypothetical protein GTPV_gp142 [Goatpox virus Pellor]
TRINITY_DN182517_c0_g1_i11	NP_659719.1	27.3	355	222	11	213	1271	14	334	3.55e-29	122	NP_659719.1 Serpin [Sheeppox virus]
TRINITY_DN182517_c0_g1_i11	NP_150583.1	27.9	358	224	10	201	1271	10	334	4.81e-29	122	NP_150583.1 LSDV149 serpin-like protein [Lumpy skin disease virus NI-2490]
TRINITY_DN182517_c0_g1_i11	YP_010804167.1	26.0	350	226	10	225	1262	53	373	1.18e-27	119	YP_010804167.1 serpin [Fadolivirus algeromassiliense]
TRINITY_DN182517_c0_g1_i5	YP_227395.1	26.0	362	244	6	204	1271	39	382	4.66e-33	134	YP_227395.1 Serpin-like protein [Deerpox virus W-848-83]
TRINITY_DN182517_c0_g1_i5	YP_001293340.1	27.5	356	220	11	213	1271	14	334	1.44e-29	123	YP_001293340.1 hypothetical protein GTPV_gp142 [Goatpox virus Pellor]
TRINITY_DN182517_c0_g1_i5	NP_659719.1	27.3	355	222	11	213	1271	14	334	1.95e-29	122	NP_659719.1 Serpin [Sheeppox virus]
TRINITY_DN182517_c0_g1_i5	NP_150583.1	27.9	358	224	10	201	1271	10	334	2.65e-29	122	NP_150583.1 LSDV149 serpin-like protein [Lumpy skin disease virus NI-2490]
TRINITY_DN182517_c0_g1_i5	YP_010804167.1	26.0	350	226	10	225	1262	53	373	6.44e-28	119	YP_010804167.1 serpin [Fadolivirus algeromassiliense]
TRINITY_DN131744_c0_g1_i4	YP_013611042.1	32.7	165	104	4	208	699	11	169	1.06e-17	85.5	YP_013611042.1 Rab GTPase 2d (macronuclear) [Yasminevirus sp. GU-2018]
TRINITY_DN236310_c0_g1_i1	YP_009213737.1	71.3	734	206	2	2483	4675	6	737	0.0	1143	YP_009213737.1 photosystem I psaA/psaB protein [Prochlorococcus phage P-TIM68]
TRINITY_DN236310_c0_g1_i1	YP_009213736.1	65.8	760	225	7	196	2436	1	738	0.0	1046	YP_009213736.1 photosystem I psaA/psaB protein [Prochlorococcus phage P-TIM68]
TRINITY_DN227872_c0_g1_i1	YP_010114486.1	48.7	538	268	7	109	1707	3	537	3.43e-166	488	YP_010114486.1 chaperonin groEL [Flavobacterium phage vB_FspM_immuto_2-6A]
TRINITY_DN227872_c0_g1_i1	YP_009838324.1	38.4	528	319	5	106	1674	2	528	2.33e-116	360	YP_009838324.1 chaperonin groEL [Vibrio phage YC]
TRINITY_DN227872_c0_g1_i1	YP_009845790.1	39.1	539	308	8	109	1674	6	541	2.77e-115	358	YP_009845790.1 chaperonin groEL [Vibrio phage VAP7]
TRINITY_DN227872_c0_g1_i1	YP_010356503.1	37.1	525	307	12	109	1662	4	512	4.82e-101	320	YP_010356503.1 chaperonin groEL [Flavobacterium phage vB_FspP_elemoC_14-1A]
TRINITY_DN227872_c0_g1_i1	YP_010356144.1	37.1	525	307	12	109	1662	4	512	4.82e-101	320	YP_010356144.1 chaperonin groEL [Flavobacterium phage vB_FspP_elemoB_14-3B]
TRINITY_DN236190_c0_g1_i1	YP_001498869.1	47.3	952	445	16	420	3236	11	918	2.72e-278	807	YP_001498869.1 ABC transporter [Paramecium bursaria Chlorella virus AR158]
TRINITY_DN236190_c0_g1_i1	YP_009665579.1	47.3	952	445	16	420	3236	11	918	3.84e-278	806	YP_009665579.1 ABC transporter [Paramecium bursaria Chlorella virus NYs1]
TRINITY_DN236190_c0_g1_i1	NP_049022.1	47.1	952	447	16	420	3236	11	918	6.94e-276	801	NP_049022.1 ABC transporter [Paramecium bursaria Chlorella virus 1]
TRINITY_DN236190_c0_g1_i1	YP_009325868.1	46.3	953	453	16	420	3236	40	947	2.06e-274	798	YP_009325868.1 ABC transporter [Only Syngen Nebraska virus 5]
TRINITY_DN236190_c0_g1_i1	YP_009701987.1	46.9	948	433	15	447	3236	5	900	2.54e-265	773	YP_009701987.1 ABC transporter [Paramecium bursaria Chlorella virus CVA-1]
TRINITY_DN236101_c0_g1_i1	YP_009882644.1	32.9	359	212	6	342	1415	3	333	3.46e-51	181	YP_009882644.1 tRNA (adenosine(37)-N6)-threonylcarbamoyltransferase complex transferase subunit TsaD [Klebsiella phage ST13-OXA48phi12.1]
TRINITY_DN236101_c0_g1_i1	YP_009882599.1	32.9	359	212	6	342	1415	3	333	3.46e-51	181	YP_009882599.1 tRNA (adenosine(37)-N6)-threonylcarbamoyltransferase complex transferase subunit TsaD [Klebsiella phage ST147-VIM1phi7.1]
TRINITY_DN236101_c0_g1_i1	YP_013611222.1	30.1	382	245	8	297	1418	270	637	4.12e-47	176	YP_013611222.1 hypothetical protein YASMINEVIRUS_867 [Yasminevirus sp. GU-2018]
TRINITY_DN236101_c0_g1_i1	YP_009430141.1	32.9	359	198	9	342	1379	43	371	7.86e-41	160	YP_009430141.1 Threonylcarbamoyl AMP synthase [Pandoravirus salinus]
TRINITY_DN236101_c0_g1_i1	YP_009481386.1	31.8	377	212	12	342	1421	43	391	1.14e-39	157	YP_009481386.1 Threonylcarbamoyl AMP synthase [Pandoravirus macleodensis]
TRINITY_DN255081_c0_g1_i1	YP_006987334.1	36.9	696	301	9	579	2654	194	755	1.06e-135	428	YP_006987334.1 ATP-dependent protease [Cronobacter phage vB_CsaM_GAP32]
TRINITY_DN255081_c0_g1_i1	YP_009611957.1	35.4	752	341	10	453	2657	120	743	3.00e-135	427	YP_009611957.1 ATP-dependent protease [Agrobacterium phage Atu_ph07]
TRINITY_DN255081_c0_g1_i1	YP_009594775.1	36.1	706	317	9	543	2654	183	756	9.98e-132	417	YP_009594775.1 ATP-dependent protease [Pectobacterium phage vB_PcaM_CBB]
TRINITY_DN255081_c0_g1_i1	YP_010842962.1	35.3	697	316	8	570	2654	9	572	1.76e-131	411	YP_010842962.1 ATP-dependent protease [Klebsiella phage K64-1]
TRINITY_DN255081_c0_g1_i1	YP_010679028.1	33.9	866	402	17	120	2663	3	716	7.74e-130	412	YP_010679028.1 porphyrin biosynthesis [Pseudomonas phage vB_PaeM_PA5oct]
TRINITY_DN213291_c0_g1_i3	YP_010804135.1	27.4	190	135	2	145	711	24	211	3.52e-18	87.0	YP_010804135.1 ATPase V1 complex subunit D [Fadolivirus algeromassiliense]
TRINITY_DN213291_c0_g1_i5	YP_010804135.1	26.9	175	125	2	145	666	24	196	2.18e-18	84.0	YP_010804135.1 ATPase V1 complex subunit D [Fadolivirus algeromassiliense]
TRINITY_DN238817_c0_g1_i1	YP_010670292.1	36.2	141	85	4	57	470	7	145	3.88e-22	90.9	YP_010670292.1 peroxyredoxin antioxidant [Synechococcus phage S-SRM01]
TRINITY_DN238817_c0_g1_i1	YP_010669833.1	42.6	136	73	4	72	470	23	156	4.44e-21	89.0	YP_010669833.1 peroxyredoxin antioxidant [Synechococcus phage S-SCSM1]
TRINITY_DN238817_c0_g1_i1	YP_007518064.1	39.1	110	65	2	147	473	44	152	1.61e-20	86.7	YP_007518064.1 peroxyredoxin antioxidant [Pelagibacter phage HTVC008M]
TRINITY_DN238817_c0_g1_i1	YP_009133522.1	41.3	109	62	2	147	470	27	134	4.65e-20	85.1	YP_009133522.1 peroxyredoxin antioxidant [Synechococcus phage ACG-2014d]
TRINITY_DN238817_c0_g1_i1	YP_010355350.1	41.3	109	62	2	147	470	27	134	4.65e-20	85.1	YP_010355350.1 peroxyredoxin antioxidant [Synechococcus phage ACG-2014d]
TRINITY_DN238848_c0_g1_i1	YP_010804690.1	47.7	65	34	0	171	365	35	99	9.40e-13	65.5	YP_010804690.1 high mobility group protein [Acanthamoeba castellanii medusavirus]
TRINITY_DN238848_c0_g1_i1	YP_654640.1	47.0	66	35	0	171	368	69	134	2.69e-12	66.6	YP_654640.1 hypothetical protein MIV068R [Invertebrate iridescent virus 3]
TRINITY_DN238848_c0_g1_i1	YP_004732954.1	45.5	66	36	0	171	368	64	129	1.72e-11	64.3	YP_004732954.1 hypothetical protein WIV_gp171 [Wiseana iridescent virus]
TRINITY_DN238848_c0_g1_i1	YP_009010806.1	45.5	66	36	0	171	368	64	129	1.72e-11	64.3	YP_009010806.1 High mobility group protein homolog [Invertebrate iridescent virus 22]
TRINITY_DN238848_c0_g1_i1	YP_009010338.1	45.5	66	36	0	171	368	64	129	1.72e-11	64.3	YP_009010338.1 High mobility group protein homolog [Invertebrate iridescent virus 30]
TRINITY_DN242751_c0_g1_i1	YP_009882645.1	100	71	0	0	113	325	1	71	6.53e-41	134	YP_009882645.1 ribosomal protein S21 [Klebsiella phage ST13-OXA48phi12.1]
TRINITY_DN242751_c0_g1_i1	YP_009882598.1	100	71	0	0	113	325	1	71	6.53e-41	134	YP_009882598.1 ribosomal protein S21 [Klebsiella phage ST147-VIM1phi7.1]
TRINITY_DN242751_c0_g1_i1	YP_010678986.1	44.6	56	30	1	122	289	12	66	1.53e-06	46.6	YP_010678986.1 ribosomal protein S21 [Pseudomonas phage vB_PaeM_PA5oct]
TRINITY_DN242757_c0_g1_i1	YP_009665791.1	79.8	89	18	0	119	385	53	141	2.30e-43	144	YP_009665791.1 putative histone 4 [Bracoviriform glomeratae]
TRINITY_DN242757_c0_g1_i1	YP_184795.1	79.3	87	18	0	122	382	68	154	3.27e-41	139	YP_184795.1 Histone [Bracoviriform congregatae]
TRINITY_DN242757_c0_g1_i1	YP_004732864.1	30.6	62	43	0	176	361	5	66	7.49e-06	47.4	YP_004732864.1 hypothetical protein WIV_gp081 [Wiseana iridescent virus]
TRINITY_DN242757_c0_g1_i1	YP_009010674.1	30.6	62	43	0	176	361	5	66	7.49e-06	47.4	YP_009010674.1 histone H4-like [Invertebrate iridovirus 25]
TRINITY_DN225597_c0_g1_i1	YP_009482227.1	64.1	103	35	1	183	485	78	180	1.29e-37	134	YP_009482227.1 Histone H2B domain containing protein [Pandoravirus neocaledonia]
TRINITY_DN225597_c0_g1_i1	YP_009481299.1	64.1	103	35	1	183	485	77	179	1.77e-37	133	YP_009481299.1 Histone H2B domain containing protein [Pandoravirus macleodensis]
TRINITY_DN225597_c0_g1_i1	YP_009483470.1	70.8	89	26	0	219	485	91	179	4.05e-37	132	YP_009483470.1 Histone H2B domain containing protein [Pandoravirus quercus]
TRINITY_DN225597_c0_g1_i1	YP_008319525.2	69.7	89	27	0	219	485	93	181	8.27e-37	132	YP_008319525.2 Histone H2B domain containing protein [Pandoravirus dulcis]
TRINITY_DN225597_c0_g1_i1	YP_008437980.1	70.1	87	26	0	225	485	97	183	9.63e-36	129	YP_008437980.1 Histone H2B domain [Pandoravirus salinus]
TRINITY_DN205946_c0_g2_i1	YP_003517787.1	29.2	185	106	6	775	233	64	227	1.99e-12	69.7	YP_003517787.1 helicase-2 [Lymantria xylina nucleopolyhedrovirus]
TRINITY_DN205946_c0_g2_i1	NP_047686.1	29.2	185	106	6	775	233	66	229	2.00e-12	69.7	NP_047686.1 Ld-helicase-2 [Lymantria dispar multiple nucleopolyhedrovirus]
TRINITY_DN205946_c0_g2_i1	YP_009506054.1	31.5	184	100	8	775	239	65	227	2.71e-12	69.3	YP_009506054.1 helicase-2 [Clostera anastomosis granulovirus B]
TRINITY_DN205946_c0_g2_i1	YP_009046811.1	31.8	195	109	8	778	236	22	206	3.83e-12	68.9	YP_009046811.1 helicase [Armadillidium vulgare iridescent virus]
TRINITY_DN205946_c0_g2_i1	YP_001651017.1	28.6	185	105	7	775	236	37	199	1.56e-11	67.0	YP_001651017.1 helicase 2 [Orgyia leucostigma nucleopolyhedrovirus]
TRINITY_DN205938_c0_g1_i1	YP_009837586.1	55.1	107	43	3	444	124	7	108	4.87e-26	108	YP_009837586.1 anti-repressor Ant [Anoxybacillus phage A403]
TRINITY_DN205938_c0_g1_i1	YP_008770206.1	50.0	110	50	2	444	118	6	111	9.35e-26	108	YP_008770206.1 anti-repressor [Lactobacillus phage phiLdb]
TRINITY_DN205938_c0_g1_i1	YP_009097915.1	42.9	140	73	2	444	34	6	141	1.43e-25	108	YP_009097915.1 anti-repressor [Lactobacillus phage Ld25A]
TRINITY_DN205938_c0_g1_i1	YP_009324876.1	42.8	138	70	3	444	34	4	133	2.15e-25	107	YP_009324876.1 anti-repressor [Streptococcus phage phiARI0131-2]
TRINITY_DN205938_c0_g1_i1	YP_009276890.1	42.0	138	71	3	444	34	4	133	5.61e-25	105	YP_009276890.1 anti-repressor [Streptococcus phage phiARI0923]
TRINITY_DN255275_c0_g1_i1	YP_003969745.1	31.0	277	136	7	243	908	22	298	3.50e-24	108	YP_003969745.1 putative eIF-2/eIF-5B [Cafeteria roenbergensis virus BV-PW1]
TRINITY_DN255275_c0_g1_i1	YP_010803583.1	31.6	272	126	8	243	896	33	298	2.95e-22	102	YP_010803583.1 translation initiation factor aIF- 2 [Fadolivirus algeromassiliense]
TRINITY_DN255275_c0_g1_i1	YP_010778015.1	31.4	255	130	6	243	872	136	390	4.92e-20	95.9	YP_010778015.1 translation initiation factor IF-2 [Bodo saltans virus]
TRINITY_DN255275_c0_g1_i1	YP_013611268.1	28.3	283	148	7	243	932	10	290	5.99e-18	89.4	YP_013611268.1 PHD finger-like domain-containing protein 5A [Yasminevirus sp. GU-2018]
TRINITY_DN253934_c0_g1_i1	YP_010803679.1	31.3	112	74	2	218	550	36	145	3.25e-10	58.9	YP_010803679.1 molecular chaperone IbpA HSP20 family [Fadolivirus algeromassiliense]
TRINITY_DN249951_c0_g1_i1	YP_009052187.1	46.7	137	66	1	186	596	5	134	1.65e-37	134	YP_009052187.1 putative eukaryotic translation elongation factor 5A [Aureococcus anophagefferens virus]
TRINITY_DN257446_c0_g1_i2	YP_009199114.1	31.6	133	83	3	1	387	160	288	8.61e-14	72.4	YP_009199114.1 integrase [Brevibacillus phage Jenst]
TRINITY_DN257446_c0_g1_i2	YP_010357039.1	30.8	130	86	1	13	402	150	275	3.73e-10	62.0	YP_010357039.1 integrase [Polaribacter phage Leef_1]
TRINITY_DN257446_c0_g1_i2	YP_009274030.1	31.9	119	66	2	1	357	183	286	4.56e-09	58.9	YP_009274030.1 integrase [Gordonia phage McGonagall]
TRINITY_DN257446_c0_g1_i2	YP_009276110.1	35.5	110	56	2	1	330	185	279	6.14e-09	58.5	YP_009276110.1 integrase [Gordonia phage GRU3]
TRINITY_DN257446_c0_g1_i2	YP_009273614.1	36.4	110	55	2	1	330	157	251	1.29e-08	57.4	YP_009273614.1 integrase [Gordonia phage GMA5]
TRINITY_DN200025_c1_g1_i6	YP_004061441.1	44.1	506	239	12	993	2444	200	683	4.05e-116	372	YP_004061441.1 hypothetical protein BpV1_011c [Bathycoccus sp. RCC1105 virus BpV1]
TRINITY_DN200025_c1_g1_i6	YP_007676316.1	41.8	505	269	8	885	2378	86	572	3.97e-114	364	YP_007676316.1 ATP-dependent metalloprotease FtsH [Micromonas pusilla virus 12T]
TRINITY_DN200025_c1_g1_i6	YP_007674885.1	37.6	596	320	11	630	2387	21	574	8.02e-114	363	YP_007674885.1 ATP-dependent metalloprotease [Ostreococcus lucimarinus virus OlV5]
TRINITY_DN200025_c1_g1_i6	YP_009172777.1	37.8	592	316	11	630	2375	21	570	1.75e-113	362	YP_009172777.1 hypothetical protein AP053_gp017 [Ostreococcus mediterraneus virus 1]
TRINITY_DN200025_c1_g1_i6	YP_003212838.1	37.8	592	316	11	630	2375	21	570	2.45e-113	362	YP_003212838.1 hypothetical protein OTV1_014 [Ostreococcus tauri virus 1]
TRINITY_DN230643_c0_g1_i1	YP_009238942.1	47.6	126	62	2	43	408	103	228	1.68e-23	96.3	YP_009238942.1 histone H2B/H2A fusion protein [Brazilian marseillevirus]
TRINITY_DN230643_c0_g1_i1	YP_004347348.1	47.0	115	58	2	85	426	117	229	2.93e-22	93.2	YP_004347348.1 histone H2B/H2A fusion protein [Lausannevirus]
TRINITY_DN230643_c0_g1_i1	YP_009507074.1	48.9	94	48	0	85	366	122	215	3.08e-20	87.8	YP_009507074.1 histone H2B/H2A fusion protein [Tunisvirus fontaine2]
TRINITY_DN230643_c0_g1_i1	YP_009345224.1	51.6	95	45	1	85	366	114	208	3.66e-19	84.7	YP_009345224.1 histone H2B/H2A fusion protein [Noumeavirus]
TRINITY_DN218182_c0_g1_i1	YP_009701628.1	29.6	297	187	8	84	932	25	313	6.39e-37	137	YP_009701628.1 hypothetical protein F8203_gp162 [Heliothis virescens ascovirus 3f]
TRINITY_DN255453_c0_g1_i1	YP_013611207.1	46.3	121	57	4	15	359	240	358	1.40e-24	100	YP_013611207.1 methionyl-tRNA synthetase [Yasminevirus sp. GU-2018]
TRINITY_DN255453_c0_g1_i1	YP_003987159.1	38.1	126	64	5	6	359	222	341	5.04e-17	79.3	YP_003987159.1 methionyl-tRNA synthetase [Acanthamoeba polyphaga mimivirus]
TRINITY_DN255453_c0_g1_i1	YP_010777556.1	38.9	126	63	5	6	359	222	341	5.04e-17	79.3	YP_010777556.1 methionyl-tRNA synthetase [Acanthamoeba polyphaga mimivirus]
TRINITY_DN231240_c0_g1_i1	YP_009611666.1	34.8	164	99	4	220	702	9	167	2.17e-21	94.0	YP_009611666.1 translation initiation factor [Agrobacterium phage Atu_ph07]
TRINITY_DN218708_c0_g1_i1	YP_001429759.1	56.0	91	40	0	159	431	21	111	1.38e-27	102	YP_001429759.1 DNA binding protein [Bacillus phage 0305phi8-36]
TRINITY_DN218708_c0_g1_i1	YP_009841975.1	41.9	86	50	0	162	419	1	86	3.17e-14	67.8	YP_009841975.1 DNA binding protein [Serratia phage vB_SmaA_3M]
TRINITY_DN218708_c0_g1_i1	YP_007349083.1	41.9	86	50	0	162	419	1	86	4.46e-14	67.4	YP_007349083.1 DNA binding protein [Serratia phage phiMAM1]
TRINITY_DN218708_c0_g1_i1	YP_009838384.1	32.6	92	59	2	162	431	1	91	1.27e-06	47.8	YP_009838384.1 IHF protein [Vibrio phage YC]
TRINITY_DN244783_c0_g1_i1	YP_010769290.1	45.0	100	53	1	42	341	14	111	1.26e-28	103	YP_010769290.1 hypothetical protein QIJ94_gp1 [ssRNA phage SRR5466337_2]
TRINITY_DN244783_c0_g1_i1	YP_009831892.1	42.3	97	55	1	48	338	7	102	1.18e-27	100	YP_009831892.1 thioredoxin domain [Streptomyces phage BRock]
TRINITY_DN244783_c0_g1_i1	YP_009004745.1	38.2	89	54	1	78	341	14	102	2.81e-16	71.6	YP_009004745.1 hypothetical protein CH29_gp44 [Achromobacter phage JWAlpha]
TRINITY_DN244783_c0_g1_i1	YP_009873789.1	35.8	95	54	3	57	338	5	93	8.51e-16	70.1	YP_009873789.1 thioredoxin [Tenacibaculum phage PTm1]
TRINITY_DN244783_c0_g1_i1	YP_013611467.1	29.1	103	69	2	48	347	5	106	2.98e-15	69.7	YP_013611467.1 thioredoxin [Yasminevirus sp. GU-2018]
TRINITY_DN231914_c0_g1_i1	YP_009001035.1	32.5	200	99	10	355	858	23	218	3.79e-14	78.2	YP_009001035.1 PDZ serine protease [Pithovirus sibericum]
TRINITY_DN231914_c0_g1_i1	YP_009352826.1	28.7	286	154	18	394	1164	10	274	1.93e-09	63.2	YP_009352826.1 Serine protease, DegP/HtrA, do-like [Kaumoebavirus]
TRINITY_DN205704_c0_g1_i1	YP_013611805.1	32.8	201	131	4	1898	2500	402	598	5.00e-24	111	YP_013611805.1 ABC transporter [Yasminevirus sp. GU-2018]
TRINITY_DN205704_c0_g1_i1	YP_010778212.1	24.6	415	286	11	1286	2500	156	553	3.76e-20	99.0	YP_010778212.1 multidrug export ATPase/permease [Bodo saltans virus]
TRINITY_DN205704_c0_g1_i1	YP_009015548.1	26.8	198	129	4	1919	2500	2	187	4.76e-13	72.4	YP_009015548.1 ABC transporter [Bacillus phage G]
TRINITY_DN205704_c0_g1_i1	YP_013611165.1	27.6	196	110	6	1949	2509	485	657	6.15e-10	66.6	YP_013611165.1 hypothetical protein YASMINEVIRUS_810 [Yasminevirus sp. GU-2018]
TRINITY_DN248846_c0_g1_i1	YP_009304998.1	40.6	286	161	3	1614	757	28	304	1.17e-64	223	YP_009304998.1 nucleocapsid protein [Wuchang Cockroach Virus 1]
TRINITY_DN248846_c0_g1_i1	YP_010840619.1	43.9	285	149	5	1617	766	5	279	9.01e-63	214	YP_010840619.1 MAG: nucleoprotein [hymenopteran phasma-related virus OKIAV227]
TRINITY_DN248846_c0_g1_i1	YP_010840615.1	38.7	287	165	5	1620	766	2	279	2.13e-59	205	YP_010840615.1 MAG: nucleoprotein [hymenopteran phasma-related virus OKIAV228]
TRINITY_DN248846_c0_g1_i1	YP_009666983.1	39.2	291	167	5	1620	748	8	288	6.22e-56	196	YP_009666983.1 nucleoprotein [Ganda bee virus]
TRINITY_DN248846_c0_g1_i1	YP_010840014.1	36.3	303	185	5	1665	757	12	306	1.69e-50	182	YP_010840014.1 nucleocapsid protein [Coleopteran phasma-related virus OKIAV235]
TRINITY_DN217142_c0_g1_i13	YP_009120778.1	54.8	177	80	0	518	1048	4	180	1.61e-55	187	YP_009120778.1 GTP cyclohydrolase [Pandoravirus inopinatum]
TRINITY_DN217142_c0_g1_i13	YP_008318610.1	52.2	186	89	0	491	1048	252	437	6.86e-53	189	YP_008318610.1 GTP cyclohydrolase [Pandoravirus dulcis]
TRINITY_DN217142_c0_g1_i13	YP_008436542.1	52.2	186	89	0	491	1048	257	442	1.49e-51	185	YP_008436542.1 GTP cyclohydrolase [Pandoravirus salinus]
TRINITY_DN217142_c0_g1_i13	YP_009481660.1	53.4	176	82	0	518	1045	249	424	1.44e-48	177	YP_009481660.1 GTP cyclohydrolase [Pandoravirus neocaledonia]
TRINITY_DN217142_c0_g1_i13	YP_009480731.1	52.3	176	84	0	518	1045	248	423	1.37e-46	171	YP_009480731.1 GTP cyclohydrolase [Pandoravirus macleodensis]
TRINITY_DN248997_c0_g1_i1	YP_006987334.1	35.0	725	328	9	670	2838	180	763	1.80e-130	416	YP_006987334.1 ATP-dependent protease [Cronobacter phage vB_CsaM_GAP32]
TRINITY_DN248997_c0_g1_i1	YP_010842962.1	33.4	713	331	9	703	2835	9	579	4.48e-130	410	YP_010842962.1 ATP-dependent protease [Klebsiella phage K64-1]
TRINITY_DN248997_c0_g1_i1	YP_007007224.1	33.4	713	331	9	703	2835	181	751	6.20e-128	410	YP_007007224.1 ATP-dependent protease [Klebsiella phage vB_KleM_RaK2]
TRINITY_DN248997_c0_g1_i1	YP_009594775.1	34.7	715	324	8	700	2838	191	764	3.25e-125	402	YP_009594775.1 ATP-dependent protease [Pectobacterium phage vB_PcaM_CBB]
TRINITY_DN248997_c0_g1_i1	YP_009599730.1	34.6	710	321	8	712	2835	194	762	1.26e-123	398	YP_009599730.1 ATP-dependent protease [Serratia phage BF]
TRINITY_DN233278_c0_g1_i1	NP_598374.1	66.7	57	19	0	84	254	74	130	1.57e-15	69.7	NP_598374.1 ubiquitin-like protein [Murine osteosarcoma virus]
TRINITY_DN242288_c0_g1_i1	YP_009449055.1	42.9	91	50	2	10	279	224	313	8.24e-14	68.6	YP_009449055.1 ribonucleotide reductase large subunit [Orpheovirus IHUMI-LCC2]
TRINITY_DN246886_c0_g1_i1	YP_009310277.1	41.7	60	35	0	109	288	11	70	3.04e-07	47.8	YP_009310277.1 ubiquitin [Golden Marseillevirus]
TRINITY_DN246886_c0_g1_i1	YP_010805497.1	43.3	60	34	0	109	288	11	70	5.72e-07	47.4	YP_010805497.1 ubiquitin [Erannis ankeraria nucleopolyhedrovirus]
TRINITY_DN246886_c0_g1_i1	YP_009001809.1	41.7	60	35	0	109	288	11	70	1.30e-06	46.2	YP_009001809.1 ubiquitin [Buzura suppressaria nucleopolyhedrovirus]
TRINITY_DN246886_c0_g1_i1	YP_009325828.1	40.0	60	36	0	109	288	13	72	1.45e-06	46.2	YP_009325828.1 Ubiquitin [Only Syngen Nebraska virus 5]
TRINITY_DN246886_c0_g1_i1	YP_009506923.1	40.0	60	36	0	109	288	11	70	1.67e-06	45.8	YP_009506923.1 ubiquitin family protein [Tunisvirus fontaine2]
TRINITY_DN226129_c0_g1_i1	YP_009238942.1	54.1	98	45	0	124	417	114	211	1.44e-21	92.4	YP_009238942.1 histone H2B/H2A fusion protein [Brazilian marseillevirus]
TRINITY_DN226129_c0_g1_i1	YP_009507074.1	46.2	117	61	1	139	483	123	239	1.71e-20	89.7	YP_009507074.1 histone H2B/H2A fusion protein [Tunisvirus fontaine2]
TRINITY_DN226129_c0_g1_i1	YP_004347348.1	55.3	94	41	1	142	420	119	212	1.73e-20	89.7	YP_004347348.1 histone H2B/H2A fusion protein [Lausannevirus]
TRINITY_DN226129_c0_g1_i1	YP_009345224.1	55.9	93	40	1	142	417	116	208	3.83e-19	85.9	YP_009345224.1 histone H2B/H2A fusion protein [Noumeavirus]
TRINITY_DN226129_c0_g1_i1	YP_003407138.1	52.2	92	44	0	142	417	87	178	7.78e-18	82.0	YP_003407138.1 histone H2B/H2A fusion protein [Marseillevirus marseillevirus]
TRINITY_DN244206_c0_g1_i1	YP_007676013.1	31.6	95	61	2	232	510	45	137	5.19e-06	47.8	YP_007676013.1 Hsp20 heat shock protein [Vibrio phage PWH3a-P1]
TRINITY_DN242939_c0_g1_i1	YP_012611809.1	36.8	95	59	1	417	698	63	157	6.21e-11	62.0	YP_012611809.1 integral membrane protein [Escherichia phage vB_EcoM-613R3]
TRINITY_DN242901_c0_g1_i1	YP_009323093.1	38.2	173	102	5	189	704	4	172	3.47e-26	105	YP_009323093.1 DprA-like DNA recombination-mediator protein [Synechococcus phage S-CAM7]
TRINITY_DN242901_c0_g1_i1	YP_010669142.1	34.6	179	109	5	189	713	33	207	5.37e-21	90.9	YP_010669142.1 hypothetical protein PQC09_gp127 [Synechococcus phage S-N03]
TRINITY_DN242901_c0_g1_i1	YP_010670711.1	33.0	179	112	5	189	713	34	208	7.49e-21	90.5	YP_010670711.1 hypothetical protein PQC15_gp172 [Synechococcus phage S-H34]
TRINITY_DN214097_c0_g1_i13	YP_009408355.1	29.3	307	196	6	417	1337	21	306	3.85e-33	138	YP_009408355.1 BTB kelch domain protein [Murmansk poxvirus]
TRINITY_DN214097_c0_g1_i13	YP_009408555.1	28.6	318	206	6	384	1337	10	306	2.95e-32	135	YP_009408555.1 BTB kelch domain protein [NY_014 poxvirus]
TRINITY_DN214097_c0_g1_i13	NP_619802.1	24.5	306	193	6	429	1337	5	275	1.21e-19	96.7	NP_619802.1 CPXV013 protein [Cowpox virus]
TRINITY_DN214097_c0_g1_i13	NP_619985.1	19.0	336	244	8	420	1364	1	329	6.38e-10	65.9	NP_619985.1 CPXV204 protein [Cowpox virus]
TRINITY_DN214097_c0_g1_i13	YP_010085856.1	18.2	336	247	7	420	1364	1	329	1.47e-09	64.7	YP_010085856.1 putative B10R protein [Orthopoxvirus Abatino]
TRINITY_DN236751_c0_g1_i2	YP_009324375.1	84.8	355	50	1	503	1567	2	352	8.79e-218	635	YP_009324375.1 photosystem II D1 [Synechococcus phage S-WAM2]
TRINITY_DN236751_c0_g1_i2	YP_003097254.1	84.5	355	52	1	503	1567	2	353	2.56e-217	634	YP_003097254.1 photosystem II D1 [Synechococcus phage S-RSM4]
TRINITY_DN236751_c0_g1_i2	YP_010669555.1	84.5	355	51	1	503	1567	2	352	4.91e-217	633	YP_010669555.1 photosystem II D1 [Synechococcus phage S-H9-1]
TRINITY_DN236751_c0_g1_i2	YP_009133529.1	87.3	338	43	0	554	1567	14	351	3.74e-216	631	YP_009133529.1 photosystem II D1 [Synechococcus phage ACG-2014d]
TRINITY_DN236751_c0_g1_i2	YP_010355357.1	87.3	338	43	0	554	1567	14	351	3.74e-216	631	YP_010355357.1 photosystem II D1 [Synechococcus phage ACG-2014d]
TRINITY_DN246792_c0_g1_i1	YP_009903648.1	36.0	75	47	1	131	355	5	78	5.59e-09	52.4	YP_009903648.1 acyl carrier protein [Achromobacter phage Motura]
TRINITY_DN246792_c0_g1_i1	YP_009623763.1	52.2	46	22	0	221	358	92	137	7.07e-08	50.8	YP_009623763.1 Acyl carrier protein [Yersinia phage fHe-Yen9-04]
TRINITY_DN246792_c0_g1_i1	YP_009594703.1	36.8	68	39	1	152	355	75	138	2.00e-06	47.0	YP_009594703.1 acyl carrier protein [Pectobacterium phage vB_PcaM_CBB]
TRINITY_DN258112_c0_g1_i1	YP_009904145.1	49.5	105	50	2	210	518	4	107	7.71e-31	112	YP_009904145.1 thioredoxin domain [Burkholderia phage BcepSaruman]
TRINITY_DN258112_c0_g1_i1	YP_009904591.1	48.6	105	51	2	210	518	4	107	4.35e-30	110	YP_009904591.1 thioredoxin domain [Burkholderia phage BcepSauron]
TRINITY_DN258112_c0_g1_i1	YP_009831892.1	47.3	93	48	1	210	488	4	95	4.84e-25	97.1	YP_009831892.1 thioredoxin domain [Streptomyces phage BRock]
TRINITY_DN258112_c0_g1_i1	YP_009786291.1	34.9	83	54	0	270	518	21	103	2.97e-15	71.6	YP_009786291.1 thioredoxin domain [Staphylococcus phage vB_SscM-1]
TRINITY_DN258112_c0_g1_i1	YP_010803138.1	37.6	85	49	2	210	455	3	86	4.99e-13	66.2	YP_010803138.1 thioredoxin [Fadolivirus algeromassiliense]
TRINITY_DN258156_c0_g1_i1	YP_009482227.1	58.7	126	47	2	34	399	56	180	1.05e-37	130	YP_009482227.1 Histone H2B domain containing protein [Pandoravirus neocaledonia]
TRINITY_DN258156_c0_g1_i1	YP_009481299.1	67.7	96	31	0	112	399	84	179	1.44e-37	129	YP_009481299.1 Histone H2B domain containing protein [Pandoravirus macleodensis]
TRINITY_DN258156_c0_g1_i1	YP_009483470.1	62.6	99	37	0	103	399	81	179	7.52e-36	125	YP_009483470.1 Histone H2B domain containing protein [Pandoravirus quercus]
TRINITY_DN258156_c0_g1_i1	YP_008319525.2	61.6	99	38	0	103	399	83	181	1.09e-35	125	YP_008319525.2 Histone H2B domain containing protein [Pandoravirus dulcis]
TRINITY_DN258156_c0_g1_i1	YP_008437980.1	66.7	87	29	0	139	399	97	183	1.04e-33	120	YP_008437980.1 Histone H2B domain [Pandoravirus salinus]
TRINITY_DN255922_c0_g1_i1	YP_009301715.1	84.0	351	56	0	67	1119	1	351	3.78e-229	631	YP_009301715.1 photosystem II D1 [Cyanophage S-RIM32]
TRINITY_DN255922_c0_g1_i1	YP_010669861.1	83.7	350	57	0	70	1119	3	352	3.21e-228	629	YP_010669861.1 photosystem II protein D1 [Synechococcus phage S-SCSM1]
TRINITY_DN255922_c0_g1_i1	YP_010670354.1	84.2	349	55	0	73	1119	4	352	3.21e-228	629	YP_010670354.1 photosystem II protein D1 [Synechococcus phage S-H38]
TRINITY_DN255922_c0_g1_i1	YP_009783122.1	83.8	351	57	0	67	1119	1	351	1.26e-227	627	YP_009783122.1 photosystem II D1 [Synechococcus phage S-RIM8]
TRINITY_DN255922_c0_g1_i1	YP_007518291.1	83.8	351	57	0	67	1119	1	351	1.26e-227	627	YP_007518291.1 photosystem II D1 [Synechococcus phage S-RIM8 A.HR1]
TRINITY_DN243230_c0_g1_i1	YP_010804808.1	31.2	295	177	8	273	1142	20	293	2.30e-39	148	YP_010804808.1 ribonucleotide reductase small subunit [Acanthamoeba castellanii medusavirus]
TRINITY_DN243230_c0_g1_i1	YP_009408420.1	28.4	320	200	8	273	1223	14	307	1.49e-37	143	YP_009408420.1 ribonucleotide reductase small subunit [NY_014 poxvirus]
TRINITY_DN243230_c0_g1_i1	YP_009407970.1	29.8	319	196	8	273	1220	16	309	4.31e-37	142	YP_009407970.1 Ribonucleotide reductase small subunit [Eptesipox virus]
TRINITY_DN243230_c0_g1_i1	NP_938276.1	28.4	320	201	8	273	1223	18	312	6.10e-37	142	NP_938276.1 20L [Yaba monkey tumor virus]
TRINITY_DN243230_c0_g1_i1	YP_009143350.1	28.3	322	202	7	273	1229	14	309	1.95e-36	140	YP_009143350.1 Ribonucleotide reductase small subunit protein [Raccoonpox virus]
TRINITY_DN243275_c0_g1_i1	YP_010359392.1	24.6	183	131	2	199	744	3	179	3.26e-12	70.1	YP_010359392.1 RNA polymerase sigma-W factor [uncultured phage cr77_1]
TRINITY_DN243275_c0_g1_i1	YP_009001035.1	34.6	182	83	8	2993	3445	42	218	6.00e-12	73.6	YP_009001035.1 PDZ serine protease [Pithovirus sibericum]
TRINITY_DN243275_c0_g1_i1	YP_009352826.1	29.8	168	105	7	2972	3445	5	169	3.83e-09	64.3	YP_009352826.1 Serine protease, DegP/HtrA, do-like [Kaumoebavirus]
TRINITY_DN243275_c0_g1_i1	YP_009189470.1	28.1	167	112	3	253	750	23	182	8.27e-07	54.3	YP_009189470.1 RNA polymerase sigma factor [Sinorhizobium phage phiM9]
TRINITY_DN236579_c0_g1_i1	YP_009507789.1	35.8	162	100	2	128	613	3	160	6.47e-28	108	YP_009507789.1 p21 v-has transforming protein [Harvey murine sarcoma virus]
TRINITY_DN236579_c0_g1_i1	YP_009507788.1	35.5	166	103	2	116	613	51	212	8.35e-28	110	YP_009507788.1 protein p30 [Harvey murine sarcoma virus]
TRINITY_DN206880_c0_g1_i1	YP_010789616.1	47.1	70	34	1	190	399	3	69	1.03e-10	65.9	YP_010789616.1 DnaJ-like protein [Moumouvirus australiensis]
TRINITY_DN206880_c0_g1_i1	YP_010779699.1	43.7	71	37	1	187	399	2	69	3.29e-10	64.3	YP_010779699.1 hypothetical protein QJ854_gp318 [Moumouvirus goulette]
TRINITY_DN206880_c0_g1_i1	YP_007354262.1	44.3	70	36	1	190	399	3	69	7.83e-10	63.2	YP_007354262.1 DnaJ-like protein [Acanthamoeba polyphaga moumouvirus]
TRINITY_DN206880_c0_g1_i1	YP_010777173.1	38.0	71	42	1	187	399	5	73	1.84e-08	58.9	YP_010777173.1 DnaJ-like protein [Acanthamoeba polyphaga mimivirus]
TRINITY_DN206880_c0_g1_i1	YP_003986758.1	36.6	71	43	1	187	399	5	73	2.45e-08	58.5	YP_003986758.1 DnaJ-like protein [Acanthamoeba polyphaga mimivirus]
TRINITY_DN236263_c0_g1_i1	YP_010654895.1	29.1	316	192	9	842	1753	17	312	9.08e-24	106	YP_010654895.1 helix-turn-helix DNA binding protein [Gordonia phage Howe]
TRINITY_DN236263_c0_g1_i1	YP_009219397.1	26.5	343	207	13	800	1753	11	333	5.69e-22	101	YP_009219397.1 transcriptional regulator (endogenous virus) [Clostridium phage phiCT9441A]
TRINITY_DN244077_c0_g1_i1	NP_598374.1	65.5	58	19	1	86	259	74	130	5.07e-15	70.5	NP_598374.1 ubiquitin-like protein [Murine osteosarcoma virus]
TRINITY_DN242325_c0_g1_i1	NP_620541.1	27.3	768	455	21	433	2613	102	807	4.28e-52	204	NP_620541.1 RNA-dependent RNA polymerase [Rice ragged stunt virus]
TRINITY_DN242325_c0_g1_i1	YP_005255241.1	26.7	731	425	21	478	2574	122	773	1.57e-40	167	YP_005255241.1 S2 gene product [Spissistilus festinus reovirus]
TRINITY_DN242325_c0_g1_i1	YP_001883321.1	25.5	722	450	24	508	2604	109	765	9.10e-39	161	YP_001883321.1 p3 [Cypovirus 5]
TRINITY_DN242325_c0_g1_i1	NP_149147.1	26.3	757	485	22	433	2661	103	800	1.60e-38	160	NP_149147.1 RNA-dependent RNA polymerase [Cypovirus 1]
TRINITY_DN242325_c0_g1_i1	YP_003934919.1	23.6	1217	754	36	433	3948	99	1184	8.39e-38	158	YP_003934919.1 RNA-dependent RNA polymerase P3a [Raspberry latent virus]
TRINITY_DN237159_c0_g1_i1	YP_010078265.1	54.2	48	21	1	213	353	1	48	5.39e-09	55.1	YP_010078265.1 transcriptional regulator [Ralstonia phage Eline]
TRINITY_DN237159_c0_g1_i1	YP_010078444.1	54.2	48	21	1	213	353	1	48	5.39e-09	55.1	YP_010078444.1 transcriptional regulator [Ralstonia phage Gerry]
TRINITY_DN237159_c0_g1_i1	YP_010078498.1	53.7	41	19	0	231	353	9	49	7.90e-07	48.9	YP_010078498.1 transcriptional regulator [Ralstonia phage Heva]
TRINITY_DN237159_c0_g1_i1	YP_010078218.1	53.7	41	19	0	231	353	9	49	7.98e-07	48.9	YP_010078218.1 transcriptional regulator [Ralstonia phage Cimandef]
TRINITY_DN230709_c0_g1_i1	YP_009611957.1	41.8	753	400	8	444	2645	20	753	9.84e-196	582	YP_009611957.1 ATP-dependent protease [Agrobacterium phage Atu_ph07]
TRINITY_DN230709_c0_g1_i1	YP_010679028.1	42.5	722	381	5	456	2609	22	713	5.01e-182	546	YP_010679028.1 porphyrin biosynthesis [Pseudomonas phage vB_PaeM_PA5oct]
TRINITY_DN230709_c0_g1_i1	YP_006987334.1	41.7	748	406	9	444	2615	16	757	1.02e-175	531	YP_006987334.1 ATP-dependent protease [Cronobacter phage vB_CsaM_GAP32]
TRINITY_DN230709_c0_g1_i1	YP_007007224.1	40.5	734	416	9	459	2615	19	746	1.46e-173	525	YP_007007224.1 ATP-dependent protease [Klebsiella phage vB_KleM_RaK2]
TRINITY_DN230709_c0_g1_i1	YP_009623838.1	40.7	745	417	9	444	2612	16	757	1.12e-171	520	YP_009623838.1 ATP-dependent protease [Yersinia phage fHe-Yen9-04]
TRINITY_DN251610_c0_g1_i1	YP_001429759.1	53.0	100	47	0	76	375	11	110	1.99e-27	100	YP_001429759.1 DNA binding protein [Bacillus phage 0305phi8-36]
TRINITY_DN251610_c0_g1_i1	YP_001111235.1	57.3	89	38	0	109	375	1	89	6.28e-27	99.0	YP_001111235.1 DNA binding protein [Burkholderia phage phiE255]
TRINITY_DN251610_c0_g1_i1	YP_516210.1	57.3	89	38	0	109	375	1	89	1.79e-26	97.8	YP_516210.1 DNA binding protein [Sodalis phage phiSG1]
TRINITY_DN251610_c0_g1_i1	YP_002221439.1	56.7	90	39	0	109	378	1	90	3.60e-26	97.1	YP_002221439.1 DNA binding protein [Burkholderia phage KS10]
TRINITY_DN251610_c0_g1_i1	YP_024677.1	56.2	89	39	0	109	375	1	89	3.60e-26	97.1	YP_024677.1 DNA binding protein [Burkholderia phage BcepMu]
TRINITY_DN230171_c0_g1_i1	YP_006987334.1	37.4	685	297	6	489	2537	191	745	2.11e-124	415	YP_006987334.1 ATP-dependent protease [Cronobacter phage vB_CsaM_GAP32]
TRINITY_DN230171_c0_g1_i1	YP_010842962.1	37.7	685	294	8	489	2537	9	562	2.40e-124	409	YP_010842962.1 ATP-dependent protease [Klebsiella phage K64-1]
TRINITY_DN230171_c0_g1_i1	YP_007007224.1	36.3	769	337	12	297	2537	97	734	7.18e-123	410	YP_007007224.1 ATP-dependent protease [Klebsiella phage vB_KleM_RaK2]
TRINITY_DN230171_c0_g1_i1	YP_009150853.1	37.3	705	301	9	441	2537	163	732	8.17e-121	404	YP_009150853.1 ATP-dependent protease [Escherichia phage PBECO4]
TRINITY_DN230171_c0_g1_i1	YP_009102168.1	37.3	705	301	9	441	2537	163	732	8.17e-121	404	YP_009102168.1 ATP-dependent protease [Escherichia phage 121Q]
TRINITY_DN203403_c0_g1_i3	YP_009483690.1	28.5	536	288	18	38	1501	27	515	1.35e-35	144	YP_009483690.1 Carboxylic ester hydrolase [Pandoravirus quercus]
TRINITY_DN203403_c0_g1_i3	YP_009119216.1	26.8	425	228	13	359	1501	1	386	1.09e-19	95.5	YP_009119216.1 carboxylesterase [Pandoravirus inopinatum]
TRINITY_DN227089_c0_g1_i1	YP_010803578.1	56.1	155	68	0	57	521	3	157	2.84e-58	182	YP_010803578.1 cyclophilin-type peptidyl-prolyl cis-trans isomerase [Fadolivirus algeromassiliense]
TRINITY_DN227089_c0_g1_i1	YP_010777996.1	49.7	159	76	2	51	524	72	227	1.96e-48	159	YP_010777996.1 cyclophilin ABH-like protein [Bodo saltans virus]
TRINITY_DN227089_c0_g1_i1	YP_009052149.1	46.7	150	76	2	75	521	71	217	1.20e-39	137	YP_009052149.1 putative cyclophilin type peptydyl-prolyl cis-trans isomerase [Aureococcus anophagefferens virus]
TRINITY_DN223546_c0_g1_i1	YP_008241920.1	31.0	129	65	5	18	392	1	109	2.89e-08	52.0	YP_008241920.1 hypothetical protein Phi10:1_gp001 [Cellulophaga phage phi10:1]
TRINITY_DN230426_c0_g1_i1	YP_001111235.1	52.2	90	42	1	110	379	1	89	1.07e-19	80.5	YP_001111235.1 DNA binding protein [Burkholderia phage phiE255]
TRINITY_DN230426_c0_g1_i1	YP_002221439.1	51.6	91	43	1	110	382	1	90	1.51e-19	80.1	YP_002221439.1 DNA binding protein [Burkholderia phage KS10]
TRINITY_DN230426_c0_g1_i1	YP_024677.1	52.2	90	42	1	110	379	1	89	1.51e-19	80.1	YP_024677.1 DNA binding protein [Burkholderia phage BcepMu]
TRINITY_DN230426_c0_g1_i1	NP_046614.1	43.3	90	50	1	110	379	1	89	3.27e-13	63.9	NP_046614.1 DNA binding protein [Bacillus phage SPBc2]
TRINITY_DN230487_c0_g1_i1	YP_010840785.1	27.8	806	475	10	2590	212	11	722	1.05e-111	362	YP_010840785.1 MAG: glycoprotein [Fushun phasmavirus 1]
TRINITY_DN230487_c0_g1_i1	YP_009304996.1	27.0	805	522	8	2554	182	28	780	1.24e-91	309	YP_009304996.1 glycoprotein precursor [Wuchang Cockroach Virus 1]
TRINITY_DN230487_c0_g1_i1	YP_010840322.1	32.7	459	290	10	1624	272	1	448	1.59e-76	260	YP_010840322.1 glycoprotein [Flen virus]
TRINITY_DN230487_c0_g1_i1	YP_009305132.1	31.1	485	321	6	1618	188	160	639	8.31e-73	254	YP_009305132.1 glycoprotein precursor [Wuhan Mosquito Virus 2]
TRINITY_DN230487_c0_g1_i1	YP_010085106.1	31.6	471	307	7	1618	227	160	622	7.40e-71	249	YP_010085106.1 glycoprotein [Culex phasma-like virus]
TRINITY_DN255150_c0_g1_i1	YP_009876632.1	29.6	179	98	6	271	795	5	159	2.62e-11	68.6	YP_009876632.1 adenylate kinase [Tenacibaculum phage pT24]
TRINITY_DN227728_c0_g1_i1	YP_003358229.2	49.3	142	72	0	44	469	1	142	3.57e-45	148	YP_003358229.2 nucleoside diphosphate kinase [Anguillid herpesvirus 1]
TRINITY_DN227728_c0_g1_i1	YP_013611090.1	45.8	142	75	2	47	466	14	155	1.20e-39	134	YP_013611090.1 nucleoside diphosphate kinase-like [Yasminevirus sp. GU-2018]
TRINITY_DN227728_c0_g1_i1	YP_010841741.1	43.4	136	72	2	44	448	1	132	5.01e-32	114	YP_010841741.1 nucleoside diphosphate kinase [Cotonvirus japonicus]
TRINITY_DN227728_c0_g1_i1	YP_003986922.1	39.8	133	75	2	44	439	1	129	5.63e-32	114	YP_003986922.1 nucleoside diphosphate kinase [Acanthamoeba polyphaga mimivirus]
TRINITY_DN227728_c0_g1_i1	YP_010776337.1	38.3	133	77	2	44	439	1	129	5.10e-31	111	YP_010776337.1 hypothetical protein QJ849_gp424 [Powai lake megavirus]
TRINITY_DN227793_c0_g1_i1	YP_009282929.1	41.7	187	105	4	4	558	7	191	1.00e-36	137	YP_009282929.1 DNA topoisomerase II large subunit [Bacillus phage AR9]
TRINITY_DN227793_c0_g1_i1	YP_009664410.1	41.7	187	105	4	4	558	7	191	1.00e-36	137	YP_009664410.1 DNA topoisomerase II large subunit [Bacillus phage PBS1]
TRINITY_DN227793_c0_g1_i1	YP_010357148.1	46.9	143	75	1	13	441	4	145	9.79e-35	131	YP_010357148.1 DNA topoisomerase II large subunit [Maribacter phage Molly_1]
TRINITY_DN227793_c0_g1_i1	YP_010357346.1	46.9	143	75	1	13	441	4	145	9.79e-35	131	YP_010357346.1 DNA topoisomerase II large subunit [Maribacter phage Colly_1]
TRINITY_DN227793_c0_g1_i1	YP_009302468.1	37.4	187	101	6	10	537	7	188	2.50e-27	110	YP_009302468.1 DNA topoisomerase II large subunit [Bacillus phage SP-15]
TRINITY_DN230033_c0_g1_i1	YP_009255063.1	29.3	321	151	16	173	988	58	351	1.22e-20	96.7	YP_009255063.1 conserved papain-like cysteine peptidase [Tokyovirus A1]
TRINITY_DN230033_c0_g1_i1	NP_059206.1	29.6	243	135	10	275	1003	133	339	1.58e-20	94.7	NP_059206.1 ORF58 [Xestia c-nigrum granulovirus]
TRINITY_DN230033_c0_g1_i1	YP_003407012.1	29.3	307	137	15	221	988	74	351	4.32e-19	92.0	YP_003407012.1 papain-like cysteine peptidase [Marseillevirus marseillevirus]
TRINITY_DN230033_c0_g1_i1	YP_009094748.1	29.3	307	137	15	221	988	74	351	4.32e-19	92.0	YP_009094748.1 conserved papain-like cysteine peptidase [Marseillevirus sp. 'Melbournevirus']
TRINITY_DN230033_c0_g1_i1	YP_009010588.1	29.9	254	123	14	338	955	111	357	4.88e-13	73.6	YP_009010588.1 Papain-like proteinase [Invertebrate iridovirus 25]
TRINITY_DN256768_c0_g1_i1	YP_009003165.1	32.8	67	45	0	137	337	11	77	2.62e-06	45.4	YP_009003165.1 putative glutaredoxin [Rhizobium phage vB_RleS_L338C]
TRINITY_DN259529_c0_g1_i1	YP_009098764.1	31.4	140	93	2	7	423	46	183	3.32e-15	76.6	YP_009098764.1 phosphoheptose isomerase [Caulobacter phage Cr30]
TRINITY_DN242819_c0_g1_i1	YP_009666148.1	56.7	379	162	2	110	1243	2	379	1.59e-151	437	YP_009666148.1 hypothetical protein FLA14_p101 [Diachasmimorpha longicaudata entomopoxvirus]
TRINITY_DN242819_c0_g1_i1	YP_010796805.1	56.7	379	162	2	110	1243	2	379	1.59e-151	437	YP_010796805.1 putative RNA helicase [Diachasmimorpha longicaudata entomopoxvirus]
TRINITY_DN242819_c0_g1_i1	YP_010803108.1	48.9	378	192	1	113	1243	16	393	3.39e-129	381	YP_010803108.1 ATP-dependent RNA helicase DEAD-box [Fadolivirus algeromassiliense]
TRINITY_DN242819_c0_g1_i1	YP_009173589.1	48.8	379	191	3	92	1222	14	391	3.63e-124	369	YP_009173589.1 Helicase 45 [Chrysochromulina ericina virus]
TRINITY_DN242819_c0_g1_i1	YP_003970003.1	41.1	377	218	2	122	1243	8	383	3.39e-105	320	YP_003970003.1 putative superfamily II helicase/eIF-4AIII [Cafeteria roenbergensis virus BV-PW1]
TRINITY_DN242884_c0_g1_i1	YP_010789939.1	24.5	163	110	2	568	1017	132	294	1.44e-06	54.3	YP_010789939.1 hypothetical protein QKC55_gp285 [Moumouvirus australiensis]
TRINITY_DN202575_c0_g1_i1	YP_010788555.1	25.9	112	70	2	1090	1395	62	170	4.50e-06	51.6	YP_010788555.1 ankyrin repeat protein [Megavirus baoshan]
TRINITY_DN244549_c0_g1_i1	YP_009665791.1	79.5	88	18	0	80	343	53	140	5.73e-44	144	YP_009665791.1 putative histone 4 [Bracoviriform glomeratae]
TRINITY_DN244549_c0_g1_i1	YP_184795.1	80.7	88	17	0	83	346	68	155	1.77e-43	143	YP_184795.1 Histone [Bracoviriform congregatae]
TRINITY_DN244549_c0_g1_i1	YP_004732864.1	33.9	62	41	0	137	322	5	66	3.19e-06	47.8	YP_004732864.1 hypothetical protein WIV_gp081 [Wiseana iridescent virus]
TRINITY_DN244549_c0_g1_i1	YP_009010674.1	33.9	62	41	0	137	322	5	66	3.19e-06	47.8	YP_009010674.1 histone H4-like [Invertebrate iridovirus 25]
TRINITY_DN249010_c0_g1_i1	YP_013610711.1	25.2	163	105	4	281	739	49	204	6.89e-07	52.8	YP_013610711.1 protein lifeguard 1-like [Yasminevirus sp. GU-2018]
TRINITY_DN207749_c0_g1_i1	YP_012611809.1	36.5	115	70	2	315	656	45	157	1.58e-07	52.4	YP_012611809.1 integral membrane protein [Escherichia phage vB_EcoM-613R3]
TRINITY_DN256971_c0_g1_i1	YP_009831892.1	48.5	99	49	2	7	300	1	98	9.08e-27	99.8	YP_009831892.1 thioredoxin domain [Streptomyces phage BRock]
TRINITY_DN256971_c0_g1_i1	YP_009904145.1	41.2	97	54	2	28	312	9	104	1.35e-21	86.7	YP_009904145.1 thioredoxin domain [Burkholderia phage BcepSaruman]
TRINITY_DN256971_c0_g1_i1	YP_009904591.1	42.3	97	53	2	28	312	9	104	1.90e-21	86.3	YP_009904591.1 thioredoxin domain [Burkholderia phage BcepSauron]
TRINITY_DN256971_c0_g1_i1	YP_010769290.1	43.0	86	47	1	34	291	20	103	5.50e-18	78.2	YP_010769290.1 hypothetical protein QIJ94_gp1 [ssRNA phage SRR5466337_2]
TRINITY_DN256971_c0_g1_i1	YP_009873789.1	41.6	77	42	1	25	255	3	76	5.40e-15	69.3	YP_009873789.1 thioredoxin [Tenacibaculum phage PTm1]
TRINITY_DN234973_c0_g1_i1	YP_004061438.1	81.2	101	19	0	2	304	205	305	4.53e-48	164	YP_004061438.1 hypothetical protein BpV1_008c [Bathycoccus sp. RCC1105 virus BpV1]
TRINITY_DN234973_c0_g1_i1	YP_007676312.1	75.7	103	25	0	2	310	204	306	5.81e-45	155	YP_007676312.1 heat shock protein 70 [Micromonas pusilla virus 12T]
TRINITY_DN234973_c0_g1_i1	YP_009173627.1	77.2	101	23	0	2	304	209	309	6.44e-45	156	YP_009173627.1 Hsp70 protein [Chrysochromulina ericina virus]
TRINITY_DN234973_c0_g1_i1	YP_010781890.1	65.0	100	35	0	5	304	22	121	2.20e-39	138	YP_010781890.1 HSP70-like protein [Tupanvirus soda lake]
TRINITY_DN234973_c0_g1_i1	YP_010779556.1	65.0	100	35	0	5	304	5	104	4.79e-39	137	YP_010779556.1 hypothetical protein QJ854_gp461 [Moumouvirus goulette]
TRINITY_DN234990_c0_g1_i1	YP_013611090.1	44.3	149	81	2	71	511	14	162	3.48e-39	134	YP_013611090.1 nucleoside diphosphate kinase-like [Yasminevirus sp. GU-2018]
TRINITY_DN234990_c0_g1_i1	YP_003358229.2	43.5	131	74	0	68	460	1	131	5.41e-34	121	YP_003358229.2 nucleoside diphosphate kinase [Anguillid herpesvirus 1]
TRINITY_DN234990_c0_g1_i1	YP_004894524.1	37.1	132	78	2	68	460	1	128	2.43e-28	105	YP_004894524.1 nucleoside diphosphate kinase [Megavirus chiliensis]
TRINITY_DN234990_c0_g1_i1	YP_010788885.1	36.4	132	79	2	68	460	1	128	6.85e-28	104	YP_010788885.1 nucleoside diphosphate kinase [Megavirus baoshan]
TRINITY_DN234990_c0_g1_i1	YP_010781943.1	34.8	132	81	2	68	460	1	128	3.85e-27	102	YP_010781943.1 hypothetical protein QJ857_gp0764 [Tupanvirus soda lake]
TRINITY_DN239036_c0_g1_i1	YP_010778841.1	37.6	93	52	1	3	263	135	227	3.39e-16	75.5	YP_010778841.1 serine/threonine protein kinase [Bodo saltans virus]
TRINITY_DN239036_c0_g1_i1	YP_010778246.1	29.9	87	58	1	6	257	154	240	1.20e-09	57.0	YP_010778246.1 serine/threonine protein kinase [Bodo saltans virus]
TRINITY_DN239036_c0_g1_i1	YP_010780357.1	36.4	88	52	2	42	299	190	275	1.28e-09	57.0	YP_010780357.1 putative serine threonine-protein kinase [Tupanvirus deep ocean]
TRINITY_DN239036_c0_g1_i1	YP_010777431.1	31.7	82	56	0	42	287	172	253	1.09e-08	54.3	YP_010777431.1 putative serine threonine-protein kinase [Acanthamoeba polyphaga mimivirus]
TRINITY_DN239036_c0_g1_i1	YP_003987031.1	31.7	82	56	0	42	287	172	253	1.48e-08	53.9	YP_003987031.1 serine-threonine kinase [Acanthamoeba polyphaga mimivirus]
TRINITY_DN223700_c0_g1_i1	YP_010840784.1	43.0	2042	1102	20	6245	189	56	2058	0.0	1554	YP_010840784.1 MAG: RNA-dependent RNA polymerase [Fushun phasmavirus 1]
TRINITY_DN223700_c0_g1_i1	YP_009304995.1	40.9	2126	1161	28	6431	186	2	2076	0.0	1481	YP_009304995.1 RNA-dependent RNA polymerase [Wuchang Cockroach Virus 1]
TRINITY_DN223700_c0_g1_i1	YP_010840616.1	40.0	2088	1186	20	6395	165	8	2039	0.0	1468	YP_010840616.1 MAG: RdRp [hymenopteran phasma-related virus OKIAV228]
TRINITY_DN223700_c0_g1_i1	YP_009666959.1	40.8	1949	1101	17	6257	456	1	1912	0.0	1437	YP_009666959.1 RNA-dependent RNA polymerase, partial [Seattle Prectang virus]
TRINITY_DN223700_c0_g1_i1	YP_009329871.1	39.7	2043	1159	20	6335	270	26	2017	0.0	1422	YP_009329871.1 RNA-dependent RNA polymerase [Hubei odonate virus 9]
TRINITY_DN225627_c0_g1_i1	YP_003970112.1	31.5	270	142	10	187	930	15	263	4.77e-20	95.1	YP_003970112.1 putative eIF-2gamma [Cafeteria roenbergensis virus BV-PW1]
TRINITY_DN225627_c0_g1_i1	YP_010803267.1	27.5	265	153	9	181	891	12	265	2.87e-16	84.0	YP_010803267.1 translation initiation factor 2 gamma subunit [Fadolivirus algeromassiliense]
TRINITY_DN225627_c0_g1_i1	YP_010778732.1	26.0	312	181	10	184	1008	6	304	9.41e-14	76.3	YP_010778732.1 eukaryotic translation initiation factor eIF-2 gamma [Bodo saltans virus]
TRINITY_DN225627_c0_g1_i1	YP_013610856.1	36.4	165	73	7	169	585	12	170	3.13e-13	74.7	YP_013610856.1 eukaryotic translation initiation factor 2 gamma subunit [Yasminevirus sp. GU-2018]
TRINITY_DN225627_c0_g1_i1	YP_010781331.1	24.8	278	141	8	190	897	19	270	1.59e-11	69.3	YP_010781331.1 translation initiation factor 2 gamma subunit [Tupanvirus soda lake]
TRINITY_DN242495_c0_g1_i1	YP_010803578.1	58.1	148	62	0	124	567	12	159	2.29e-56	180	YP_010803578.1 cyclophilin-type peptidyl-prolyl cis-trans isomerase [Fadolivirus algeromassiliense]
TRINITY_DN242495_c0_g1_i1	YP_010777996.1	51.5	163	75	2	82	567	69	228	2.50e-50	167	YP_010777996.1 cyclophilin ABH-like protein [Bodo saltans virus]
TRINITY_DN242495_c0_g1_i1	YP_009052149.1	54.5	134	57	2	100	501	67	196	5.61e-41	142	YP_009052149.1 putative cyclophilin type peptydyl-prolyl cis-trans isomerase [Aureococcus anophagefferens virus]
TRINITY_DN242494_c0_g1_i1	YP_010842031.1	28.0	671	368	22	253	1947	7	668	5.82e-47	181	YP_010842031.1 glucose-methanol-choline oxidoreductase [Cotonvirus japonicus]
TRINITY_DN242494_c0_g1_i1	YP_010789959.1	26.7	674	370	25	253	1935	12	674	2.02e-39	159	YP_010789959.1 glucose-methanol-choline oxidoreductase [Moumouvirus australiensis]
TRINITY_DN242494_c0_g1_i1	YP_007354600.1	26.2	672	376	22	253	1935	12	674	1.22e-37	153	YP_007354600.1 glucose-methanol-choline oxidoreductase [Acanthamoeba polyphaga moumouvirus]
TRINITY_DN242494_c0_g1_i1	YP_010779322.1	26.5	672	374	23	253	1935	12	674	2.18e-37	152	YP_010779322.1 oxidoreductase [Moumouvirus goulette]
TRINITY_DN242494_c0_g1_i1	YP_010777042.1	26.7	614	333	26	193	1932	29	559	2.27e-37	151	YP_010777042.1 choline dehydrogenase [Acanthamoeba polyphaga mimivirus]
TRINITY_DN11847_c0_g1_i1	YP_009509095.1	36.2	356	159	7	3461	4336	12	363	1.13e-58	210	YP_009509095.1 v-kit protein (370 aa) (1242 is 3rd base in codon) [Feline sarcoma virus (STRAIN HARDY-ZUCKERMAN 4)]
TRINITY_DN11847_c0_g1_i1	NP_042289.1	38.4	315	169	5	3497	4393	243	548	8.80e-57	211	NP_042289.1 P68 protein [UR2 sarcoma virus]
TRINITY_DN11847_c0_g1_i1	YP_009508243.1	36.2	356	159	7	3461	4336	425	776	5.07e-55	210	YP_009508243.1 unnamed protein product [Feline sarcoma virus (STRAIN HARDY-ZUCKERMAN 4)]
TRINITY_DN11847_c0_g1_i1	NP_955595.1	37.4	310	161	9	3488	4417	120	396	4.09e-53	204	NP_955595.1 ABL [Abelson murine leukemia virus]
TRINITY_DN11847_c0_g1_i1	NP_057866.1	37.4	310	161	9	3488	4417	355	631	3.92e-52	204	NP_057866.1 p120 Gag-Abl polyprotein [Abelson murine leukemia virus]
TRINITY_DN66635_c0_g1_i4	YP_008052571.1	43.4	235	130	2	544	1242	135	368	1.79e-52	189	YP_008052571.1 ATP-dependent zinc metalloprotease [Phaeocystis globosa virus]
TRINITY_DN66635_c0_g1_i4	YP_004061441.1	42.6	237	135	1	544	1254	224	459	1.71e-48	179	YP_004061441.1 hypothetical protein BpV1_011c [Bathycoccus sp. RCC1105 virus BpV1]
TRINITY_DN66635_c0_g1_i4	YP_009172504.1	38.7	253	154	1	523	1281	135	386	6.43e-48	176	YP_009172504.1 hypothetical protein APZ24_gp013 [Ostreococcus lucimarinus virus 2]
TRINITY_DN66635_c0_g1_i4	YP_007674885.1	38.4	255	156	1	550	1314	144	397	8.76e-48	176	YP_007674885.1 ATP-dependent metalloprotease [Ostreococcus lucimarinus virus OlV5]
TRINITY_DN66635_c0_g1_i4	YP_004063442.1	36.9	263	165	1	526	1314	135	396	1.65e-47	175	YP_004063442.1 putative cell division protein FtsH2 [Ostreococcus tauri virus 2]
TRINITY_DN66641_c0_g1_i2	YP_009551735.1	26.3	224	149	8	703	1362	76	287	3.92e-11	67.8	YP_009551735.1 trypsin-like protein [Esparto virus]
TRINITY_DN75227_c1_g2_i2	YP_009173309.1	39.1	110	65	2	845	1174	40	147	1.70e-20	90.9	YP_009173309.1 ubiquitin conjugating enzyme E2 [Chrysochromulina ericina virus]
TRINITY_DN75227_c1_g2_i2	YP_010803386.1	35.1	111	70	2	845	1177	43	151	1.58e-19	89.4	YP_010803386.1 ubiquitin-conjugating enzyme E2 [Fadolivirus algeromassiliense]
TRINITY_DN50686_c0_g3_i3	YP_007006794.1	26.4	220	149	3	320	979	7	213	3.39e-20	94.7	YP_007006794.1 gp187 [Sphingomonas phage PAU]
TRINITY_DN50686_c0_g3_i3	YP_009823752.1	28.2	234	148	8	317	976	1	228	1.23e-18	90.1	YP_009823752.1 putative glucose-1-phosphate thymidylyltransferase 2 [Escherichia phage vB_EcoM_Schickermooser]
TRINITY_DN50686_c0_g3_i3	YP_010356396.1	28.2	234	148	8	317	976	1	228	1.23e-18	90.1	YP_010356396.1 MAG: glucose-1-phosphate thymidylyltransferase [Dompiswa phage TSP7_1]
TRINITY_DN50686_c0_g3_i3	YP_009786549.1	27.8	230	154	7	317	976	1	228	1.01e-17	87.4	YP_009786549.1 glucose-1-phosphate thymidylyltransferase [Escherichia phage ESCO13]
TRINITY_DN50686_c0_g3_i3	YP_009787076.1	27.8	230	154	7	317	976	1	228	1.01e-17	87.4	YP_009787076.1 putative glucose-1-phosphate thymidylyltransferase 2 [Escherichia phage ESCO5]
TRINITY_DN4900_c0_g1_i1	YP_001031233.1	46.2	357	184	4	45	1103	1	353	2.55e-109	331	YP_001031233.1 innexin Vnx-b17 [Ichnoviriform fugitivi]
TRINITY_DN4900_c0_g1_i1	YP_589075.1	44.2	355	197	1	45	1106	1	355	3.00e-107	326	YP_589075.1 innexin-like protein 2 [Ichnoviriform sonorense]
TRINITY_DN4900_c0_g1_i1	YP_001031228.1	41.1	367	215	1	6	1106	3	368	5.86e-107	326	YP_001031228.1 innexin Vnx-d5.1 [Ichnoviriform fugitivi]
TRINITY_DN4900_c0_g1_i1	YP_001031223.1	43.9	358	192	3	45	1106	1	353	1.47e-103	317	YP_001031223.1 innexin Vnx-c16 [Ichnoviriform fugitivi]
TRINITY_DN4900_c0_g1_i1	YP_001031226.1	43.1	350	196	2	63	1106	7	355	5.48e-96	298	YP_001031226.1 innexin Vnx-b7 [Ichnoviriform fugitivi]
TRINITY_DN4970_c0_g1_i2	NP_043933.1	29.4	412	282	3	5338	4130	291	702	3.25e-52	201	NP_043933.1 hypothetical protein [Strawberry vein banding virus]
TRINITY_DN4970_c0_g1_i2	YP_002519387.1	28.6	409	282	4	5329	4130	287	694	3.33e-49	192	YP_002519387.1 putative enzymatic polyprotein [Rudbeckia flower distortion virus]
TRINITY_DN4970_c0_g1_i2	NP_056728.1	30.0	424	276	8	5347	4130	252	672	8.21e-48	187	NP_056728.1 reverse transcriptase [Cauliflower mosaic virus]
TRINITY_DN4970_c0_g1_i2	YP_010805169.1	28.9	408	277	6	5320	4130	303	708	4.20e-47	186	YP_010805169.1 polymerase polyprotein [Metaplexis yellow mottle-associated virus]
TRINITY_DN4970_c0_g1_i2	NP_619548.1	27.7	412	288	4	5338	4130	252	662	1.78e-45	180	NP_619548.1 unnamed protein product [Figwort mosaic virus]
TRINITY_DN4991_c0_g1_i1	YP_009182100.1	29.0	297	201	5	1687	815	1868	2160	6.87e-26	116	YP_009182100.1 polyprotein [Vaccinivirus cadovaccinii]
TRINITY_DN4991_c0_g1_i1	YP_006907834.1	26.5	260	181	4	1687	938	415	674	3.64e-19	94.7	YP_006907834.1 polyprotein [Horseradish latent virus]
TRINITY_DN4991_c0_g1_i1	NP_955579.1	25.8	198	144	2	1666	1076	242	437	1.55e-14	80.1	NP_955579.1 reverse transcriptase [Feline leukemia virus]
TRINITY_DN4991_c0_g1_i1	NP_955577.1	25.8	198	144	2	1666	1076	367	562	2.16e-14	80.1	NP_955577.1 pol gene polyprotein [Feline leukemia virus]
TRINITY_DN4991_c0_g1_i1	NP_047255.1	25.8	198	144	2	1666	1076	943	1138	2.40e-14	80.1	NP_047255.1 Gag-Pro-Pol precursor polyprotein gPr80 [Feline leukemia virus]
TRINITY_DN4991_c0_g1_i11	YP_009182100.1	28.2	503	338	11	2737	1277	1665	2160	1.50e-50	199	YP_009182100.1 polyprotein [Vaccinivirus cadovaccinii]
TRINITY_DN4991_c0_g1_i11	NP_659397.1	31.0	407	270	5	2590	1400	258	663	3.86e-49	189	NP_659397.1 hypothetical protein [Mirabilis mosaic virus]
TRINITY_DN4991_c0_g1_i11	YP_006907834.1	28.2	425	286	7	2620	1400	251	674	1.31e-42	169	YP_006907834.1 polyprotein [Horseradish latent virus]
TRINITY_DN4991_c0_g1_i11	NP_619548.1	28.3	414	273	6	2593	1400	257	662	2.74e-42	168	NP_619548.1 unnamed protein product [Figwort mosaic virus]
TRINITY_DN4991_c0_g1_i11	YP_009552737.1	26.6	421	285	8	2596	1400	1409	1827	1.11e-31	138	YP_009552737.1 polyprotein [Birch leaf roll-associated virus]
TRINITY_DN4991_c0_g1_i21	YP_009182100.1	30.1	339	226	6	1813	815	1827	2160	8.68e-34	141	YP_009182100.1 polyprotein [Vaccinivirus cadovaccinii]
TRINITY_DN4991_c0_g1_i21	YP_006907834.1	27.2	302	209	5	1813	938	374	674	3.21e-25	114	YP_006907834.1 polyprotein [Horseradish latent virus]
TRINITY_DN4991_c0_g1_i21	YP_010804325.1	27.8	313	201	8	1813	938	1297	1605	1.25e-21	103	YP_010804325.1 p194 [Agapanthus tungrovirus]
TRINITY_DN4991_c0_g1_i21	YP_009552737.1	25.7	303	212	7	1813	938	1527	1827	2.42e-18	93.2	YP_009552737.1 polyprotein [Birch leaf roll-associated virus]
TRINITY_DN4991_c0_g1_i21	YP_009254008.1	26.3	350	198	10	1813	938	324	671	1.72e-13	77.0	YP_009254008.1 putative aspartic protease [Water chestnut soymovirus 1]
TRINITY_DN4914_c0_g1_i1	YP_010796961.1	44.8	87	48	0	271	11	461	547	1.67e-16	85.9	YP_010796961.1 PolB [Mayetiola barley midge adintovirus]
TRINITY_DN4914_c0_g1_i3	YP_010796961.1	43.4	567	308	7	4718	3048	621	1184	1.56e-131	445	YP_010796961.1 PolB [Mayetiola barley midge adintovirus]
TRINITY_DN4914_c0_g1_i3	YP_010796965.1	40.3	233	136	3	1966	1274	1	232	4.54e-62	215	YP_010796965.1 FtsK [Mayetiola barley midge adintovirus]
TRINITY_DN4914_c0_g1_i3	YP_010796970.1	46.3	255	133	3	2923	2165	6	258	1.47e-61	216	YP_010796970.1 integrase [Mayetiola barley midge adintovirus]
TRINITY_DN4914_c0_g1_i3	YP_184883.1	48.1	185	95	1	1882	1328	27	210	3.46e-60	218	YP_184883.1 unnamed protein product [Bracoviriform congregatae]
TRINITY_DN4914_c0_g1_i3	YP_184882.1	49.1	212	104	3	2923	2291	8	216	1.07e-53	191	YP_184882.1 hypothetical protein CcBV_31.2 [Bracoviriform congregatae]
TRINITY_DN4914_c0_g1_i4	YP_010796961.1	44.6	354	191	3	4267	3221	621	974	1.41e-83	305	YP_010796961.1 PolB [Mayetiola barley midge adintovirus]
TRINITY_DN4914_c0_g1_i4	YP_010796965.1	40.3	233	136	3	1966	1274	1	232	5.97e-62	215	YP_010796965.1 FtsK [Mayetiola barley midge adintovirus]
TRINITY_DN4914_c0_g1_i4	YP_010796970.1	46.3	255	133	3	2923	2165	6	258	1.95e-61	216	YP_010796970.1 integrase [Mayetiola barley midge adintovirus]
TRINITY_DN4914_c0_g1_i4	YP_184883.1	48.1	185	95	1	1882	1328	27	210	4.72e-60	218	YP_184883.1 unnamed protein product [Bracoviriform congregatae]
TRINITY_DN4914_c0_g1_i4	YP_184882.1	49.1	212	104	3	2923	2291	8	216	1.40e-53	191	YP_184882.1 hypothetical protein CcBV_31.2 [Bracoviriform congregatae]
TRINITY_DN4925_c2_g1_i15	YP_013611465.1	47.1	138	67	2	142	552	378	510	1.07e-21	103	YP_013611465.1 hypothetical protein YASMINEVIRUS_1149 [Yasminevirus sp. GU-2018]
TRINITY_DN4925_c2_g1_i15	YP_010781341.1	40.7	140	71	4	136	555	141	268	1.62e-16	84.0	YP_010781341.1 copine [Tupanvirus soda lake]
TRINITY_DN16477_c0_g1_i2	YP_009052252.1	48.0	300	148	3	390	1271	2	299	4.96e-94	295	YP_009052252.1 NinI-like serine-threonine phosphatase [Aureococcus anophagefferens virus]
TRINITY_DN16477_c0_g1_i2	YP_010778752.1	29.8	342	198	10	387	1292	23	362	2.87e-30	126	YP_010778752.1 serine/threonine-protein phosphatase [Bodo saltans virus]
TRINITY_DN16477_c0_g1_i2	YP_010778827.1	27.9	298	158	9	468	1217	190	478	6.86e-25	112	YP_010778827.1 serine/threonine-protein phosphatase [Bodo saltans virus]
TRINITY_DN16429_c0_g1_i4	NP_938393.1	39.2	222	133	2	285	947	79	299	3.06e-49	176	NP_938393.1 142R [Yaba monkey tumor virus]
TRINITY_DN16429_c0_g1_i4	NP_659709.1	39.8	221	130	3	291	950	79	297	1.95e-47	171	NP_659709.1 Ser/Thr protein kinase, DNA replication [Sheeppox virus]
TRINITY_DN16429_c0_g1_i4	YP_001293330.1	38.8	227	136	3	291	968	79	303	5.19e-47	170	YP_001293330.1 hypothetical protein GTPV_gp132 [Goatpox virus Pellor]
TRINITY_DN16429_c0_g1_i4	NP_150573.1	38.8	227	136	3	291	968	79	303	9.98e-47	169	NP_150573.1 LSDV139 putative ser/thr protein kinase [Lumpy skin disease virus NI-2490]
TRINITY_DN16429_c0_g1_i4	YP_009177175.1	40.1	232	128	5	276	968	78	299	1.21e-46	169	YP_009177175.1 Ser/Thr protein kinase [Turkeypox virus]
TRINITY_DN16429_c0_g1_i7	NP_938393.1	39.3	140	84	1	576	995	79	217	7.96e-29	115	NP_938393.1 142R [Yaba monkey tumor virus]
TRINITY_DN16429_c0_g1_i7	NP_073527.1	39.3	140	84	1	576	995	79	217	5.69e-27	110	NP_073527.1 142R protein [Yaba-like disease virus]
TRINITY_DN16429_c0_g1_i7	NP_039175.1	40.7	140	80	3	576	995	81	217	5.03e-26	108	NP_039175.1 serine/threonine protein kinase [Fowlpox virus]
TRINITY_DN16429_c0_g1_i7	YP_009448137.1	40.0	140	81	3	576	995	81	217	5.03e-26	108	YP_009448137.1 serine/threonine protein kinase [Flamingopox virus FGPVKD09]
TRINITY_DN16429_c0_g1_i7	YP_009177175.1	37.8	143	86	3	567	995	78	217	1.24e-24	104	YP_009177175.1 Ser/Thr protein kinase [Turkeypox virus]
TRINITY_DN16414_c2_g2_i3	YP_013611155.1	32.6	387	208	11	370	1455	1	359	1.15e-48	186	YP_013611155.1 hypothetical protein YASMINEVIRUS_800 [Yasminevirus sp. GU-2018]
TRINITY_DN16414_c2_g2_i3	YP_010783088.1	27.7	430	236	16	457	1641	5	394	1.28e-21	102	YP_010783088.1 arylsulfatase [Tetraselmis virus 1]
TRINITY_DN99303_c0_g1_i3	YP_006988523.1	35.2	384	231	10	567	1715	12	378	1.22e-55	196	YP_006988523.1 tRNA nucleotidyltransferase [Caulobacter phage CcrColossus]
TRINITY_DN99303_c0_g1_i3	YP_009611683.1	33.9	398	221	9	552	1718	1	365	3.05e-52	187	YP_009611683.1 tRNA nucleotidyltransferase [Agrobacterium phage Atu_ph07]
TRINITY_DN99303_c0_g1_i3	YP_009230336.1	34.5	220	121	9	609	1238	25	231	2.50e-20	97.4	YP_009230336.1 tRNA nucleotidyltransferase [Acidianus tailed spindle virus]
TRINITY_DN99303_c0_g1_i3	YP_010056736.1	32.9	231	136	6	576	1238	9	230	6.42e-20	95.5	YP_010056736.1 tRNA nucleotidyltransferase [Mycobacterium phage Phabba]
TRINITY_DN99303_c0_g1_i3	YP_010093040.1	26.6	282	173	12	609	1409	3	265	2.62e-14	77.8	YP_010093040.1 tRNA nucleotidyltransferase [Aeromonas phage Ah1]
TRINITY_DN6940_c0_g1_i1	YP_654536.1	30.1	73	51	0	390	172	340	412	3.43e-07	51.6	YP_654536.1 EGT [Choristoneura fumiferana granulovirus]
TRINITY_DN6904_c0_g1_i18	YP_010803051.1	29.6	274	161	7	1007	1768	16	277	7.50e-26	115	YP_010803051.1 serine/threonine-protein kinase [Fadolivirus algeromassiliense]
TRINITY_DN6904_c0_g1_i18	YP_010779412.1	32.4	225	121	5	1007	1597	14	235	7.37e-24	106	YP_010779412.1 kinase [Moumouvirus goulette]
TRINITY_DN6904_c0_g1_i18	YP_010778841.1	28.6	276	172	8	1007	1780	9	277	7.61e-22	103	YP_010778841.1 serine/threonine protein kinase [Bodo saltans virus]
TRINITY_DN6904_c0_g1_i18	YP_010789881.1	32.5	228	117	7	1007	1597	14	235	1.20e-21	102	YP_010789881.1 serine/threonine protein kinase [Moumouvirus australiensis]
TRINITY_DN6904_c0_g1_i18	YP_009448289.1	31.3	217	139	6	992	1642	4	210	4.45e-21	102	YP_009448289.1 serine-threonine kinase [Orpheovirus IHUMI-LCC2]
TRINITY_DN37194_c0_g1_i2	YP_009507248.1	37.1	116	71	1	480	133	889	1002	5.13e-18	83.2	YP_009507248.1 ORF B [Trichoplusia ni TED virus]
TRINITY_DN37156_c1_g1_i41	YP_009173627.1	31.0	503	318	11	212	1708	12	489	9.98e-54	203	YP_009173627.1 Hsp70 protein [Chrysochromulina ericina virus]
TRINITY_DN37156_c1_g1_i41	YP_003970036.1	30.4	490	314	11	182	1642	1	466	2.36e-52	198	YP_003970036.1 putative DnaK/Hsp70 [Cafeteria roenbergensis virus BV-PW1]
TRINITY_DN37156_c1_g1_i41	YP_007676312.1	29.2	510	318	14	212	1708	7	484	1.70e-48	186	YP_007676312.1 heat shock protein 70 [Micromonas pusilla virus 12T]
TRINITY_DN37156_c1_g1_i41	YP_004061438.1	31.3	393	249	8	212	1381	7	381	2.50e-48	186	YP_004061438.1 hypothetical protein BpV1_008c [Bathycoccus sp. RCC1105 virus BpV1]
TRINITY_DN37156_c1_g1_i41	YP_010779705.1	28.2	397	260	8	203	1360	23	405	4.55e-38	157	YP_010779705.1 hypothetical protein QJ854_gp312 [Moumouvirus goulette]
TRINITY_DN32501_c0_g1_i1	YP_009591141.1	47.2	53	28	0	224	382	219	271	2.26e-06	48.9	YP_009591141.1 helicase [Flavobacterium phage FCV-1]
TRINITY_DN32526_c1_g2_i16	YP_002519387.1	32.2	379	242	7	2066	3166	321	696	4.53e-50	194	YP_002519387.1 putative enzymatic polyprotein [Rudbeckia flower distortion virus]
TRINITY_DN32526_c1_g2_i16	YP_009666503.1	31.6	389	239	6	2063	3175	323	702	9.23e-47	184	YP_009666503.1 reverse transcriptase [Angelica bushy stunt virus]
TRINITY_DN32526_c1_g2_i16	NP_043933.1	26.7	409	286	6	1973	3160	295	702	3.26e-44	176	NP_043933.1 hypothetical protein [Strawberry vein banding virus]
TRINITY_DN32526_c1_g2_i16	YP_001931967.1	28.9	381	258	5	2063	3166	291	671	5.22e-44	175	YP_001931967.1 replicase [Eupatorium vein clearing virus]
TRINITY_DN32526_c1_g2_i16	YP_006607892.1	27.8	385	254	5	2063	3166	320	697	1.68e-43	174	YP_006607892.1 reverse transcriptase [Soybean Putnam virus]
TRINITY_DN47328_c0_g2_i4	YP_004956814.1	62.4	447	148	3	360	1694	3	431	6.75e-195	560	YP_004956814.1 orf66 gene product [Helicoverpa zea nudivirus 2]
TRINITY_DN47328_c0_g2_i4	NP_690491.1	62.2	447	149	3	360	1694	3	431	7.73e-194	557	NP_690491.1 glycine hydroxymethyltransferase [Heliothis zea nudivirus]
TRINITY_DN47328_c0_g2_i4	NP_932363.1	38.7	411	221	10	372	1583	3	389	2.57e-74	247	NP_932363.1 methyltransferase [Aeromonas phage 44RR2.8t]
TRINITY_DN47328_c0_g2_i4	YP_238737.1	38.8	402	215	10	372	1556	3	380	1.06e-70	238	YP_238737.1 methyltransferase [Aeromonas phage 31]
TRINITY_DN19837_c0_g1_i23	YP_010778819.1	29.6	531	322	13	91	1563	36	554	5.38e-51	194	YP_010778819.1 dynamin-like protein [Bodo saltans virus]
TRINITY_DN19837_c0_g1_i23	YP_010803668.1	28.5	526	331	15	103	1566	30	548	1.63e-43	171	YP_010803668.1 dynamin GTPase [Fadolivirus algeromassiliense]
TRINITY_DN19837_c0_g1_i23	YP_013611608.1	28.8	539	308	18	46	1476	16	540	3.16e-42	168	YP_013611608.1 dynamin family protein [Yasminevirus sp. GU-2018]
TRINITY_DN19837_c0_g1_i23	YP_010803032.1	29.7	310	193	9	175	1089	83	372	9.76e-24	110	YP_010803032.1 dynamin superfamily protein [Fadolivirus algeromassiliense]
TRINITY_DN19837_c0_g1_i23	YP_010778181.1	27.8	252	146	9	67	717	46	296	2.46e-17	90.5	YP_010778181.1 putative dynamin-1-like protein [Bodo saltans virus]
TRINITY_DN19837_c0_g1_i4	YP_010778819.1	29.6	531	322	13	91	1563	36	554	4.17e-52	194	YP_010778819.1 dynamin-like protein [Bodo saltans virus]
TRINITY_DN19837_c0_g1_i4	YP_010803668.1	28.2	536	340	15	103	1596	30	558	2.50e-44	172	YP_010803668.1 dynamin GTPase [Fadolivirus algeromassiliense]
TRINITY_DN19837_c0_g1_i4	YP_013611608.1	28.8	539	308	18	46	1476	16	540	7.14e-43	168	YP_013611608.1 dynamin family protein [Yasminevirus sp. GU-2018]
TRINITY_DN19837_c0_g1_i4	YP_010803032.1	29.7	310	193	9	175	1089	83	372	5.08e-24	110	YP_010803032.1 dynamin superfamily protein [Fadolivirus algeromassiliense]
TRINITY_DN19837_c0_g1_i4	YP_010778181.1	27.8	252	146	9	67	717	46	296	1.44e-17	90.5	YP_010778181.1 putative dynamin-1-like protein [Bodo saltans virus]
TRINITY_DN47672_c1_g1_i5	YP_009640046.1	43.7	71	39	1	254	466	50	119	7.83e-12	64.3	YP_009640046.1 hypothetical protein AV955_gp058 [Diadromus pulchellus ascovirus 4a]
TRINITY_DN74045_c3_g1_i3	YP_010781615.1	51.0	504	234	5	187	1674	14	512	2.07e-175	516	YP_010781615.1 lysine-tRNA synthetase [Tupanvirus soda lake]
TRINITY_DN74045_c3_g1_i3	YP_010780329.1	49.7	509	243	5	175	1677	10	513	4.24e-172	507	YP_010780329.1 lysine-tRNA synthetase [Tupanvirus deep ocean]
TRINITY_DN74045_c3_g1_i3	YP_010803098.1	49.1	479	240	2	241	1677	33	507	2.23e-161	479	YP_010803098.1 lysyl-tRNA ligase class II [Fadolivirus algeromassiliense]
TRINITY_DN74045_c3_g1_i3	YP_013610582.1	45.2	547	262	8	136	1689	28	565	1.07e-150	455	YP_013610582.1 lysine-tRNA ligase isoform X2 [Yasminevirus sp. GU-2018]
TRINITY_DN51688_c0_g1_i18	NP_077596.1	32.5	311	150	6	119	877	6	314	1.05e-40	159	NP_077596.1 serine-threonine kinase [Ectocarpus siliculosus virus 1]
TRINITY_DN51688_c0_g1_i18	YP_002154675.1	32.0	303	148	8	113	883	3	293	3.12e-36	145	YP_002154675.1 serine-threonine kinase [Feldmannia species virus]
TRINITY_DN51688_c0_g1_i18	YP_009665657.1	30.6	301	152	8	113	883	3	290	1.25e-32	134	YP_009665657.1 serine-threonine kinase [Feldmannia irregularis virus a]
TRINITY_DN51688_c0_g1_i18	YP_010789881.1	31.8	277	158	7	137	877	15	290	3.68e-31	130	YP_010789881.1 serine/threonine protein kinase [Moumouvirus australiensis]
TRINITY_DN51688_c0_g1_i18	YP_007354522.1	32.1	277	157	7	137	877	15	290	1.26e-30	128	YP_007354522.1 serine-threonine kinase [Acanthamoeba polyphaga moumouvirus]
TRINITY_DN25004_c1_g2_i2	YP_004347415.1	28.8	364	228	11	1092	67	148	502	2.47e-32	134	YP_004347415.1 replicase [Sweet potato collusive virus]
TRINITY_DN25004_c1_g2_i2	NP_127504.1	28.1	288	200	4	891	43	1403	1688	3.24e-27	120	NP_127504.1 ORF I polyprotein [Petunia vein clearing virus]
TRINITY_DN25004_c1_g2_i2	YP_009513242.1	28.7	279	185	4	933	121	166	438	1.92e-26	117	YP_009513242.1 pol [Rhesus macaque simian foamy virus]
TRINITY_DN25004_c1_g2_i2	YP_001956722.2	28.5	277	184	4	933	127	166	436	3.40e-26	117	YP_001956722.2 Pol precursor [African green monkey simian foamy virus]
TRINITY_DN25004_c1_g2_i2	YP_010790456.1	29.2	277	182	5	933	127	166	436	4.54e-26	116	YP_010790456.1 pol protein [Simiispumavirus macfas]
TRINITY_DN67773_c0_g1_i2	YP_013611643.1	33.7	95	48	2	425	679	136	225	1.28e-06	51.2	YP_013611643.1 TM2 domain-containing protein [Yasminevirus sp. GU-2018]
TRINITY_DN37082_c0_g1_i3	YP_002296164.1	38.1	433	240	6	311	1594	32	441	4.26e-85	288	YP_002296164.1 putative serine palmitoyltransferase [Emiliania huxleyi virus 86]
TRINITY_DN37082_c0_g1_i3	YP_293804.1	38.1	433	240	6	311	1594	51	460	5.93e-85	288	YP_293804.1 putative serine palmitoyltransferase [Emiliania huxleyi virus 86]
TRINITY_DN248_c8_g1_i6	YP_009465729.1	37.8	238	136	7	1251	1946	136	367	3.36e-34	142	YP_009465729.1 hypothetical protein C5Y57_gp012 [Dishui lake phycodnavirus 1]
TRINITY_DN248_c8_g1_i6	YP_004061441.1	32.9	258	162	6	1209	1964	203	455	4.73e-31	134	YP_004061441.1 hypothetical protein BpV1_011c [Bathycoccus sp. RCC1105 virus BpV1]
TRINITY_DN248_c8_g1_i6	YP_013610833.1	36.2	243	135	7	1266	1952	137	373	8.11e-30	129	YP_013610833.1 CYFA0S28e00188g1_1 [Yasminevirus sp. GU-2018]
TRINITY_DN248_c8_g1_i6	YP_009665063.1	33.5	236	149	3	1251	1946	132	363	1.49e-29	128	YP_009665063.1 cell division protein [Micromonas pusilla virus SP1]
TRINITY_DN248_c8_g1_i6	YP_013610569.1	33.7	276	159	7	1272	2078	236	494	3.27e-29	128	YP_013610569.1 ATP-dependent metallopeptidase FtsH/Yme1/Tma family protein [Yasminevirus sp. GU-2018]
TRINITY_DN287_c0_g2_i1	YP_009345316.1	28.9	304	147	12	654	1409	68	354	8.53e-23	107	YP_009345316.1 papain-like cysteine protease [Noumeavirus]
TRINITY_DN287_c0_g2_i1	YP_009310305.1	26.7	277	140	8	717	1409	95	354	1.22e-22	105	YP_009310305.1 papain-like cysteine peptidase [Golden Marseillevirus]
TRINITY_DN287_c0_g2_i1	YP_004347255.1	28.9	304	147	12	654	1409	68	354	2.67e-22	105	YP_004347255.1 papain-like cysteine peptidase [Lausannevirus]
TRINITY_DN287_c0_g2_i1	YP_009255063.1	28.0	304	150	10	654	1409	65	351	4.41e-22	104	YP_009255063.1 conserved papain-like cysteine peptidase [Tokyovirus A1]
TRINITY_DN287_c0_g2_i1	YP_010802502.1	30.1	289	169	12	552	1409	73	331	4.58e-22	102	YP_010802502.1 viral cathepsin [Chrysodeixis includens nucleopolyhedrovirus]
TRINITY_DN287_c0_g2_i4	YP_009345316.1	28.9	304	147	12	654	1409	68	354	8.69e-23	107	YP_009345316.1 papain-like cysteine protease [Noumeavirus]
TRINITY_DN287_c0_g2_i4	YP_009310305.1	26.7	277	140	8	717	1409	95	354	1.24e-22	105	YP_009310305.1 papain-like cysteine peptidase [Golden Marseillevirus]
TRINITY_DN287_c0_g2_i4	YP_004347255.1	28.9	304	147	12	654	1409	68	354	2.72e-22	105	YP_004347255.1 papain-like cysteine peptidase [Lausannevirus]
TRINITY_DN287_c0_g2_i4	YP_009255063.1	28.0	304	150	10	654	1409	65	351	4.49e-22	104	YP_009255063.1 conserved papain-like cysteine peptidase [Tokyovirus A1]
TRINITY_DN287_c0_g2_i4	YP_010802502.1	30.1	289	169	12	552	1409	73	331	4.65e-22	102	YP_010802502.1 viral cathepsin [Chrysodeixis includens nucleopolyhedrovirus]
TRINITY_DN264_c0_g1_i15	YP_009481511.1	28.5	386	209	15	2484	3575	775	1115	3.28e-21	105	YP_009481511.1 serine-threonine kinase [Pandoravirus macleodensis]
TRINITY_DN264_c0_g1_i15	YP_008437740.2	26.3	358	222	10	2529	3575	781	1105	5.51e-19	98.2	YP_008437740.2 serine-threonine kinase [Pandoravirus salinus]
TRINITY_DN240_c0_g1_i5	YP_009173309.1	41.3	104	58	3	203	511	1	102	4.58e-20	85.1	YP_009173309.1 ubiquitin conjugating enzyme E2 [Chrysochromulina ericina virus]
TRINITY_DN240_c0_g1_i5	YP_003969734.1	51.4	72	33	2	284	496	29	99	2.52e-19	83.2	YP_003969734.1 putative ubiquitin-conjugating enzyme E2 [Cafeteria roenbergensis virus BV-PW1]
TRINITY_DN240_c0_g1_i5	YP_010803386.1	38.5	96	56	3	212	496	7	100	9.63e-17	77.4	YP_010803386.1 ubiquitin-conjugating enzyme E2 [Fadolivirus algeromassiliense]
TRINITY_DN240_c0_g1_i5	NP_042834.1	36.0	86	47	2	275	508	23	108	4.37e-13	68.2	NP_042834.1 ubiquitin-conjugating enzyme [African swine fever virus]
TRINITY_DN240_c0_g1_i5	YP_009702388.1	36.0	86	47	2	275	508	23	108	4.37e-13	68.2	YP_009702388.1 ubiquitin-conjugation enzyme [African swine fever virus]
TRINITY_DN240_c0_g1_i7	YP_009173309.1	39.3	145	85	3	203	634	1	143	3.57e-26	108	YP_009173309.1 ubiquitin conjugating enzyme E2 [Chrysochromulina ericina virus]
TRINITY_DN240_c0_g1_i7	YP_003969734.1	40.2	122	71	2	284	646	29	149	1.75e-23	100	YP_003969734.1 putative ubiquitin-conjugating enzyme E2 [Cafeteria roenbergensis virus BV-PW1]
TRINITY_DN240_c0_g1_i7	YP_010803386.1	32.9	146	95	3	212	646	7	150	1.75e-22	99.4	YP_010803386.1 ubiquitin-conjugating enzyme E2 [Fadolivirus algeromassiliense]
TRINITY_DN240_c0_g1_i7	NP_042834.1	34.8	115	67	2	275	595	23	137	1.79e-18	88.6	NP_042834.1 ubiquitin-conjugating enzyme [African swine fever virus]
TRINITY_DN240_c0_g1_i7	YP_009702388.1	34.8	115	67	2	275	595	23	137	1.79e-18	88.6	YP_009702388.1 ubiquitin-conjugation enzyme [African swine fever virus]
TRINITY_DN272_c0_g1_i16	NP_148801.1	40.8	206	95	2	1917	2534	97	275	1.89e-45	169	NP_148801.1 ORF17 IAP-3 [Cydia pomonella granulovirus]
TRINITY_DN272_c0_g1_i16	YP_473308.1	39.7	204	91	2	1917	2528	91	262	6.23e-45	167	YP_473308.1 IAP3 [Hyphantria cunea nucleopolyhedrovirus]
TRINITY_DN272_c0_g1_i16	YP_009345631.1	36.1	244	127	4	1803	2534	127	341	8.52e-45	169	YP_009345631.1 putative inhibitor of apoptosis [Leptopilina boulardi filamentous virus]
TRINITY_DN272_c0_g1_i16	YP_010086964.1	37.9	206	87	3	1917	2534	96	260	9.12e-44	164	YP_010086964.1 iap-1 [Cryptophlebia peltastica nucleopolyhedrovirus]
TRINITY_DN272_c0_g1_i16	YP_009001870.1	39.9	203	94	3	1923	2528	99	274	3.63e-43	162	YP_009001870.1 IAP-3 [Buzura suppressaria nucleopolyhedrovirus]
TRINITY_DN272_c0_g1_i18	YP_009182263.1	55.3	85	38	0	480	734	4	88	1.58e-27	110	YP_009182263.1 inhibitor of apoptosis 3 [Diatraea saccharalis granulovirus]
TRINITY_DN272_c0_g1_i18	NP_148801.1	52.4	84	40	0	480	731	7	90	1.07e-24	103	NP_148801.1 ORF17 IAP-3 [Cydia pomonella granulovirus]
TRINITY_DN272_c0_g1_i18	YP_010086964.1	62.9	70	26	0	489	698	9	78	1.54e-24	102	YP_010086964.1 iap-1 [Cryptophlebia peltastica nucleopolyhedrovirus]
TRINITY_DN272_c0_g1_i18	YP_008004205.1	45.5	101	55	0	435	737	12	112	1.23e-23	100	YP_008004205.1 inhibitor of apoptosis 3 [Choristoneura biennis entomopoxvirus]
TRINITY_DN272_c0_g1_i18	YP_009133248.1	46.4	110	51	3	465	770	37	146	9.60e-23	99.0	YP_009133248.1 iap3 [Lambdina fiscellaria nucleopolyhedrovirus]
TRINITY_DN272_c0_g1_i20	NP_148801.1	39.8	332	137	5	480	1475	7	275	2.08e-74	251	NP_148801.1 ORF17 IAP-3 [Cydia pomonella granulovirus]
TRINITY_DN272_c0_g1_i20	YP_010086964.1	38.6	329	125	7	489	1475	9	260	5.26e-72	243	YP_010086964.1 iap-1 [Cryptophlebia peltastica nucleopolyhedrovirus]
TRINITY_DN272_c0_g1_i20	YP_009182263.1	38.1	331	133	6	480	1469	4	263	1.93e-70	239	YP_009182263.1 inhibitor of apoptosis 3 [Diatraea saccharalis granulovirus]
TRINITY_DN272_c0_g1_i20	NP_932639.1	37.8	336	139	5	480	1469	7	278	2.34e-70	239	NP_932639.1 inhibitor of apoptosis protein 3 [Choristoneura fumiferana DEF multiple nucleopolyhedrovirus]
TRINITY_DN272_c0_g1_i20	NP_046191.1	38.8	335	124	5	465	1469	13	266	3.73e-69	236	NP_046191.1 inhibitor of apoptosis protein 3 [Orgyia pseudotsugata multiple nucleopolyhedrovirus]
TRINITY_DN272_c0_g1_i21	YP_009182263.1	45.6	217	85	4	480	1130	4	187	4.09e-65	213	YP_009182263.1 inhibitor of apoptosis 3 [Diatraea saccharalis granulovirus]
TRINITY_DN272_c0_g1_i21	NP_932639.1	45.1	226	81	3	480	1139	7	195	1.86e-64	212	NP_932639.1 inhibitor of apoptosis protein 3 [Choristoneura fumiferana DEF multiple nucleopolyhedrovirus]
TRINITY_DN272_c0_g1_i21	YP_009118592.1	45.5	224	90	3	465	1136	2	193	3.03e-63	209	YP_009118592.1 inhibitor of apoptosis protein 3 [Condylorrhiza vestigialis mutiple nucleopolyhedrovirus]
TRINITY_DN272_c0_g1_i21	YP_010086964.1	45.3	214	81	4	489	1130	9	186	4.33e-63	208	YP_010086964.1 iap-1 [Cryptophlebia peltastica nucleopolyhedrovirus]
TRINITY_DN272_c0_g1_i21	YP_009001870.1	43.6	227	86	3	459	1136	5	190	5.46e-62	206	YP_009001870.1 IAP-3 [Buzura suppressaria nucleopolyhedrovirus]
TRINITY_DN272_c0_g1_i23	NP_148801.1	39.8	332	137	5	480	1475	7	275	6.00e-74	251	NP_148801.1 ORF17 IAP-3 [Cydia pomonella granulovirus]
TRINITY_DN272_c0_g1_i23	YP_010086964.1	38.6	329	125	7	489	1475	9	260	1.30e-71	243	YP_010086964.1 iap-1 [Cryptophlebia peltastica nucleopolyhedrovirus]
TRINITY_DN272_c0_g1_i23	YP_009182263.1	38.1	331	133	6	480	1469	4	263	4.44e-70	239	YP_009182263.1 inhibitor of apoptosis 3 [Diatraea saccharalis granulovirus]
TRINITY_DN272_c0_g1_i23	NP_932639.1	37.8	336	139	5	480	1469	7	278	5.45e-70	239	NP_932639.1 inhibitor of apoptosis protein 3 [Choristoneura fumiferana DEF multiple nucleopolyhedrovirus]
TRINITY_DN272_c0_g1_i23	NP_046191.1	38.8	335	124	5	465	1469	13	266	8.13e-69	236	NP_046191.1 inhibitor of apoptosis protein 3 [Orgyia pseudotsugata multiple nucleopolyhedrovirus]
TRINITY_DN212_c0_g1_i10	YP_009165152.1	29.2	192	119	4	1045	1599	304	485	2.17e-16	85.5	YP_009165152.1 Cytochrome P450 [Mollivirus sibericum]
TRINITY_DN212_c0_g1_i10	YP_008319316.1	27.6	203	132	4	1072	1650	324	521	1.23e-14	80.1	YP_008319316.1 Cytochrome P450 [Pandoravirus dulcis]
TRINITY_DN212_c0_g1_i10	YP_008319314.1	25.4	189	126	4	1051	1575	293	480	7.54e-12	71.2	YP_008319314.1 Cytochrome P450 [Pandoravirus dulcis]
TRINITY_DN212_c0_g1_i10	YP_009483171.1	25.8	213	141	6	1051	1653	292	499	4.10e-11	68.9	YP_009483171.1 Cytochrome P450 [Pandoravirus quercus]
TRINITY_DN212_c0_g1_i10	YP_009481242.1	25.4	189	127	3	1051	1575	295	483	1.27e-10	67.4	YP_009481242.1 Cytochrome P450 [Pandoravirus macleodensis]
TRINITY_DN212_c0_g1_i12	YP_009165152.1	30.2	192	117	4	1043	1597	304	485	1.48e-18	92.4	YP_009165152.1 Cytochrome P450 [Mollivirus sibericum]
TRINITY_DN212_c0_g1_i12	YP_008319316.1	27.6	203	132	4	1070	1648	324	521	4.53e-15	81.6	YP_008319316.1 Cytochrome P450 [Pandoravirus dulcis]
TRINITY_DN212_c0_g1_i12	YP_008319314.1	26.3	190	123	5	1049	1573	293	480	4.82e-12	72.0	YP_008319314.1 Cytochrome P450 [Pandoravirus dulcis]
TRINITY_DN212_c0_g1_i12	YP_009483171.1	25.8	213	141	6	1049	1651	292	499	1.13e-11	70.9	YP_009483171.1 Cytochrome P450 [Pandoravirus quercus]
TRINITY_DN212_c0_g1_i12	YP_009481242.1	24.9	189	128	3	1049	1573	295	483	4.31e-10	65.9	YP_009481242.1 Cytochrome P450 [Pandoravirus macleodensis]
TRINITY_DN212_c0_g1_i16	YP_009165152.1	29.4	187	115	4	1060	1599	309	485	2.17e-16	85.5	YP_009165152.1 Cytochrome P450 [Mollivirus sibericum]
TRINITY_DN212_c0_g1_i16	YP_008319316.1	27.1	203	133	4	1072	1650	324	521	1.63e-14	79.7	YP_008319316.1 Cytochrome P450 [Pandoravirus dulcis]
TRINITY_DN212_c0_g1_i16	YP_008319314.1	26.3	190	123	5	1051	1575	293	480	4.30e-12	72.0	YP_008319314.1 Cytochrome P450 [Pandoravirus dulcis]
TRINITY_DN212_c0_g1_i16	YP_009483171.1	25.8	213	141	6	1051	1653	292	499	2.34e-11	69.7	YP_009483171.1 Cytochrome P450 [Pandoravirus quercus]
TRINITY_DN212_c0_g1_i16	YP_009481242.1	25.4	189	127	3	1051	1575	295	483	7.23e-11	68.2	YP_009481242.1 Cytochrome P450 [Pandoravirus macleodensis]
TRINITY_DN212_c0_g1_i2	YP_008319316.1	28.6	217	140	5	1045	1665	312	523	6.81e-18	91.3	YP_008319316.1 Cytochrome P450 [Pandoravirus dulcis]
TRINITY_DN212_c0_g1_i2	YP_009165152.1	30.0	200	121	5	1081	1659	313	500	1.42e-17	90.1	YP_009165152.1 Cytochrome P450 [Mollivirus sibericum]
TRINITY_DN212_c0_g1_i2	YP_009483171.1	25.9	197	130	5	1069	1623	295	487	7.25e-11	68.9	YP_009483171.1 Cytochrome P450 [Pandoravirus quercus]
TRINITY_DN212_c0_g1_i2	YP_008319314.1	25.7	187	122	5	1069	1584	296	480	1.16e-09	65.1	YP_008319314.1 Cytochrome P450 [Pandoravirus dulcis]
TRINITY_DN212_c0_g1_i2	YP_009481242.1	23.5	196	136	4	1063	1608	296	491	1.08e-08	62.0	YP_009481242.1 Cytochrome P450 [Pandoravirus macleodensis]
TRINITY_DN280_c0_g1_i2	NP_042834.1	36.6	123	69	2	334	675	13	135	1.58e-19	89.7	NP_042834.1 ubiquitin-conjugating enzyme [African swine fever virus]
TRINITY_DN280_c0_g1_i2	YP_009702388.1	36.6	123	69	2	334	675	13	135	1.58e-19	89.7	YP_009702388.1 ubiquitin-conjugation enzyme [African swine fever virus]
TRINITY_DN280_c0_g1_i2	YP_009702546.1	36.6	123	69	2	334	675	13	135	1.58e-19	89.7	YP_009702546.1 pI215L [African swine fever virus]
TRINITY_DN280_c0_g1_i2	YP_009702707.1	36.6	123	69	2	334	675	13	135	1.58e-19	89.7	YP_009702707.1 ubiquitin-conjugation enzyme [African swine fever virus]
TRINITY_DN280_c0_g1_i2	YP_009703197.1	36.6	123	69	2	334	675	13	135	1.58e-19	89.7	YP_009703197.1 I215L [African swine fever virus]
TRINITY_DN225_c1_g1_i11	NP_048132.1	26.1	303	179	9	1237	2103	132	403	3.16e-12	73.6	NP_048132.1 Reverse transcriptase [Melanoplus sanguinipes entomopoxvirus]
TRINITY_DN202_c5_g1_i4	YP_013610516.1	44.9	78	43	0	153	386	8	85	6.08e-17	73.9	YP_013610516.1 Acyl-CoA-binding protein [Yasminevirus sp. GU-2018]
TRINITY_DN203_c0_g1_i20	NP_042289.1	57.1	63	27	0	106	294	425	487	8.45e-19	83.6	NP_042289.1 P68 protein [UR2 sarcoma virus]
TRINITY_DN203_c0_g1_i20	NP_955606.1	42.6	61	35	0	112	294	773	833	4.88e-12	64.3	NP_955606.1 FBS [Fujinami sarcoma virus]
TRINITY_DN203_c0_g1_i20	NP_056889.1	42.6	61	35	0	112	294	1082	1142	4.98e-12	64.3	NP_056889.1 p140 polyprotein [Fujinami sarcoma virus]
TRINITY_DN203_c0_g1_i20	NP_955595.1	43.5	62	35	0	115	300	288	349	3.11e-11	62.0	NP_955595.1 ABL [Abelson murine leukemia virus]
TRINITY_DN203_c0_g1_i20	NP_057866.1	43.5	62	35	0	115	300	523	584	3.17e-11	62.0	NP_057866.1 p120 Gag-Abl polyprotein [Abelson murine leukemia virus]
TRINITY_DN203_c0_g1_i46	NP_042289.1	44.9	187	89	4	2531	3064	244	425	1.29e-34	144	NP_042289.1 P68 protein [UR2 sarcoma virus]
TRINITY_DN203_c0_g1_i46	YP_628286.1	38.1	176	92	4	2516	3043	258	416	2.68e-24	112	YP_628286.1 protein-tyrosine kinase [Y73 sarcoma virus]
TRINITY_DN203_c0_g1_i46	NP_955616.1	37.4	179	89	5	2516	3043	257	415	5.45e-24	110	NP_955616.1 pp60 SRC [Rous sarcoma virus]
TRINITY_DN203_c0_g1_i46	NP_056888.1	37.4	179	89	5	2516	3043	258	416	5.50e-24	110	NP_056888.1 p60 src [Rous sarcoma virus]
TRINITY_DN203_c0_g1_i50	NP_042289.1	46.0	272	133	4	290	1078	244	510	1.01e-64	233	NP_042289.1 P68 protein [UR2 sarcoma virus]
TRINITY_DN203_c0_g1_i50	NP_955595.1	39.6	273	149	4	275	1093	119	375	8.58e-50	192	NP_955595.1 ABL [Abelson murine leukemia virus]
TRINITY_DN203_c0_g1_i50	NP_057866.1	39.6	273	149	4	275	1093	354	610	4.75e-49	192	NP_057866.1 p120 Gag-Abl polyprotein [Abelson murine leukemia virus]
TRINITY_DN203_c0_g1_i50	YP_628286.1	37.5	277	155	5	275	1105	258	516	5.57e-47	181	YP_628286.1 protein-tyrosine kinase [Y73 sarcoma virus]
TRINITY_DN203_c0_g1_i50	NP_955616.1	36.8	291	154	7	275	1138	257	520	1.18e-46	179	NP_955616.1 pp60 SRC [Rous sarcoma virus]
TRINITY_DN48267_c0_g1_i1	YP_009507248.1	46.3	147	79	0	4	444	218	364	1.70e-39	144	YP_009507248.1 ORF B [Trichoplusia ni TED virus]
TRINITY_DN48267_c0_g1_i1	YP_009553548.1	43.2	118	66	1	37	390	1309	1425	2.13e-22	95.5	YP_009553548.1 ORF3 polyprotein [Cacao bacilliform Sri Lanka virus]
TRINITY_DN48267_c0_g1_i1	YP_009352866.1	39.8	123	73	1	37	405	1430	1551	5.42e-22	94.4	YP_009352866.1 ORF3 [Wisteria badnavirus 1]
TRINITY_DN48267_c0_g1_i1	YP_009041481.1	41.7	115	66	1	37	381	1462	1575	7.39e-22	94.0	YP_009041481.1 polyprotein [Pagoda yellow mosaic associated virus]
TRINITY_DN48267_c0_g1_i1	YP_010796654.1	40.5	126	73	2	25	402	1416	1539	1.87e-21	92.8	YP_010796654.1 CP, RT, RNaseH and protease polyprotein [Cacao swollen shoot Togo A virus]
TRINITY_DN48289_c0_g1_i1	YP_010841503.1	31.6	275	170	4	153	926	5	278	2.59e-34	131	YP_010841503.1 putative translation factor [Cotonvirus japonicus]
TRINITY_DN48289_c0_g1_i1	YP_010782588.1	29.0	272	183	4	153	950	5	272	1.81e-31	124	YP_010782588.1 putative translation factor [Tupanvirus soda lake]
TRINITY_DN48289_c0_g1_i1	YP_010781204.1	29.7	273	180	5	153	950	5	272	2.63e-31	123	YP_010781204.1 mimivirus translation initiation factor 2 subunit alpha [Tupanvirus deep ocean]
TRINITY_DN48289_c0_g1_i1	YP_010803205.1	24.3	263	183	6	138	893	5	262	4.60e-18	87.0	YP_010803205.1 translation initiation factor 2 alpha subunit [Fadolivirus algeromassiliense]
TRINITY_DN48289_c0_g1_i1	YP_003830.1	32.5	114	74	1	138	470	5	118	1.12e-11	67.8	YP_003830.1 eukaryotic initiation factor 2a [Ranavirus ambystoma1]
TRINITY_DN26740_c0_g1_i1	YP_013611042.1	38.8	160	98	0	174	653	11	170	4.94e-34	128	YP_013611042.1 Rab GTPase 2d (macronuclear) [Yasminevirus sp. GU-2018]
TRINITY_DN26740_c0_g1_i1	YP_010780883.1	36.6	161	101	1	174	653	9	169	2.57e-31	120	YP_010780883.1 rab family small GTPase [Tupanvirus deep ocean]
TRINITY_DN26740_c0_g1_i1	YP_010782189.1	36.6	161	101	1	174	653	9	169	2.65e-30	117	YP_010782189.1 rab family small GTPase [Tupanvirus soda lake]
TRINITY_DN26740_c0_g1_i1	YP_010776182.1	38.1	160	97	2	171	644	6	165	2.95e-26	107	YP_010776182.1 putative RAB-related GTPase [Powai lake megavirus]
TRINITY_DN26740_c0_g1_i1	YP_010777125.1	32.1	159	106	2	171	641	6	164	1.33e-21	94.7	YP_010777125.1 putative rab-related GTPase [Acanthamoeba polyphaga mimivirus]
TRINITY_DN26740_c0_g1_i3	YP_013611042.1	35.2	199	125	1	174	758	11	209	1.08e-34	129	YP_013611042.1 Rab GTPase 2d (macronuclear) [Yasminevirus sp. GU-2018]
TRINITY_DN26740_c0_g1_i3	YP_010780883.1	37.6	157	97	1	174	641	9	165	1.64e-31	120	YP_010780883.1 rab family small GTPase [Tupanvirus deep ocean]
TRINITY_DN26740_c0_g1_i3	YP_010782189.1	37.6	157	97	1	174	641	9	165	1.73e-30	117	YP_010782189.1 rab family small GTPase [Tupanvirus soda lake]
TRINITY_DN26740_c0_g1_i3	YP_010776182.1	38.1	160	97	2	171	644	6	165	1.51e-26	107	YP_010776182.1 putative RAB-related GTPase [Powai lake megavirus]
TRINITY_DN26740_c0_g1_i3	YP_010777125.1	32.1	159	106	2	171	641	6	164	7.75e-22	94.7	YP_010777125.1 putative rab-related GTPase [Acanthamoeba polyphaga mimivirus]
TRINITY_DN26735_c0_g1_i4	YP_010781784.1	50.2	444	219	2	347	1678	71	512	2.37e-148	440	YP_010781784.1 aspartyl-tRNA synthetase [Tupanvirus soda lake]
TRINITY_DN26735_c0_g1_i4	YP_010780494.1	48.5	460	235	2	299	1678	40	497	1.19e-144	430	YP_010780494.1 aspartyl-tRNA synthetase [Tupanvirus deep ocean]
TRINITY_DN26735_c0_g1_i4	YP_010803175.1	44.2	450	239	5	338	1678	20	460	2.18e-114	351	YP_010803175.1 aspartyl-tRNA synthetase type II [Fadolivirus algeromassiliense]
TRINITY_DN26735_c0_g1_i4	YP_013610542.1	44.6	462	231	9	344	1678	46	499	1.14e-112	348	YP_013610542.1 Aspartyl-tRNA synthetase [Yasminevirus sp. GU-2018]
TRINITY_DN26735_c0_g1_i4	YP_009448888.1	40.4	446	244	6	347	1678	20	445	1.73e-102	320	YP_009448888.1 Aspartyl-tRNA synthetase [Orpheovirus IHUMI-LCC2]
TRINITY_DN77054_c1_g1_i1	YP_009352866.1	34.6	153	98	2	464	9	1392	1543	7.57e-26	106	YP_009352866.1 ORF3 [Wisteria badnavirus 1]
TRINITY_DN77054_c1_g1_i1	YP_009041481.1	34.0	153	99	2	464	9	1424	1575	7.58e-26	106	YP_009041481.1 polyprotein [Pagoda yellow mosaic associated virus]
TRINITY_DN77054_c1_g1_i1	YP_009345071.1	34.4	157	98	3	464	3	1451	1605	1.91e-25	105	YP_009345071.1 polyprotein [Cacao mild mosaic virus]
TRINITY_DN77054_c1_g1_i1	YP_010798182.1	35.9	156	96	3	464	3	1428	1581	3.56e-25	104	YP_010798182.1 polyprotein [Green Sichuan pepper vein clearing-associated virus]
TRINITY_DN77054_c1_g1_i1	YP_009666830.1	34.2	158	102	2	473	3	1341	1497	8.92e-25	103	YP_009666830.1 ORF3 polyprotein [Cacao swollen shoot Ghana Q virus]
TRINITY_DN8484_c6_g1_i8	YP_010783351.1	24.0	404	231	16	878	1951	47	420	1.41e-10	68.2	YP_010783351.1 putative DEAD/DEAH-box RNA helicase [Tetraselmis virus 1]
TRINITY_DN61572_c0_g1_i2	YP_010780181.1	35.1	168	97	6	110	604	2	160	1.35e-15	79.0	YP_010780181.1 hypothetical protein QJ856_gp1184 [Tupanvirus deep ocean]
TRINITY_DN61572_c0_g1_i2	YP_010781461.1	31.7	167	104	6	110	604	2	160	2.03e-11	66.6	YP_010781461.1 aminopeptidase M1-like [Tupanvirus soda lake]
TRINITY_DN61572_c0_g2_i2	YP_010780181.1	27.1	424	271	11	29	1270	172	567	1.88e-40	162	YP_010780181.1 hypothetical protein QJ856_gp1184 [Tupanvirus deep ocean]
TRINITY_DN61548_c1_g1_i1	YP_223871.1	24.4	156	108	5	23	475	832	982	3.31e-06	49.3	YP_223871.1 protease/polymerase, partial [Reticuloendotheliosis virus]
TRINITY_DN5292_c0_g2_i13	YP_013611845.1	29.6	939	590	15	365	3028	7	925	1.33e-116	385	YP_013611845.1 insulin-degrading enzyme [Yasminevirus sp. GU-2018]
TRINITY_DN5292_c0_g2_i13	YP_010803161.1	28.1	915	611	17	365	3028	6	900	7.83e-112	371	YP_010803161.1 peptidase M16 [Fadolivirus algeromassiliense]
TRINITY_DN5292_c0_g2_i13	YP_010803921.1	27.9	934	594	22	365	3025	3	904	1.14e-95	327	YP_010803921.1 peptidase M16 [Fadolivirus algeromassiliense]
TRINITY_DN5292_c0_g2_i13	YP_010778682.1	24.7	940	602	30	362	3025	3	888	9.13e-58	219	YP_010778682.1 peptidase M16 [Bodo saltans virus]
TRINITY_DN5292_c0_g2_i13	YP_003969769.1	22.8	904	622	20	365	3028	11	854	1.75e-56	214	YP_003969769.1 putative insulinase-like metalloprotease [Cafeteria roenbergensis virus BV-PW1]
TRINITY_DN5258_c1_g1_i5	YP_010778573.1	22.0	336	232	9	1966	986	232	546	3.63e-13	78.2	YP_010778573.1 putative Non-LTR retrotransposon [Bodo saltans virus]
TRINITY_DN76210_c0_g1_i9	YP_010781153.1	46.7	321	148	5	224	1159	18	324	3.31e-86	270	YP_010781153.1 cathepsin Llike cysteine protease [Tupanvirus deep ocean]
TRINITY_DN76210_c0_g1_i9	YP_010782536.1	46.0	311	147	5	245	1150	26	324	2.24e-80	255	YP_010782536.1 cathepsin L2 [Tupanvirus soda lake]
TRINITY_DN76210_c0_g1_i9	YP_010781415.1	41.2	342	163	11	188	1153	113	436	7.88e-67	224	YP_010781415.1 hypothetical protein QJ857_gp1292 [Tupanvirus soda lake]
TRINITY_DN76210_c0_g1_i9	YP_010780137.1	43.7	311	145	10	251	1153	145	435	6.24e-65	219	YP_010780137.1 hypothetical protein QJ856_gp1228 [Tupanvirus deep ocean]
TRINITY_DN76210_c0_g1_i9	YP_010086926.1	37.9	343	190	12	146	1147	5	333	6.37e-54	187	YP_010086926.1 cathepsin [Cryptophlebia peltastica nucleopolyhedrovirus]
TRINITY_DN35190_c0_g1_i9	YP_010803398.1	41.6	137	71	3	247	651	6	135	1.97e-26	104	YP_010803398.1 glucosamine 6-phosphate N-acetyltransferase [Fadolivirus algeromassiliense]
TRINITY_DN60212_c0_g1_i2	YP_010804226.1	34.1	214	107	6	286	873	101	298	1.01e-27	114	YP_010804226.1 hypothetical protein QKU48_gp1343 [Fadolivirus algeromassiliense]
TRINITY_DN60212_c0_g1_i2	YP_013610966.1	33.1	127	68	3	541	873	42	167	6.11e-12	67.0	YP_013610966.1 hypothetical protein YASMINEVIRUS_611 [Yasminevirus sp. GU-2018]
TRINITY_DN8266_c0_g1_i11	NP_048132.1	26.1	410	271	9	1968	3173	144	529	2.47e-24	112	NP_048132.1 Reverse transcriptase [Melanoplus sanguinipes entomopoxvirus]
TRINITY_DN8266_c0_g1_i11	YP_009281946.1	25.1	378	227	15	3733	4833	9	341	7.98e-15	81.3	YP_009281946.1 serpin [Volepox virus]
TRINITY_DN8266_c0_g1_i12	YP_009282892.1	26.1	353	232	11	107	1135	8	341	6.28e-24	105	YP_009282892.1 serpin [Skunkpox virus]
TRINITY_DN8266_c0_g1_i12	NP_051722.1	25.7	350	227	11	110	1138	26	349	1.23e-21	99.0	NP_051722.1 m8.1 [Myxoma virus]
TRINITY_DN8266_c0_g1_i12	NP_051870.1	25.7	350	227	11	110	1138	26	349	1.23e-21	99.0	NP_051870.1 Serp1 [Myxoma virus]
TRINITY_DN8266_c0_g1_i12	YP_009281946.1	26.9	353	227	15	110	1135	9	341	1.68e-19	92.4	YP_009281946.1 serpin [Volepox virus]
TRINITY_DN8266_c0_g1_i12	YP_009448151.1	24.8	327	223	10	143	1105	23	332	1.95e-18	89.4	YP_009448151.1 serpin family protein [Flamingopox virus FGPVKD09]
TRINITY_DN8222_c0_g1_i1	YP_009483690.1	28.4	580	309	25	81	1643	36	568	1.55e-37	150	YP_009483690.1 Carboxylic ester hydrolase [Pandoravirus quercus]
TRINITY_DN8222_c0_g1_i1	YP_009481512.1	27.7	555	307	22	150	1667	46	555	3.53e-34	140	YP_009481512.1 Carboxylic ester hydrolase [Pandoravirus macleodensis]
TRINITY_DN8222_c0_g1_i1	YP_010788378.1	32.5	338	191	12	81	1040	20	338	3.58e-33	137	YP_010788378.1 cholinesterase [Megavirus baoshan]
TRINITY_DN8222_c0_g1_i1	YP_010779936.1	34.6	289	164	9	81	911	21	296	2.21e-32	135	YP_010779936.1 hypothetical protein QJ854_gp081 [Moumouvirus goulette]
TRINITY_DN8222_c0_g1_i1	YP_004895032.1	33.4	293	162	10	81	911	20	295	6.17e-30	127	YP_004895032.1 putative cholinesterase [Megavirus chiliensis]
TRINITY_DN8283_c0_g1_i1	YP_002154675.1	28.7	328	150	12	317	1153	11	303	3.67e-30	127	YP_002154675.1 serine-threonine kinase [Feldmannia species virus]
TRINITY_DN8283_c0_g1_i1	NP_077596.1	27.6	337	157	8	299	1126	6	316	6.52e-28	121	NP_077596.1 serine-threonine kinase [Ectocarpus siliculosus virus 1]
TRINITY_DN8283_c0_g1_i1	YP_009665657.1	26.3	312	154	9	317	1123	11	289	1.72e-27	119	YP_009665657.1 serine-threonine kinase [Feldmannia irregularis virus a]
TRINITY_DN8283_c0_g1_i1	YP_009505812.1	34.6	191	119	3	521	1087	71	257	2.02e-27	116	YP_009505812.1 protein kinase [Spodoptera littoralis nucleopolyhedrovirus]
TRINITY_DN8283_c0_g1_i1	YP_010778841.1	27.6	293	177	8	293	1126	2	274	1.71e-26	116	YP_010778841.1 serine/threonine protein kinase [Bodo saltans virus]
TRINITY_DN8226_c1_g1_i9	YP_308891.1	31.8	211	131	4	1412	2044	21	218	9.37e-28	117	YP_308891.1 protein kinase 1 (pk1) [Trichoplusia ni single nucleopolyhedrovirus]
TRINITY_DN8226_c1_g1_i9	YP_013610990.1	29.8	215	146	4	1400	2038	17	228	1.76e-27	117	YP_013610990.1 hypothetical protein YASMINEVIRUS_635 [Yasminevirus sp. GU-2018]
TRINITY_DN8226_c1_g1_i9	YP_009116916.1	29.9	211	135	4	1412	2044	21	218	7.92e-27	114	YP_009116916.1 protein kinase [Pseudoplusia includens SNPV IE]
TRINITY_DN8226_c1_g1_i9	YP_010802447.1	29.7	209	132	4	1430	2047	26	222	2.74e-26	113	YP_010802447.1 protein kinase-1 [Chrysodeixis includens nucleopolyhedrovirus]
TRINITY_DN8226_c1_g1_i9	YP_249607.1	29.9	211	135	4	1412	2044	21	218	4.93e-26	112	YP_249607.1 PK1 [Chrysodeixis chalcites nucleopolyhedrovirus]
TRINITY_DN8239_c0_g1_i22	YP_001036296.1	32.5	203	119	3	3831	4430	37	224	6.19e-27	115	YP_001036296.1 protein kinase 1 [Spodoptera frugiperda multiple nucleopolyhedrovirus]
TRINITY_DN8239_c0_g1_i22	YP_717541.1	33.2	199	121	4	3831	4427	26	212	1.08e-24	108	YP_717541.1 protein kinase 1 [Clanis bilineata nucleopolyhedrovirus]
TRINITY_DN8239_c0_g1_i22	YP_010778246.1	35.7	213	115	9	3822	4412	28	234	1.80e-24	110	YP_010778246.1 serine/threonine protein kinase [Bodo saltans virus]
TRINITY_DN8239_c0_g1_i22	YP_010841334.1	32.0	244	152	6	3801	4508	1391	1628	4.97e-24	114	YP_010841334.1 putative serine/threonine-protein kinase [Cotonvirus japonicus]
TRINITY_DN8239_c0_g1_i22	YP_009666655.1	32.7	199	119	5	3831	4418	40	226	5.74e-24	107	YP_009666655.1 protein kinase-1 [Mythimna unipuncta nucleopolyhedrovirus]
TRINITY_DN8239_c0_g1_i8	YP_001036296.1	29.5	258	154	5	1355	2101	37	275	8.78e-28	117	YP_001036296.1 protein kinase 1 [Spodoptera frugiperda multiple nucleopolyhedrovirus]
TRINITY_DN8239_c0_g1_i8	YP_010778246.1	32.7	254	148	10	1346	2056	28	275	3.18e-26	115	YP_010778246.1 serine/threonine protein kinase [Bodo saltans virus]
TRINITY_DN8239_c0_g1_i8	YP_010803051.1	31.3	268	160	8	1346	2101	17	276	3.47e-25	112	YP_010803051.1 serine/threonine-protein kinase [Fadolivirus algeromassiliense]
TRINITY_DN8239_c0_g1_i8	YP_010841334.1	31.6	256	161	6	1325	2068	1391	1640	4.13e-25	117	YP_010841334.1 putative serine/threonine-protein kinase [Cotonvirus japonicus]
TRINITY_DN8239_c0_g1_i8	YP_717541.1	33.2	199	121	4	1355	1951	26	212	7.06e-25	108	YP_717541.1 protein kinase 1 [Clanis bilineata nucleopolyhedrovirus]
TRINITY_DN8249_c0_g1_i46	YP_009481855.1	60.0	50	19	1	1012	1161	374	422	8.55e-13	73.9	YP_009481855.1 Ring finger protein [Pandoravirus neocaledonia]
TRINITY_DN8249_c0_g1_i46	YP_009480913.1	56.0	50	21	1	1012	1161	358	406	3.33e-12	72.0	YP_009480913.1 Ring finger protein [Pandoravirus macleodensis]
TRINITY_DN8249_c0_g1_i46	YP_008436953.1	53.2	47	21	1	1012	1152	238	283	9.24e-11	66.6	YP_008436953.1 Ring domain [Pandoravirus salinus]
TRINITY_DN8249_c0_g1_i46	YP_009482975.1	54.3	46	20	1	1012	1149	233	277	3.93e-10	64.7	YP_009482975.1 Ring finger protein [Pandoravirus quercus]
TRINITY_DN8249_c0_g1_i46	YP_009120414.1	52.1	48	22	1	1012	1155	333	379	8.60e-10	64.3	YP_009120414.1 RING-finger E3 ubiquitin-protein ligase [Pandoravirus inopinatum]
TRINITY_DN8249_c0_g1_i6	YP_009481855.1	60.0	50	19	1	1012	1161	374	422	1.34e-12	73.9	YP_009481855.1 Ring finger protein [Pandoravirus neocaledonia]
TRINITY_DN8249_c0_g1_i6	YP_009480913.1	56.0	50	21	1	1012	1161	358	406	5.16e-12	72.0	YP_009480913.1 Ring finger protein [Pandoravirus macleodensis]
TRINITY_DN8249_c0_g1_i6	YP_008436953.1	53.2	47	21	1	1012	1152	238	283	1.35e-10	66.6	YP_008436953.1 Ring domain [Pandoravirus salinus]
TRINITY_DN8249_c0_g1_i6	YP_009482975.1	54.3	46	20	1	1012	1149	233	277	5.72e-10	64.7	YP_009482975.1 Ring finger protein [Pandoravirus quercus]
TRINITY_DN8249_c0_g1_i6	YP_009120414.1	52.1	48	22	1	1012	1155	333	379	1.29e-09	64.3	YP_009120414.1 RING-finger E3 ubiquitin-protein ligase [Pandoravirus inopinatum]
TRINITY_DN3680_c1_g1_i8	YP_010796969.1	35.9	401	243	9	4312	5487	4	399	1.29e-75	261	YP_010796969.1 hexon [Mayetiola barley midge adintovirus]
TRINITY_DN3680_c1_g1_i8	YP_010796966.1	57.9	114	44	1	2643	2984	34	143	5.66e-29	125	YP_010796966.1 PLA2X-adenain [Mayetiola barley midge adintovirus]
TRINITY_DN3680_c1_g1_i8	YP_184883.1	38.2	165	90	3	331	792	292	455	3.13e-21	102	YP_184883.1 unnamed protein product [Bracoviriform congregatae]
TRINITY_DN3680_c2_g1_i5	YP_010796969.1	34.7	403	247	8	247	1428	4	399	1.03e-77	263	YP_010796969.1 hexon [Mayetiola barley midge adintovirus]
TRINITY_DN3680_c4_g1_i1	YP_009513093.1	36.3	171	103	4	232	735	99	266	3.11e-32	128	YP_009513093.1 iap-1 [Agrotis segetum granulovirus]
TRINITY_DN3680_c4_g1_i1	NP_148801.1	35.5	183	99	4	241	741	96	275	1.66e-28	118	NP_148801.1 ORF17 IAP-3 [Cydia pomonella granulovirus]
TRINITY_DN3680_c4_g1_i1	YP_010796494.1	35.6	177	101	4	244	741	78	252	1.82e-28	117	YP_010796494.1 IAP-3 [Mythimna unipuncta nucleopolyhedrovirus]
TRINITY_DN3680_c4_g1_i1	YP_009091936.1	39.4	165	89	4	253	741	114	269	9.33e-28	115	YP_009091936.1 inhibitor of apoptosis 3 [Erinnyis ello granulovirus]
TRINITY_DN3680_c4_g1_i1	YP_758337.1	37.7	159	90	3	280	735	90	246	1.46e-27	114	YP_758337.1 iap3 [Leucania separata nucleopolyhedrovirus]
TRINITY_DN3680_c6_g1_i1	YP_010796966.1	49.6	117	58	1	1297	1644	294	410	7.86e-34	137	YP_010796966.1 PLA2X-adenain [Mayetiola barley midge adintovirus]
TRINITY_DN3680_c7_g1_i5	NP_046191.1	38.6	166	80	4	118	558	104	266	6.50e-32	122	NP_046191.1 inhibitor of apoptosis protein 3 [Orgyia pseudotsugata multiple nucleopolyhedrovirus]
TRINITY_DN3680_c7_g1_i5	NP_064803.1	38.7	163	80	3	124	558	102	262	3.56e-28	112	NP_064803.1 inhibitor of apoptosis protein [Betaentomopoxvirus amoorei]
TRINITY_DN3680_c7_g1_i5	YP_009091936.1	41.3	160	80	5	115	564	114	269	1.08e-27	111	YP_009091936.1 inhibitor of apoptosis 3 [Erinnyis ello granulovirus]
TRINITY_DN3680_c7_g1_i5	YP_009249946.1	34.3	175	88	5	112	564	72	243	1.19e-27	110	YP_009249946.1 IAP-3 [Mocis latipes granulovirus]
TRINITY_DN3680_c7_g1_i5	YP_009513093.1	34.3	169	94	3	97	558	100	266	1.50e-27	110	YP_009513093.1 iap-1 [Agrotis segetum granulovirus]
TRINITY_DN3690_c0_g1_i19	YP_009274284.1	26.8	478	295	12	4402	5784	13	452	2.27e-37	152	YP_009274284.1 DNA helicase [Gordonia phage Orchid]
TRINITY_DN3690_c0_g1_i19	YP_611073.1	28.0	479	296	13	4426	5817	28	472	5.83e-36	148	YP_611073.1 global transactivator [Antheraea pernyi nucleopolyhedrovirus]
TRINITY_DN3690_c0_g1_i19	YP_009316132.1	26.3	463	291	11	4426	5766	28	456	8.79e-35	145	YP_009316132.1 global transactivator-like protein [Anticarsia gemmatalis multiple nucleopolyhedrovirus]
TRINITY_DN3690_c0_g1_i19	YP_803440.1	26.3	463	291	11	4426	5766	28	456	8.79e-35	145	YP_803440.1 global transactivator-like protein [Anticarsia gemmatalis nucleopolyhedrovirus]
TRINITY_DN3690_c0_g1_i19	YP_009118582.1	26.0	481	305	12	4426	5817	28	474	1.56e-34	144	YP_009118582.1 global transactivator-like protein [Condylorrhiza vestigialis mutiple nucleopolyhedrovirus]
TRINITY_DN3690_c0_g1_i34	YP_009274284.1	26.8	478	295	12	4402	5784	13	452	3.38e-37	152	YP_009274284.1 DNA helicase [Gordonia phage Orchid]
TRINITY_DN3690_c0_g1_i34	YP_611073.1	28.0	479	296	13	4426	5817	28	472	8.68e-36	148	YP_611073.1 global transactivator [Antheraea pernyi nucleopolyhedrovirus]
TRINITY_DN3690_c0_g1_i34	YP_009316132.1	26.3	463	291	11	4426	5766	28	456	1.31e-34	145	YP_009316132.1 global transactivator-like protein [Anticarsia gemmatalis multiple nucleopolyhedrovirus]
TRINITY_DN3690_c0_g1_i34	YP_803440.1	26.3	463	291	11	4426	5766	28	456	1.31e-34	145	YP_803440.1 global transactivator-like protein [Anticarsia gemmatalis nucleopolyhedrovirus]
TRINITY_DN3690_c0_g1_i34	YP_009118582.1	26.0	481	305	12	4426	5817	28	474	2.33e-34	144	YP_009118582.1 global transactivator-like protein [Condylorrhiza vestigialis mutiple nucleopolyhedrovirus]
TRINITY_DN3690_c0_g1_i40	YP_009274284.1	26.8	478	295	12	2191	3573	13	452	2.82e-37	152	YP_009274284.1 DNA helicase [Gordonia phage Orchid]
TRINITY_DN3690_c0_g1_i40	YP_611073.1	28.0	479	296	13	2215	3606	28	472	7.25e-36	148	YP_611073.1 global transactivator [Antheraea pernyi nucleopolyhedrovirus]
TRINITY_DN3690_c0_g1_i40	YP_009316132.1	26.3	463	291	11	2215	3555	28	456	1.09e-34	145	YP_009316132.1 global transactivator-like protein [Anticarsia gemmatalis multiple nucleopolyhedrovirus]
TRINITY_DN3690_c0_g1_i40	YP_803440.1	26.3	463	291	11	2215	3555	28	456	1.09e-34	145	YP_803440.1 global transactivator-like protein [Anticarsia gemmatalis nucleopolyhedrovirus]
TRINITY_DN3690_c0_g1_i40	YP_009118582.1	26.0	481	305	12	2215	3606	28	474	1.94e-34	144	YP_009118582.1 global transactivator-like protein [Condylorrhiza vestigialis mutiple nucleopolyhedrovirus]
TRINITY_DN3658_c2_g1_i1	YP_010801985.1	30.9	149	76	4	49	444	9	147	1.12e-14	74.3	YP_010801985.1 dual specificity phosphatase [Acanthamoeba castellanii medusavirus]
TRINITY_DN3658_c2_g1_i1	YP_010804735.1	32.4	142	83	3	49	444	9	147	2.03e-14	73.6	YP_010804735.1 dual specificity phosphatase [Acanthamoeba castellanii medusavirus]
TRINITY_DN3658_c2_g1_i1	YP_009046760.1	34.1	129	80	2	58	444	29	152	4.86e-13	70.1	YP_009046760.1 Dual specificity phosphatases [Armadillidium vulgare iridescent virus]
TRINITY_DN3658_c2_g1_i1	YP_009352623.1	28.9	152	85	4	40	444	11	156	1.06e-12	68.9	YP_009352623.1 hypothetical protein BNJ_00214 [Kaumoebavirus]
TRINITY_DN3658_c2_g1_i1	YP_008004506.1	34.5	142	85	4	43	453	9	147	1.25e-12	68.9	YP_008004506.1 protein tyrosine phosphatase 2 [Choristoneura rosaceana entomopoxvirus 'L']
TRINITY_DN3628_c1_g1_i8	YP_010777996.1	51.5	163	75	1	156	644	70	228	8.34e-49	167	YP_010777996.1 cyclophilin ABH-like protein [Bodo saltans virus]
TRINITY_DN3628_c1_g1_i8	YP_009052149.1	51.7	149	68	1	198	644	75	219	2.70e-43	153	YP_009052149.1 putative cyclophilin type peptydyl-prolyl cis-trans isomerase [Aureococcus anophagefferens virus]
TRINITY_DN3628_c1_g1_i8	YP_010803578.1	47.5	158	78	2	168	629	3	159	1.68e-39	141	YP_010803578.1 cyclophilin-type peptidyl-prolyl cis-trans isomerase [Fadolivirus algeromassiliense]
TRINITY_DN3628_c1_g1_i8	YP_010780197.1	33.1	166	81	7	159	566	16	181	1.76e-11	67.0	YP_010780197.1 structural ppiase-like protein [Tupanvirus deep ocean]
TRINITY_DN3628_c1_g1_i8	YP_010788631.1	30.8	169	87	5	159	575	16	184	1.98e-10	63.9	YP_010788631.1 structural ppiase-like protein [Megavirus baoshan]
TRINITY_DN3625_c3_g1_i2	YP_013611852.1	32.6	89	57	1	661	918	57	145	1.37e-07	53.9	YP_013611852.1 Syntaxin [Yasminevirus sp. GU-2018]
TRINITY_DN19756_c0_g2_i3	YP_009310164.1	29.1	289	187	10	255	1109	142	416	7.86e-19	91.7	YP_009310164.1 serine-threonine kinase [Golden Marseillevirus]
TRINITY_DN19756_c0_g2_i3	YP_010803051.1	29.0	221	145	5	510	1160	71	283	2.11e-18	90.1	YP_010803051.1 serine/threonine-protein kinase [Fadolivirus algeromassiliense]
TRINITY_DN19756_c0_g2_i3	YP_013612978.1	30.2	265	168	10	378	1166	1157	1406	4.25e-18	90.9	YP_013612978.1 serine/threonine protein kinase [Cedratvirus lausannensis]
TRINITY_DN19756_c0_g2_i3	YP_009345532.1	29.4	265	172	8	255	1040	1185	1437	4.30e-18	90.9	YP_009345532.1 serine-threonine kinase [Noumeavirus]
TRINITY_DN19756_c0_g2_i3	YP_013022573.1	28.4	264	173	9	378	1166	1156	1404	1.00e-17	89.7	YP_013022573.1 protein kinase [Cedratvirus kamchatka]
TRINITY_DN31652_c0_g1_i4	YP_009219275.1	38.5	200	115	3	222	812	4	198	2.78e-36	132	YP_009219275.1 GtrB-like O-antigen conversion [Sulfolobus monocaudavirus SMV2]
TRINITY_DN31652_c0_g1_i4	YP_010804152.1	25.6	125	90	1	126	500	43	164	9.81e-08	55.8	YP_010804152.1 glycosyl transferase family 2 [Fadolivirus algeromassiliense]
TRINITY_DN34648_c2_g1_i1	YP_013611042.1	43.0	186	101	3	139	696	1	181	9.50e-48	163	YP_013611042.1 Rab GTPase 2d (macronuclear) [Yasminevirus sp. GU-2018]
TRINITY_DN34648_c2_g1_i1	YP_010780883.1	37.4	182	110	2	154	699	4	181	6.81e-38	137	YP_010780883.1 rab family small GTPase [Tupanvirus deep ocean]
TRINITY_DN34648_c2_g1_i1	YP_010782189.1	36.8	182	111	2	154	699	4	181	3.70e-37	135	YP_010782189.1 rab family small GTPase [Tupanvirus soda lake]
TRINITY_DN34648_c2_g1_i1	YP_013611121.1	38.1	194	110	5	154	735	19	202	1.20e-35	132	YP_013611121.1 hypothetical protein YASMINEVIRUS_766 [Yasminevirus sp. GU-2018]
TRINITY_DN34648_c2_g1_i1	YP_013611857.1	38.3	214	124	5	154	792	3	209	6.51e-35	130	YP_013611857.1 ras-related protein RABB1b [Yasminevirus sp. GU-2018]
TRINITY_DN7310_c0_g1_i6	YP_009703037.1	51.9	77	36	1	363	593	4	79	4.07e-22	94.7	YP_009703037.1 BA71V-I215L (k13L) [African swine fever virus]
TRINITY_DN7310_c0_g1_i6	NP_042834.1	50.6	77	37	1	363	593	4	79	2.04e-21	92.8	NP_042834.1 ubiquitin-conjugating enzyme [African swine fever virus]
TRINITY_DN7310_c0_g1_i6	YP_009702388.1	50.6	77	37	1	363	593	4	79	2.04e-21	92.8	YP_009702388.1 ubiquitin-conjugation enzyme [African swine fever virus]
TRINITY_DN7310_c0_g1_i6	YP_009702546.1	50.6	77	37	1	363	593	4	79	2.04e-21	92.8	YP_009702546.1 pI215L [African swine fever virus]
TRINITY_DN7310_c0_g1_i6	YP_009702707.1	50.6	77	37	1	363	593	4	79	2.04e-21	92.8	YP_009702707.1 ubiquitin-conjugation enzyme [African swine fever virus]
TRINITY_DN7310_c0_g1_i9	YP_009703037.1	47.6	168	79	4	363	857	4	165	2.70e-43	159	YP_009703037.1 BA71V-I215L (k13L) [African swine fever virus]
TRINITY_DN7310_c0_g1_i9	YP_009702873.1	47.0	168	80	4	363	857	4	165	3.75e-41	153	YP_009702873.1 BA71V-I215L (k13L) [African swine fever virus]
TRINITY_DN7310_c0_g1_i9	NP_042834.1	52.5	141	61	2	363	785	4	138	6.76e-41	152	NP_042834.1 ubiquitin-conjugating enzyme [African swine fever virus]
TRINITY_DN7310_c0_g1_i9	YP_009702388.1	52.5	141	61	2	363	785	4	138	6.76e-41	152	YP_009702388.1 ubiquitin-conjugation enzyme [African swine fever virus]
TRINITY_DN7310_c0_g1_i9	YP_009702546.1	52.5	141	61	2	363	785	4	138	6.76e-41	152	YP_009702546.1 pI215L [African swine fever virus]
TRINITY_DN29716_c1_g1_i1	YP_013611731.1	62.5	48	18	0	28	171	216	263	9.32e-17	76.3	YP_013611731.1 phosphoenolpyruvate carboxykinase (GTP) [Yasminevirus sp. GU-2018]
TRINITY_DN29716_c1_g1_i6	YP_013611731.1	42.0	288	142	6	244	1083	28	298	4.39e-68	230	YP_013611731.1 phosphoenolpyruvate carboxykinase (GTP) [Yasminevirus sp. GU-2018]
TRINITY_DN29716_c1_g1_i6	YP_013611788.1	41.5	258	130	10	1240	1968	5	256	4.08e-52	186	YP_013611788.1 phosphoenolpyruvate carboxykinase (GTP), partial [Yasminevirus sp. GU-2018]
TRINITY_DN3740_c1_g1_i8	YP_009507248.1	32.5	504	328	6	2841	1363	94	596	4.27e-72	267	YP_009507248.1 ORF B [Trichoplusia ni TED virus]
TRINITY_DN3740_c1_g1_i8	NP_043933.1	30.3	478	308	8	2835	1471	227	702	9.51e-59	220	NP_043933.1 hypothetical protein [Strawberry vein banding virus]
TRINITY_DN3740_c1_g1_i8	NP_659397.1	33.9	436	273	8	2733	1462	234	666	1.61e-55	209	NP_659397.1 hypothetical protein [Mirabilis mosaic virus]
TRINITY_DN3740_c1_g1_i8	YP_001931967.1	34.3	435	266	9	2721	1462	243	672	1.44e-52	201	YP_001931967.1 replicase [Eupatorium vein clearing virus]
TRINITY_DN3740_c1_g1_i8	YP_002519387.1	31.8	428	276	8	2715	1465	274	696	2.37e-50	194	YP_002519387.1 putative enzymatic polyprotein [Rudbeckia flower distortion virus]
TRINITY_DN3701_c0_g1_i1	YP_010803532.1	25.4	798	442	29	838	2856	10	779	1.44e-41	169	YP_010803532.1 eukaryotic translation elongation factor 2 [Fadolivirus algeromassiliense]
TRINITY_DN3701_c0_g1_i1	YP_010782648.1	24.2	789	482	22	838	2883	5	784	3.27e-41	167	YP_010782648.1 elongation factor 2 [Tupanvirus soda lake]
TRINITY_DN3701_c0_g1_i1	YP_010781262.1	25.5	799	459	27	838	2883	5	784	7.64e-41	166	YP_010781262.1 mimivirus elongation factor aef-2 [Tupanvirus deep ocean]
TRINITY_DN3714_c0_g1_i12	YP_009666148.1	38.9	180	107	3	5223	5759	198	375	5.56e-33	136	YP_009666148.1 hypothetical protein FLA14_p101 [Diachasmimorpha longicaudata entomopoxvirus]
TRINITY_DN3714_c0_g1_i12	YP_010796805.1	38.9	180	107	3	5223	5759	198	375	5.56e-33	136	YP_010796805.1 putative RNA helicase [Diachasmimorpha longicaudata entomopoxvirus]
TRINITY_DN3714_c0_g1_i12	YP_010803108.1	35.9	198	117	3	247	828	26	217	4.86e-28	122	YP_010803108.1 ATP-dependent RNA helicase DEAD-box [Fadolivirus algeromassiliense]
TRINITY_DN3714_c0_g1_i12	YP_009173589.1	34.6	179	114	3	5223	5756	217	393	7.47e-27	118	YP_009173589.1 Helicase 45 [Chrysochromulina ericina virus]
TRINITY_DN3714_c0_g1_i12	YP_003970003.1	33.7	190	121	3	5217	5777	196	383	1.59e-25	114	YP_003970003.1 putative superfamily II helicase/eIF-4AIII [Cafeteria roenbergensis virus BV-PW1]
TRINITY_DN3714_c0_g1_i24	YP_009666148.1	39.1	174	103	3	1782	2300	204	375	2.01e-32	133	YP_009666148.1 hypothetical protein FLA14_p101 [Diachasmimorpha longicaudata entomopoxvirus]
TRINITY_DN3714_c0_g1_i24	YP_010796805.1	39.1	174	103	3	1782	2300	204	375	2.01e-32	133	YP_010796805.1 putative RNA helicase [Diachasmimorpha longicaudata entomopoxvirus]
TRINITY_DN3714_c0_g1_i24	YP_010803108.1	35.9	198	117	3	247	828	26	217	1.57e-28	122	YP_010803108.1 ATP-dependent RNA helicase DEAD-box [Fadolivirus algeromassiliense]
TRINITY_DN3714_c0_g1_i24	YP_009173589.1	34.7	173	110	3	1782	2297	223	393	5.91e-27	117	YP_009173589.1 Helicase 45 [Chrysochromulina ericina virus]
TRINITY_DN3714_c0_g1_i24	YP_003970003.1	36.3	171	104	3	1815	2318	215	383	3.88e-26	114	YP_003970003.1 putative superfamily II helicase/eIF-4AIII [Cafeteria roenbergensis virus BV-PW1]
TRINITY_DN3714_c0_g1_i9	YP_009666148.1	37.3	370	222	6	247	1347	13	375	3.39e-79	256	YP_009666148.1 hypothetical protein FLA14_p101 [Diachasmimorpha longicaudata entomopoxvirus]
TRINITY_DN3714_c0_g1_i9	YP_010796805.1	37.3	370	222	6	247	1347	13	375	3.39e-79	256	YP_010796805.1 putative RNA helicase [Diachasmimorpha longicaudata entomopoxvirus]
TRINITY_DN3714_c0_g1_i9	YP_009173589.1	34.9	370	237	4	238	1344	27	393	3.63e-72	238	YP_009173589.1 Helicase 45 [Chrysochromulina ericina virus]
TRINITY_DN3714_c0_g1_i9	YP_010803108.1	35.8	372	226	6	247	1347	26	389	2.10e-69	231	YP_010803108.1 ATP-dependent RNA helicase DEAD-box [Fadolivirus algeromassiliense]
TRINITY_DN3714_c0_g1_i9	YP_013610636.1	34.7	380	239	6	247	1371	270	645	1.28e-58	209	YP_013610636.1 translation initiation factor 4A-III [Yasminevirus sp. GU-2018]
TRINITY_DN3721_c0_g1_i12	YP_009666148.1	35.4	359	220	5	516	1586	17	365	5.33e-58	208	YP_009666148.1 hypothetical protein FLA14_p101 [Diachasmimorpha longicaudata entomopoxvirus]
TRINITY_DN3721_c0_g1_i12	YP_010796805.1	35.4	359	220	5	516	1586	17	365	5.33e-58	208	YP_010796805.1 putative RNA helicase [Diachasmimorpha longicaudata entomopoxvirus]
TRINITY_DN3721_c0_g1_i12	YP_010803108.1	32.6	359	231	5	501	1571	25	374	7.18e-50	185	YP_010803108.1 ATP-dependent RNA helicase DEAD-box [Fadolivirus algeromassiliense]
TRINITY_DN3721_c0_g1_i12	YP_013610636.1	31.3	396	258	5	381	1550	228	615	2.24e-47	184	YP_013610636.1 translation initiation factor 4A-III [Yasminevirus sp. GU-2018]
TRINITY_DN3721_c0_g1_i12	YP_003970003.1	29.3	358	240	6	516	1583	19	365	1.14e-46	176	YP_003970003.1 putative superfamily II helicase/eIF-4AIII [Cafeteria roenbergensis virus BV-PW1]
TRINITY_DN3779_c1_g1_i14	YP_009448762.1	31.8	277	168	5	480	1298	13	272	7.43e-31	132	YP_009448762.1 serine-threonine kinase [Orpheovirus IHUMI-LCC2]
TRINITY_DN3779_c1_g1_i14	YP_009448713.1	32.1	296	171	9	459	1322	3	276	8.33e-30	129	YP_009448713.1 serine-threonine kinase [Orpheovirus IHUMI-LCC2]
TRINITY_DN3779_c1_g1_i14	YP_009448801.1	31.1	280	181	5	462	1298	4	272	2.41e-29	128	YP_009448801.1 serine-threonine kinase [Orpheovirus IHUMI-LCC2]
TRINITY_DN3779_c1_g1_i14	YP_009448822.1	32.2	261	149	11	579	1322	49	294	2.45e-28	120	YP_009448822.1 Protein kinase [Orpheovirus IHUMI-LCC2]
TRINITY_DN3779_c1_g1_i14	YP_009448906.1	32.2	258	152	7	579	1331	48	289	7.37e-28	119	YP_009448906.1 Negative regulator of the PHO system [Orpheovirus IHUMI-LCC2]
TRINITY_DN3779_c1_g1_i8	YP_009448762.1	31.8	277	168	5	480	1298	13	272	7.57e-31	132	YP_009448762.1 serine-threonine kinase [Orpheovirus IHUMI-LCC2]
TRINITY_DN3779_c1_g1_i8	YP_009448713.1	32.1	296	171	9	459	1322	3	276	8.48e-30	129	YP_009448713.1 serine-threonine kinase [Orpheovirus IHUMI-LCC2]
TRINITY_DN3779_c1_g1_i8	YP_009448801.1	31.1	280	181	5	462	1298	4	272	2.46e-29	128	YP_009448801.1 serine-threonine kinase [Orpheovirus IHUMI-LCC2]
TRINITY_DN3779_c1_g1_i8	YP_009448822.1	32.2	261	149	11	579	1322	49	294	2.49e-28	120	YP_009448822.1 Protein kinase [Orpheovirus IHUMI-LCC2]
TRINITY_DN3779_c1_g1_i8	YP_009448906.1	32.2	258	152	7	579	1331	48	289	7.49e-28	119	YP_009448906.1 Negative regulator of the PHO system [Orpheovirus IHUMI-LCC2]
TRINITY_DN3741_c1_g1_i2	YP_010803725.1	27.5	448	245	11	210	1340	393	831	5.89e-32	138	YP_010803725.1 ubiquitin activating enzyme [Fadolivirus algeromassiliense]
TRINITY_DN3741_c1_g1_i2	YP_013611381.1	25.2	440	264	9	219	1346	481	919	1.40e-30	134	YP_013611381.1 ubiquitin-activating enzyme E1 [Yasminevirus sp. GU-2018]
TRINITY_DN3741_c1_g1_i2	YP_003970068.1	26.6	443	251	13	216	1388	333	753	2.55e-28	126	YP_003970068.1 putative ubiquitin-activating enzyme E1 [Cafeteria roenbergensis virus BV-PW1]
TRINITY_DN89876_c0_g1_i10	YP_009182236.1	33.2	304	193	6	320	1228	78	372	8.09e-47	171	YP_009182236.1 hypothetical protein [Diatraea saccharalis granulovirus]
TRINITY_DN89876_c0_g1_i10	YP_009001593.1	37.7	260	141	6	470	1234	93	336	8.22e-46	167	YP_009001593.1 G-protein coupled receptor Mth2-like [Alphaentomopoxvirus acuprea]
TRINITY_DN89876_c0_g1_i10	YP_008003559.1	28.6	367	206	15	149	1195	23	351	1.79e-26	114	YP_008003559.1 unknown similar to AMEV261 [Mythimna separata entomopoxvirus 'L']
TRINITY_DN89823_c0_g1_i1	NP_689442.1	40.7	415	225	6	18	1235	5	407	1.83e-87	275	NP_689442.1 hypothetical protein FHVgp1 [Flock House virus]
TRINITY_DN89823_c0_g1_i1	NP_049329.1	42.6	364	185	6	171	1235	59	407	2.79e-83	265	NP_049329.1 coat protein precursor [Black beetle virus]
TRINITY_DN89823_c0_g1_i1	YP_009333222.1	37.7	366	211	6	120	1208	40	391	4.27e-73	238	YP_009333222.1 hypothetical protein 3 [Shahe isopoda virus 5]
TRINITY_DN89823_c0_g1_i1	NP_620111.1	36.8	416	229	13	18	1229	7	400	5.02e-63	212	NP_620111.1 capsid protein precursor alpha [Pariacoto virus]
TRINITY_DN89823_c0_g1_i1	NP_077732.1	37.3	370	203	11	159	1238	47	397	3.65e-62	209	NP_077732.1 capsid protein precursor alpha [Nodamura virus]
TRINITY_DN39589_c0_g1_i5	YP_013610679.1	42.1	209	111	4	159	776	22	223	1.62e-48	166	YP_013610679.1 inorganic pyrophosphatase, partial [Yasminevirus sp. GU-2018]
TRINITY_DN67979_c0_g1_i3	YP_009052194.1	42.4	451	246	6	176	1492	5	453	9.09e-120	373	YP_009052194.1 translation elongation factor [Aureococcus anophagefferens virus]
TRINITY_DN67979_c0_g1_i3	YP_009238667.1	33.6	440	258	9	188	1492	3	413	6.64e-60	212	YP_009238667.1 translation elongation factor [Brazilian marseillevirus]
TRINITY_DN67979_c0_g1_i3	YP_009254947.1	32.9	447	265	11	179	1501	2	419	1.52e-55	200	YP_009254947.1 conserved putative translation elongation factor 1-alpha [Tokyovirus A1]
TRINITY_DN67979_c0_g1_i3	YP_009094648.1	32.6	445	265	10	179	1495	2	417	1.77e-53	194	YP_009094648.1 conserved putative translation elongation factor 1-alpha [Marseillevirus sp. 'Melbournevirus']
TRINITY_DN67979_c0_g1_i3	YP_003406906.1	32.4	445	266	10	179	1495	2	417	6.29e-53	193	YP_003406906.1 translation elongation factor EF-1alpha [Marseillevirus marseillevirus]
TRINITY_DN67979_c0_g1_i7	YP_009052194.1	55.0	111	50	0	130	462	5	115	4.56e-32	122	YP_009052194.1 translation elongation factor [Aureococcus anophagefferens virus]
TRINITY_DN67979_c0_g1_i7	YP_013612372.1	39.4	99	60	0	148	444	5	103	3.42e-18	78.6	YP_013612372.1 Translation elongation factor EF-1 subunit alpha [Brazilian cedratvirus IHUMI]
TRINITY_DN67979_c0_g1_i7	YP_009238667.1	39.0	105	64	0	142	456	3	107	2.17e-17	81.6	YP_009238667.1 translation elongation factor [Brazilian marseillevirus]
TRINITY_DN67979_c0_g1_i7	YP_004347016.1	41.0	105	62	0	142	456	3	107	5.48e-17	80.5	YP_004347016.1 translation elongation factor [Lausannevirus]
TRINITY_DN67979_c0_g1_i7	YP_009329269.1	42.3	97	56	0	148	438	5	101	5.56e-17	80.5	YP_009329269.1 translation elongation factor [Cedratvirus A11]
TRINITY_DN65498_c1_g2_i19	YP_009223762.1	37.4	438	260	5	103	1401	1	429	2.93e-91	289	YP_009223762.1 putative pyrimidine nucleoside phosphorylase [Geobacillus virus E3]
TRINITY_DN34307_c0_g1_i12	YP_003970090.1	26.1	364	222	14	159	1145	5	356	5.41e-13	73.9	YP_003970090.1 putative ubiquitin carboxyl-terminal hydrolase [Cafeteria roenbergensis virus BV-PW1]
TRINITY_DN94432_c0_g1_i6	YP_013611121.1	45.9	170	89	2	245	754	16	182	3.76e-39	146	YP_013611121.1 hypothetical protein YASMINEVIRUS_766 [Yasminevirus sp. GU-2018]
TRINITY_DN94432_c0_g1_i6	YP_013611042.1	46.3	162	86	1	266	751	10	170	1.28e-37	141	YP_013611042.1 Rab GTPase 2d (macronuclear) [Yasminevirus sp. GU-2018]
TRINITY_DN94432_c0_g1_i6	YP_010780883.1	44.8	163	90	0	266	754	8	170	1.54e-37	140	YP_010780883.1 rab family small GTPase [Tupanvirus deep ocean]
TRINITY_DN94432_c0_g1_i6	YP_010782189.1	44.8	163	90	0	266	754	8	170	3.83e-36	137	YP_010782189.1 rab family small GTPase [Tupanvirus soda lake]
TRINITY_DN94432_c0_g1_i6	YP_013610421.1	42.2	166	90	3	269	754	14	177	1.79e-32	128	YP_013610421.1 GTP-binding protein ypt5 [Yasminevirus sp. GU-2018]
TRINITY_DN23769_c0_g2_i3	YP_010796965.1	48.2	83	41	1	720	478	1	83	3.12e-17	82.0	YP_010796965.1 FtsK [Mayetiola barley midge adintovirus]
TRINITY_DN23769_c0_g2_i3	YP_184883.1	49.3	71	32	2	681	478	13	82	6.32e-12	68.9	YP_184883.1 unnamed protein product [Bracoviriform congregatae]
TRINITY_DN23729_c0_g1_i1	YP_009408041.1	34.6	231	141	5	121	810	3	224	5.59e-38	142	YP_009408041.1 Carbonic anhydrase, GAG-binding MV membrane protein [Eptesipox virus]
TRINITY_DN23729_c0_g1_i3	YP_009408041.1	36.6	93	56	2	121	396	3	93	3.55e-11	64.3	YP_009408041.1 Carbonic anhydrase, GAG-binding MV membrane protein [Eptesipox virus]
TRINITY_DN23729_c0_g1_i5	YP_009408041.1	34.8	230	141	5	121	807	3	224	6.60e-39	142	YP_009408041.1 Carbonic anhydrase, GAG-binding MV membrane protein [Eptesipox virus]
TRINITY_DN16772_c1_g1_i2	YP_010781597.1	27.2	610	377	22	175	1965	1024	1579	2.50e-39	163	YP_010781597.1 non-ribosomal peptide synthetase [Tupanvirus soda lake]
TRINITY_DN16772_c1_g1_i2	YP_010780309.1	27.3	616	385	20	142	1977	4	560	3.27e-39	163	YP_010780309.1 NcpA [Tupanvirus deep ocean]
TRINITY_DN27964_c0_g1_i3	YP_010779989.1	30.9	256	159	9	228	971	1345	1590	3.51e-24	114	YP_010779989.1 tyrosine kinase family protein [Moumouvirus goulette]
TRINITY_DN27964_c0_g1_i3	YP_009483521.1	33.7	246	146	9	243	956	1486	1722	5.49e-23	110	YP_009483521.1 serine-threonine kinase [Pandoravirus quercus]
TRINITY_DN27964_c0_g1_i3	YP_008319462.1	31.3	252	157	9	240	974	1456	1698	2.12e-22	108	YP_008319462.1 serine-threonine kinase [Pandoravirus dulcis]
TRINITY_DN27964_c0_g1_i3	YP_009483283.1	30.3	251	161	8	240	974	1460	1702	8.24e-22	106	YP_009483283.1 serine-threonine kinase [Pandoravirus quercus]
TRINITY_DN27964_c0_g1_i3	YP_008437707.2	29.8	252	161	9	240	974	1463	1705	2.14e-20	101	YP_008437707.2 serine-threonine kinase [Pandoravirus salinus]
TRINITY_DN22119_c6_g1_i2	YP_003517871.1	31.0	126	86	1	192	566	348	473	2.53e-15	77.8	YP_003517871.1 gag-like protein [Lymantria xylina nucleopolyhedrovirus]
TRINITY_DN22132_c4_g1_i2	YP_007003344.1	33.9	460	241	16	357	1616	65	501	3.53e-57	207	YP_007003344.1 tRNA splicing ligase [Bacillus phage SP-10]
TRINITY_DN22132_c4_g1_i2	YP_009199215.1	33.2	437	256	13	357	1616	57	474	6.80e-57	206	YP_009199215.1 tRNA splicing ligase [Brevibacillus phage Jenst]
TRINITY_DN22132_c4_g1_i2	YP_009809392.1	25.6	437	248	15	270	1535	10	384	3.06e-27	118	YP_009809392.1 tRNA splicing ligase [Caulobacter phage CcrPW]
TRINITY_DN22132_c4_g1_i2	YP_009952324.1	28.4	444	241	15	303	1616	24	396	1.52e-26	116	YP_009952324.1 tRNA splicing ligase [Mycobacterium phage Adephagia]
TRINITY_DN22132_c4_g1_i2	YP_009201714.1	27.6	442	255	16	297	1616	22	400	1.61e-26	116	YP_009201714.1 tRNA splicing ligase [Mycobacterium phage Omnicron]
TRINITY_DN10383_c0_g1_i14	YP_013610575.1	26.9	249	148	8	439	1155	167	391	3.05e-13	76.6	YP_013610575.1 hypothetical protein YASMINEVIRUS_220, partial [Yasminevirus sp. GU-2018]
TRINITY_DN10383_c0_g1_i14	YP_009173351.1	30.9	191	105	8	418	960	20	193	3.52e-07	56.6	YP_009173351.1 putative patatin-like phospholipase [Chrysochromulina ericina virus]
TRINITY_DN10343_c0_g1_i1	YP_010841334.1	28.3	230	149	5	2811	3482	1437	1656	1.71e-18	95.9	YP_010841334.1 putative serine/threonine-protein kinase [Cotonvirus japonicus]
TRINITY_DN10343_c0_g1_i1	YP_008437707.2	30.2	281	166	11	2649	3440	820	1087	6.68e-18	94.0	YP_008437707.2 serine-threonine kinase [Pandoravirus salinus]
TRINITY_DN10343_c0_g1_i1	YP_009483283.1	28.5	295	172	11	2607	3440	813	1085	3.38e-17	91.7	YP_009483283.1 serine-threonine kinase [Pandoravirus quercus]
TRINITY_DN10343_c0_g1_i1	YP_010777733.1	30.0	277	168	10	2643	3440	757	1018	4.36e-17	91.3	YP_010777733.1 putative serine/threonine-protein kinase/receptor [Acanthamoeba polyphaga mimivirus]
TRINITY_DN10343_c0_g1_i1	YP_003987358.1	29.2	277	170	10	2643	3440	781	1042	1.69e-16	89.4	YP_003987358.1 serine-threonine kinase [Acanthamoeba polyphaga mimivirus]
TRINITY_DN10374_c0_g2_i1	YP_010796966.1	64.1	103	37	0	76	384	41	143	5.40e-35	130	YP_010796966.1 PLA2X-adenain [Mayetiola barley midge adintovirus]
TRINITY_DN26030_c0_g1_i7	YP_004894410.1	58.5	65	27	0	446	640	6	70	1.41e-15	81.3	YP_004894410.1 DnaJ-like protein [Megavirus chiliensis]
TRINITY_DN26030_c0_g1_i7	YP_010788998.1	58.5	65	27	0	446	640	6	70	1.88e-15	80.9	YP_010788998.1 DnaJ-like protein [Megavirus baoshan]
TRINITY_DN26030_c0_g1_i7	YP_010780872.1	49.3	75	38	0	425	649	3	77	5.04e-15	79.7	YP_010780872.1 DnaJ-like protein [Tupanvirus deep ocean]
TRINITY_DN26030_c0_g1_i7	YP_010776228.1	56.9	65	28	0	446	640	6	70	1.10e-14	78.6	YP_010776228.1 hypothetical protein QJ849_gp315 [Powai lake megavirus]
TRINITY_DN26030_c0_g1_i7	YP_010782179.1	48.0	75	39	0	425	649	3	77	2.88e-14	77.4	YP_010782179.1 DnaJ-like protein [Tupanvirus soda lake]
TRINITY_DN72283_c2_g1_i1	YP_002302517.1	33.0	100	55	5	325	44	246	339	1.51e-06	49.3	YP_002302517.1 DNA polymerase [Bacillus phage AP50]
TRINITY_DN17317_c0_g1_i5	NP_619974.1	24.3	404	270	7	363	1478	3	402	4.16e-28	123	NP_619974.1 CPXV193 protein [Cowpox virus]
TRINITY_DN17317_c0_g1_i5	YP_010509383.1	23.6	403	272	8	366	1478	4	402	9.95e-28	122	YP_010509383.1 BTB and Kelch-like protein [Horsepox virus]
TRINITY_DN17317_c0_g1_i5	YP_233062.1	23.3	404	274	7	363	1478	3	402	1.33e-27	121	YP_233062.1 kelch-like protein [Orthopoxvirus vaccinia]
TRINITY_DN17317_c0_g1_i5	YP_010085845.1	24.1	403	272	6	363	1478	3	402	7.72e-27	119	YP_010085845.1 hypothetical protein KM543_gp177 [Orthopoxvirus Abatino]
TRINITY_DN17317_c0_g1_i5	NP_671669.1	22.6	403	278	7	363	1478	3	402	9.86e-27	119	NP_671669.1 kelch-like protein [Ectromelia virus]
TRINITY_DN17343_c0_g1_i2	YP_010796961.1	35.5	107	56	2	12	293	1063	1169	2.94e-11	61.2	YP_010796961.1 PolB [Mayetiola barley midge adintovirus]
TRINITY_DN17320_c0_g1_i2	YP_010802169.1	38.6	83	50	1	234	482	18	99	3.50e-16	76.6	YP_010802169.1 initiation factor eIF1/SUI [Acanthamoeba castellanii medusavirus]
TRINITY_DN17320_c0_g1_i2	YP_010803662.1	43.0	93	40	4	234	482	22	111	2.96e-14	71.6	YP_010803662.1 translation initiation factor 1 [Fadolivirus algeromassiliense]
TRINITY_DN17320_c0_g1_i2	YP_010780781.1	31.5	108	71	2	159	482	1	105	4.32e-13	68.2	YP_010780781.1 mimivirus translation factor SUI1-like 2 [Tupanvirus deep ocean]
TRINITY_DN17320_c0_g1_i2	YP_010782086.1	34.2	111	64	3	159	482	1	105	2.08e-12	66.2	YP_010782086.1 protein translation factor SUI1-like 2 [Tupanvirus soda lake]
TRINITY_DN17320_c0_g1_i2	YP_003986971.1	29.0	107	72	2	165	482	3	106	4.90e-11	62.4	YP_003986971.1 protein translation factor SUI1-like protein [Acanthamoeba polyphaga mimivirus]
TRINITY_DN17302_c0_g1_i9	YP_009552260.1	21.3	366	242	15	1500	460	25	363	6.69e-07	55.8	YP_009552260.1 fusion protein [Malacosoma neustria nucleopolyhedrovirus]
TRINITY_DN17302_c0_g1_i9	YP_009001897.1	19.1	256	176	9	1137	400	148	382	1.51e-06	54.7	YP_009001897.1 F protein [Buzura suppressaria nucleopolyhedrovirus]
TRINITY_DN17392_c0_g1_i5	YP_003359177.1	46.0	50	27	0	1008	1157	125	174	8.78e-09	62.0	YP_003359177.1 hypothetical protein [Diplodia scrobiculata RNA virus 1]
TRINITY_DN17392_c0_g1_i5	YP_009508242.1	40.4	57	33	1	1002	1169	372	428	1.89e-06	54.7	YP_009508242.1 p47(gag-crk) [Avian sarcoma virus CT10]
TRINITY_DN594_c1_g2_i8	YP_013611687.1	35.7	272	158	4	228	1028	151	410	1.77e-39	156	YP_013611687.1 hypothetical protein YASMINEVIRUS_1401 [Yasminevirus sp. GU-2018]
TRINITY_DN519_c2_g1_i7	YP_009119837.1	34.4	503	272	16	144	1535	49	532	7.81e-79	260	YP_009119837.1 beta glucosidase [Pandoravirus inopinatum]
TRINITY_DN519_c2_g1_i7	YP_009483380.1	33.8	503	275	16	144	1535	50	533	5.28e-74	248	YP_009483380.1 Glycosyl hydrolase family 1 protein [Pandoravirus quercus]
TRINITY_DN519_c2_g1_i7	YP_010801995.1	32.4	478	273	12	141	1523	9	453	2.55e-73	243	YP_010801995.1 beta-galactosidase [Acanthamoeba castellanii medusavirus]
TRINITY_DN597_c0_g1_i15	YP_010669068.1	28.1	352	219	9	359	1378	8	337	1.83e-24	110	YP_010669068.1 hypothetical protein PQC09_gp053 [Synechococcus phage S-N03]
TRINITY_DN560_c0_g1_i24	YP_009507789.1	45.6	182	92	2	278	805	1	181	1.00e-45	167	YP_009507789.1 p21 v-has transforming protein [Harvey murine sarcoma virus]
TRINITY_DN560_c0_g1_i24	YP_009507788.1	45.6	182	92	2	278	805	53	233	4.99e-45	167	YP_009507788.1 protein p30 [Harvey murine sarcoma virus]
TRINITY_DN560_c0_g1_i24	YP_013611857.1	35.2	162	100	3	287	766	7	165	1.68e-15	80.9	YP_013611857.1 ras-related protein RABB1b [Yasminevirus sp. GU-2018]
TRINITY_DN560_c0_g1_i24	YP_010777125.1	29.1	175	117	5	287	793	6	179	5.45e-15	79.3	YP_010777125.1 putative rab-related GTPase [Acanthamoeba polyphaga mimivirus]
TRINITY_DN560_c0_g1_i24	YP_003986711.1	29.7	175	116	5	287	793	6	179	2.51e-14	77.4	YP_003986711.1 probable RAB-related GTPase [Acanthamoeba polyphaga mimivirus]
TRINITY_DN560_c0_g1_i8	YP_009507789.1	45.6	182	92	2	278	805	1	181	9.82e-46	167	YP_009507789.1 p21 v-has transforming protein [Harvey murine sarcoma virus]
TRINITY_DN560_c0_g1_i8	YP_009507788.1	45.6	182	92	2	278	805	53	233	4.88e-45	167	YP_009507788.1 protein p30 [Harvey murine sarcoma virus]
TRINITY_DN560_c0_g1_i8	YP_013611857.1	35.2	162	100	3	287	766	7	165	1.65e-15	80.9	YP_013611857.1 ras-related protein RABB1b [Yasminevirus sp. GU-2018]
TRINITY_DN560_c0_g1_i8	YP_010777125.1	29.1	175	117	5	287	793	6	179	5.34e-15	79.3	YP_010777125.1 putative rab-related GTPase [Acanthamoeba polyphaga mimivirus]
TRINITY_DN560_c0_g1_i8	YP_003986711.1	29.7	175	116	5	287	793	6	179	2.45e-14	77.4	YP_003986711.1 probable RAB-related GTPase [Acanthamoeba polyphaga mimivirus]
TRINITY_DN556_c3_g1_i1	YP_418157.1	32.9	146	80	4	1020	1412	5	147	1.85e-06	51.2	YP_418157.1 Rnase H [Pseudomonas phage EL]
TRINITY_DN584_c0_g1_i1	YP_009507788.1	54.1	170	76	2	242	751	49	216	9.94e-53	176	YP_009507788.1 protein p30 [Harvey murine sarcoma virus]
TRINITY_DN584_c0_g1_i1	YP_009507789.1	54.2	166	74	2	254	751	1	164	2.30e-52	173	YP_009507789.1 p21 v-has transforming protein [Harvey murine sarcoma virus]
TRINITY_DN584_c0_g1_i1	YP_010780883.1	30.1	166	114	2	269	763	10	174	4.81e-18	83.6	YP_010780883.1 rab family small GTPase [Tupanvirus deep ocean]
TRINITY_DN584_c0_g1_i1	YP_009449015.1	33.1	169	107	4	254	757	1	164	1.00e-17	82.8	YP_009449015.1 GTP ras-related protein Rac1 [Orpheovirus IHUMI-LCC2]
TRINITY_DN584_c0_g1_i1	YP_013611720.1	33.3	174	111	4	230	742	1	172	4.77e-17	81.3	YP_013611720.1 Ras-related protein Rab-1A [Yasminevirus sp. GU-2018]
TRINITY_DN506_c0_g1_i16	YP_013611775.1	30.3	816	445	23	741	2864	242	1041	4.69e-69	258	YP_013611775.1 calcium-transporting P-type ATPase, PMR1-type [Yasminevirus sp. GU-2018]
TRINITY_DN506_c0_g1_i16	YP_001498866.1	29.0	701	427	17	840	2858	203	860	2.37e-65	243	YP_001498866.1 ATPase [Paramecium bursaria Chlorella virus AR158]
TRINITY_DN506_c0_g1_i16	YP_009665578.1	29.0	701	427	17	840	2858	203	860	3.17e-65	243	YP_009665578.1 ATPase [Paramecium bursaria Chlorella virus NYs1]
TRINITY_DN506_c0_g1_i16	YP_009325865.1	30.3	679	401	20	840	2795	203	836	1.37e-64	241	YP_009325865.1 ATPase [Only Syngen Nebraska virus 5]
TRINITY_DN506_c0_g1_i16	YP_009701904.1	28.2	645	412	15	840	2726	205	814	8.80e-60	226	YP_009701904.1 ATPase [Paramecium bursaria Chlorella virus CVA-1]
TRINITY_DN513_c1_g1_i2	YP_013611567.1	34.8	158	87	5	2814	3281	1015	1158	5.30e-15	84.0	YP_013611567.1 phosphoinositide 3-kinase [Yasminevirus sp. GU-2018]
TRINITY_DN513_c1_g1_i2	YP_010778592.1	28.4	176	107	6	2781	3287	425	588	5.14e-06	54.3	YP_010778592.1 phosphatidylinositol kinase [Bodo saltans virus]
TRINITY_DN532_c0_g1_i15	YP_009665657.1	31.1	318	180	8	2263	3198	8	292	1.25e-30	130	YP_009665657.1 serine-threonine kinase [Feldmannia irregularis virus a]
TRINITY_DN532_c0_g1_i15	YP_009162415.1	27.8	334	173	8	2263	3255	6	274	1.07e-29	124	YP_009162415.1 serine-threonine kinase [Salmon gill poxvirus]
TRINITY_DN532_c0_g1_i15	YP_002154675.1	29.7	327	198	10	2263	3228	8	307	4.81e-25	113	YP_002154675.1 serine-threonine kinase [Feldmannia species virus]
TRINITY_DN532_c0_g1_i15	YP_013610990.1	24.5	318	180	5	2272	3210	24	286	2.61e-20	96.7	YP_013610990.1 hypothetical protein YASMINEVIRUS_635 [Yasminevirus sp. GU-2018]
TRINITY_DN532_c0_g1_i15	NP_203561.1	27.4	197	85	2	2422	3012	67	205	4.62e-17	86.7	NP_203561.1 protein kinase [Helicoverpa armigera nucleopolyhedrovirus]
TRINITY_DN542_c1_g3_i1	YP_008052571.1	35.7	235	141	4	1398	2081	131	362	8.57e-33	139	YP_008052571.1 ATP-dependent zinc metalloprotease [Phaeocystis globosa virus]
TRINITY_DN542_c1_g3_i1	YP_009465729.1	36.5	244	149	5	1392	2111	136	377	8.21e-32	136	YP_009465729.1 hypothetical protein C5Y57_gp012 [Dishui lake phycodnavirus 1]
TRINITY_DN542_c1_g3_i1	YP_013610833.1	33.9	230	138	5	1416	2069	140	367	2.44e-27	122	YP_013610833.1 CYFA0S28e00188g1_1 [Yasminevirus sp. GU-2018]
TRINITY_DN542_c1_g3_i1	YP_009342207.1	32.0	253	149	9	1521	2222	216	464	4.90e-19	97.1	YP_009342207.1 AAA+ ATPase predicted domain [Lymphocystis disease virus Sa]
TRINITY_DN542_c1_g3_i1	YP_007354307.1	31.8	217	126	8	1512	2114	554	764	1.87e-16	89.0	YP_007354307.1 AAA family ATPase [Acanthamoeba polyphaga moumouvirus]
TRINITY_DN80706_c0_g1_i4	YP_803294.1	35.2	253	152	7	187	924	14	261	4.08e-27	112	YP_803294.1 FabG-like 3-oxoacyl-(acyl-carrier-protein) reductase [Trichoplusia ni ascovirus 2c]
TRINITY_DN34705_c0_g3_i1	YP_232995.1	34.0	238	134	7	181	873	6	227	2.35e-30	120	YP_232995.1 IMV membrane protein [Orthopoxvirus vaccinia]
TRINITY_DN34705_c0_g3_i1	YP_717422.1	34.3	236	136	7	181	873	6	227	8.76e-30	119	YP_717422.1 IMV membrane protein [Taterapox virus]
TRINITY_DN34705_c0_g3_i1	YP_010509323.1	34.9	238	132	8	181	873	6	227	8.76e-30	119	YP_010509323.1 Carbonic anhydrase [Horsepox virus]
TRINITY_DN34705_c0_g3_i1	NP_570501.1	34.5	238	133	8	181	873	6	227	4.53e-29	117	NP_570501.1 CMLV111 [Camelpox virus]
TRINITY_DN34705_c0_g3_i1	NP_619909.1	34.9	238	132	8	181	873	6	227	8.73e-29	116	NP_619909.1 CPXV125 protein [Cowpox virus]
TRINITY_DN11956_c0_g1_i15	YP_010800757.1	38.5	148	74	6	196	624	4	139	6.59e-13	72.0	YP_010800757.1 p13 [Matsumuraeses phaseoli granulovirus]
TRINITY_DN11956_c0_g1_i15	YP_009345760.1	36.7	120	71	2	193	537	2	121	8.58e-13	71.6	YP_009345760.1 P13 [Betabaculovirus altermyunipunctae]
TRINITY_DN11956_c0_g1_i15	YP_654455.1	32.1	168	89	7	196	672	4	155	8.71e-12	68.6	YP_654455.1 P13 [Choristoneura fumiferana granulovirus]
TRINITY_DN11956_c0_g1_i15	NP_663207.1	34.8	135	72	4	193	582	3	126	9.66e-12	68.6	NP_663207.1 glycogenin P13 [Phthorimaea operculella granulovirus]
TRINITY_DN11956_c0_g1_i15	YP_009330171.1	29.6	199	92	8	196	771	16	173	2.62e-11	67.4	YP_009330171.1 P13 [Plodia interpunctella granulovirus]
TRINITY_DN11956_c0_g1_i3	YP_010800757.1	38.5	148	74	6	196	624	4	139	1.70e-12	72.0	YP_010800757.1 p13 [Matsumuraeses phaseoli granulovirus]
TRINITY_DN11956_c0_g1_i3	YP_009345760.1	36.7	120	71	2	193	537	2	121	2.20e-12	71.6	YP_009345760.1 P13 [Betabaculovirus altermyunipunctae]
TRINITY_DN11956_c0_g1_i3	YP_654455.1	32.1	168	89	7	196	672	4	155	2.18e-11	68.6	YP_654455.1 P13 [Choristoneura fumiferana granulovirus]
TRINITY_DN11956_c0_g1_i3	NP_663207.1	34.8	135	72	4	193	582	3	126	2.45e-11	68.6	NP_663207.1 glycogenin P13 [Phthorimaea operculella granulovirus]
TRINITY_DN11956_c0_g1_i3	YP_009330171.1	29.6	199	92	8	196	771	16	173	6.70e-11	67.4	YP_009330171.1 P13 [Plodia interpunctella granulovirus]
TRINITY_DN36794_c0_g1_i8	YP_009173589.1	36.7	384	228	6	382	1521	21	393	1.53e-73	244	YP_009173589.1 Helicase 45 [Chrysochromulina ericina virus]
TRINITY_DN36794_c0_g1_i8	YP_009666148.1	34.5	383	238	7	394	1536	8	379	1.08e-70	236	YP_009666148.1 hypothetical protein FLA14_p101 [Diachasmimorpha longicaudata entomopoxvirus]
TRINITY_DN36794_c0_g1_i8	YP_010796805.1	34.5	383	238	7	394	1536	8	379	1.08e-70	236	YP_010796805.1 putative RNA helicase [Diachasmimorpha longicaudata entomopoxvirus]
TRINITY_DN36794_c0_g1_i8	YP_010803108.1	34.9	375	224	8	385	1491	18	378	1.30e-68	231	YP_010803108.1 ATP-dependent RNA helicase DEAD-box [Fadolivirus algeromassiliense]
TRINITY_DN36794_c0_g1_i8	YP_003970003.1	33.8	352	220	6	394	1443	10	350	1.57e-65	223	YP_003970003.1 putative superfamily II helicase/eIF-4AIII [Cafeteria roenbergensis virus BV-PW1]
TRINITY_DN36755_c1_g1_i5	YP_073558.1	27.0	348	230	6	1029	31	130	468	2.45e-25	110	YP_073558.1 RNA-dependent DNA polymerase [lymphocystis disease virus-China]
TRINITY_DN69895_c0_g1_i13	YP_001497512.1	38.5	462	239	10	460	1830	11	432	4.16e-87	300	YP_001497512.1 Holliday junction branch migration helicase [Paramecium bursaria Chlorella virus NY2A]
TRINITY_DN69895_c0_g1_i13	YP_009665335.1	38.5	462	239	10	460	1830	11	432	4.16e-87	300	YP_009665335.1 Holliday junction branch migration helicase [Paramecium bursaria Chlorella virus NYs1]
TRINITY_DN69895_c0_g1_i13	YP_001498373.1	38.5	462	239	10	460	1830	11	432	4.16e-87	300	YP_001498373.1 Holliday junction branch migration helicase [Paramecium bursaria Chlorella virus AR158]
TRINITY_DN69895_c0_g1_i13	YP_009701780.1	37.6	458	247	7	460	1830	13	432	6.46e-87	299	YP_009701780.1 Holliday junction branch migration helicase [Paramecium bursaria Chlorella virus CVA-1]
TRINITY_DN69895_c0_g1_i13	YP_009325606.1	38.3	462	240	9	460	1830	11	432	2.06e-86	298	YP_009325606.1 Holliday junction branch migration helicase [Only Syngen Nebraska virus 5]
TRINITY_DN69813_c0_g2_i7	YP_008003847.1	26.2	248	151	12	91	813	39	261	2.58e-17	83.2	YP_008003847.1 unknown similar to AMEV004 [Adoxophyes honmai entomopoxvirus 'L']
TRINITY_DN69813_c0_g2_i7	YP_008004135.1	22.4	219	150	8	106	759	45	244	1.65e-09	60.8	YP_008004135.1 unknown similar to AMEV004 [Choristoneura biennis entomopoxvirus]
TRINITY_DN1550_c0_g2_i10	NP_659397.1	29.2	407	277	5	3077	1887	258	663	6.10e-45	178	NP_659397.1 hypothetical protein [Mirabilis mosaic virus]
TRINITY_DN1550_c0_g2_i10	YP_009182100.1	28.5	421	287	7	3113	1887	1704	2122	1.78e-42	175	YP_009182100.1 polyprotein [Vaccinivirus cadovaccinii]
TRINITY_DN1550_c0_g2_i10	NP_619548.1	25.9	406	291	4	3077	1887	258	662	1.49e-37	155	NP_619548.1 unnamed protein product [Figwort mosaic virus]
TRINITY_DN1550_c0_g2_i10	NP_127504.1	27.5	407	279	8	3077	1887	1404	1804	1.01e-33	146	NP_127504.1 ORF I polyprotein [Petunia vein clearing virus]
TRINITY_DN1550_c0_g2_i10	YP_009506267.1	26.1	421	287	8	3074	1878	1439	1857	3.60e-31	138	YP_009506267.1 ORF3 protein [Dioscorea bacilliform AL virus]
TRINITY_DN1550_c0_g2_i4	NP_659397.1	29.2	407	277	5	3077	1887	258	663	3.63e-45	178	NP_659397.1 hypothetical protein [Mirabilis mosaic virus]
TRINITY_DN1550_c0_g2_i4	YP_009182100.1	28.5	421	287	7	3113	1887	1704	2122	8.93e-43	175	YP_009182100.1 polyprotein [Vaccinivirus cadovaccinii]
TRINITY_DN1550_c0_g2_i4	NP_619548.1	25.9	406	291	4	3077	1887	258	662	8.95e-38	155	NP_619548.1 unnamed protein product [Figwort mosaic virus]
TRINITY_DN1550_c0_g2_i4	NP_127504.1	27.5	407	279	8	3077	1887	1404	1804	5.62e-34	146	NP_127504.1 ORF I polyprotein [Petunia vein clearing virus]
TRINITY_DN1550_c0_g2_i4	YP_009506267.1	26.1	421	287	8	3074	1878	1439	1857	2.06e-31	138	YP_009506267.1 ORF3 protein [Dioscorea bacilliform AL virus]
TRINITY_DN1550_c0_g3_i1	YP_443922.1	25.5	153	111	3	964	515	1855	2007	1.21e-09	64.3	YP_443922.1 polyprotein [Atlantic salmon swim bladder sarcoma virus]
TRINITY_DN1550_c0_g3_i1	YP_223871.1	25.1	219	144	8	1198	569	832	1039	4.53e-06	52.8	YP_223871.1 protease/polymerase, partial [Reticuloendotheliosis virus]
TRINITY_DN1546_c0_g1_i15	YP_003359177.1	46.9	49	26	0	898	1044	126	174	6.47e-10	64.7	YP_003359177.1 hypothetical protein [Diplodia scrobiculata RNA virus 1]
TRINITY_DN1517_c0_g2_i2	YP_004821511.1	30.8	107	70	1	555	863	5	111	2.99e-08	60.1	YP_004821511.1 BTB kelch domain protein [Yokapox virus]
TRINITY_DN1517_c0_g2_i5	YP_004821511.1	29.9	107	71	1	124	432	5	111	4.46e-08	58.9	YP_004821511.1 BTB kelch domain protein [Yokapox virus]
TRINITY_DN1517_c0_g2_i9	YP_004821511.1	29.9	107	71	1	124	432	5	111	6.62e-08	58.9	YP_004821511.1 BTB kelch domain protein [Yokapox virus]
TRINITY_DN1533_c5_g1_i24	YP_010778573.1	23.5	272	187	8	2431	1628	257	511	1.16e-12	76.3	YP_010778573.1 putative Non-LTR retrotransposon [Bodo saltans virus]
TRINITY_DN12286_c1_g1_i5	NP_048132.1	25.2	421	275	8	1424	201	136	529	3.48e-35	142	NP_048132.1 Reverse transcriptase [Melanoplus sanguinipes entomopoxvirus]
TRINITY_DN12262_c0_g1_i17	YP_009666309.1	43.9	57	27	2	216	383	83	135	1.05e-06	52.4	YP_009666309.1 env homologue [Cladosporium fulvum T-1 virus]
TRINITY_DN25661_c0_g1_i1	YP_010780924.1	36.2	207	131	1	208	825	8	214	3.12e-31	128	YP_010780924.1 Zn-dependent peptidase [Tupanvirus deep ocean]
TRINITY_DN25661_c0_g1_i1	YP_010782230.1	37.0	200	125	1	208	804	8	207	3.12e-31	128	YP_010782230.1 Zn-dependent peptidase [Tupanvirus soda lake]
TRINITY_DN25661_c0_g1_i1	YP_013611217.1	36.2	196	124	1	202	786	10	205	2.53e-29	123	YP_013611217.1 hypothetical protein YASMINEVIRUS_862 [Yasminevirus sp. GU-2018]
TRINITY_DN25661_c0_g1_i1	YP_010779730.1	26.0	442	287	12	208	1461	8	433	8.92e-29	121	YP_010779730.1 Zn-dependent peptidase [Moumouvirus goulette]
TRINITY_DN25661_c0_g1_i1	YP_010789587.1	28.1	370	233	9	208	1257	8	364	5.63e-28	119	YP_010789587.1 putative Zn-dependent peptidase [Moumouvirus australiensis]
TRINITY_DN39911_c0_g3_i1	YP_009507247.1	33.5	173	106	5	1597	1091	12	179	1.83e-19	94.7	YP_009507247.1 ORF A [Trichoplusia ni TED virus]
TRINITY_DN17097_c0_g1_i1	YP_004061916.1	33.8	139	88	1	19	423	371	509	3.72e-21	93.2	YP_004061916.1 hypothetical protein MpV1_033c [Micromonas sp. RCC1109 virus MpV1]
TRINITY_DN17097_c0_g1_i1	YP_009173045.1	31.3	192	100	5	19	570	367	534	4.86e-21	92.8	YP_009173045.1 hypothetical protein AP054_gp033 [Ostreococcus lucimarinus virus 7]
TRINITY_DN17097_c0_g1_i1	YP_004063463.1	31.3	176	92	3	58	570	383	534	6.63e-21	92.4	YP_004063463.1 putative acetolactate synthase large subunit [Ostreococcus tauri virus 2]
TRINITY_DN17097_c0_g1_i1	YP_007674863.1	31.3	176	92	3	58	570	383	534	6.63e-21	92.4	YP_007674863.1 acetolactate synthase [Ostreococcus lucimarinus virus OlV5]
TRINITY_DN17097_c0_g1_i1	YP_009172526.1	31.3	176	92	3	58	570	383	534	6.63e-21	92.4	YP_009172526.1 hypothetical protein APZ24_gp035 [Ostreococcus lucimarinus virus 2]
TRINITY_DN97185_c2_g1_i12	YP_010802909.1	43.8	128	67	1	254	637	4	126	6.32e-27	105	YP_010802909.1 riboflavin kinase [Fadolivirus algeromassiliense]
TRINITY_DN5966_c1_g1_i6	YP_010803051.1	27.8	212	141	5	516	1145	79	280	4.22e-24	108	YP_010803051.1 serine/threonine-protein kinase [Fadolivirus algeromassiliense]
TRINITY_DN5966_c1_g1_i6	YP_010841926.1	27.2	298	177	10	333	1133	6	294	2.71e-21	100	YP_010841926.1 putative serine/threonine-protein kinase [Cotonvirus japonicus]
TRINITY_DN5966_c1_g1_i6	NP_077596.1	27.0	341	168	13	333	1166	1	323	5.88e-20	96.3	NP_077596.1 serine-threonine kinase [Ectocarpus siliculosus virus 1]
TRINITY_DN5966_c1_g1_i6	YP_013610990.1	27.1	251	168	6	366	1103	23	263	6.53e-20	93.6	YP_013610990.1 hypothetical protein YASMINEVIRUS_635 [Yasminevirus sp. GU-2018]
TRINITY_DN5966_c1_g1_i6	YP_009665657.1	26.8	313	151	12	348	1136	5	289	8.27e-18	89.4	YP_009665657.1 serine-threonine kinase [Feldmannia irregularis virus a]
TRINITY_DN5988_c0_g2_i1	YP_009483038.1	28.4	211	99	5	1330	1821	680	885	2.72e-11	70.9	YP_009483038.1 DnaQ like exonuclease [Pandoravirus quercus]
TRINITY_DN5988_c0_g2_i1	YP_009120315.1	29.6	159	95	4	1156	1596	39	192	2.43e-07	56.2	YP_009120315.1 hypothetical protein TW95_gp1346 [Pandoravirus inopinatum]
TRINITY_DN5988_c0_g2_i2	YP_009483038.1	28.4	211	99	5	1330	1821	680	885	5.82e-11	70.9	YP_009483038.1 DnaQ like exonuclease [Pandoravirus quercus]
TRINITY_DN5988_c0_g2_i2	YP_009120315.1	29.6	159	95	4	1156	1596	39	192	4.62e-07	56.2	YP_009120315.1 hypothetical protein TW95_gp1346 [Pandoravirus inopinatum]
TRINITY_DN5933_c0_g1_i3	YP_008004237.1	30.6	291	181	5	199	1050	1	277	9.07e-39	149	YP_008004237.1 protein phosphatase 1B [Choristoneura biennis entomopoxvirus]
TRINITY_DN5933_c0_g1_i3	YP_009001649.1	26.0	315	221	5	199	1140	1	304	2.16e-33	134	YP_009001649.1 putative protein phosphatase 2C [Alphaentomopoxvirus acuprea]
TRINITY_DN5933_c0_g1_i3	YP_003970108.1	32.2	276	148	11	280	1041	8	266	2.59e-26	111	YP_003970108.1 putative family 2C serine/threonine phosphatase [Cafeteria roenbergensis virus BV-PW1]
TRINITY_DN5933_c0_g1_i3	YP_013610855.1	31.8	277	153	11	280	1050	7	267	2.20e-25	108	YP_013610855.1 serine/threonine protein phosphatase [Yasminevirus sp. GU-2018]
TRINITY_DN5933_c0_g1_i3	YP_004894652.1	28.7	293	157	9	280	1050	13	289	6.84e-20	93.6	YP_004894652.1 putative protein phosphatase 2c [Megavirus chiliensis]
TRINITY_DN5933_c0_g1_i6	YP_008004237.1	30.6	291	181	5	199	1050	1	277	4.90e-38	149	YP_008004237.1 protein phosphatase 1B [Choristoneura biennis entomopoxvirus]
TRINITY_DN5933_c0_g1_i6	YP_009001649.1	26.0	315	221	5	199	1140	1	304	7.04e-33	134	YP_009001649.1 putative protein phosphatase 2C [Alphaentomopoxvirus acuprea]
TRINITY_DN5933_c0_g1_i6	YP_003970108.1	32.2	276	148	11	280	1041	8	266	5.07e-26	111	YP_003970108.1 putative family 2C serine/threonine phosphatase [Cafeteria roenbergensis virus BV-PW1]
TRINITY_DN5933_c0_g1_i6	YP_013610855.1	31.8	277	153	11	280	1050	7	267	4.18e-25	108	YP_013610855.1 serine/threonine protein phosphatase [Yasminevirus sp. GU-2018]
TRINITY_DN5933_c0_g1_i6	YP_004894652.1	28.7	293	157	9	280	1050	13	289	1.21e-19	93.6	YP_004894652.1 putative protein phosphatase 2c [Megavirus chiliensis]
TRINITY_DN5933_c0_g1_i9	YP_008004237.1	30.6	291	181	5	199	1050	1	277	2.09e-38	149	YP_008004237.1 protein phosphatase 1B [Choristoneura biennis entomopoxvirus]
TRINITY_DN5933_c0_g1_i9	YP_009001649.1	26.0	315	221	5	199	1140	1	304	3.94e-33	134	YP_009001649.1 putative protein phosphatase 2C [Alphaentomopoxvirus acuprea]
TRINITY_DN5933_c0_g1_i9	YP_003970108.1	32.2	276	148	11	280	1041	8	266	3.53e-26	111	YP_003970108.1 putative family 2C serine/threonine phosphatase [Cafeteria roenbergensis virus BV-PW1]
TRINITY_DN5933_c0_g1_i9	YP_013610855.1	31.8	277	153	11	280	1050	7	267	2.93e-25	108	YP_013610855.1 serine/threonine protein phosphatase [Yasminevirus sp. GU-2018]
TRINITY_DN5933_c0_g1_i9	YP_004894652.1	28.7	293	157	9	280	1050	13	289	8.54e-20	93.6	YP_004894652.1 putative protein phosphatase 2c [Megavirus chiliensis]
TRINITY_DN9410_c0_g1_i2	YP_009352567.1	29.0	459	245	12	475	1686	52	484	8.09e-41	162	YP_009352567.1 Peroxinectin [Kaumoebavirus]
TRINITY_DN9410_c0_g1_i2	YP_009337452.1	23.8	336	207	11	535	1512	217	513	1.87e-11	72.4	YP_009337452.1 Cy10 [Cynomolgus cytomegalovirus]
TRINITY_DN29350_c0_g1_i1	YP_012611758.1	31.5	470	291	8	149	1540	4	448	8.77e-55	197	YP_012611758.1 signal recognition particle protein [Escherichia phage vB_EcoM-613R3]
TRINITY_DN29350_c0_g1_i1	YP_009949256.1	33.9	310	203	2	149	1075	4	312	2.05e-43	162	YP_009949256.1 signal recognition particle protein, partial [Escherichia phage 500465-1]
TRINITY_DN8990_c0_g1_i1	YP_009173627.1	74.6	63	16	0	279	467	312	374	1.52e-22	100	YP_009173627.1 Hsp70 protein [Chrysochromulina ericina virus]
TRINITY_DN8990_c0_g1_i1	YP_010778092.1	65.1	63	22	0	279	467	112	174	2.95e-20	93.2	YP_010778092.1 putative DnaK/HSP70-like protein [Bodo saltans virus]
TRINITY_DN8990_c0_g1_i1	YP_009173450.1	68.4	57	18	0	297	467	1	57	2.01e-19	89.7	YP_009173450.1 Repeat containing Hsp70 [Chrysochromulina ericina virus]
TRINITY_DN8990_c0_g1_i1	YP_007676312.1	65.1	63	22	0	279	467	307	369	5.01e-19	90.1	YP_007676312.1 heat shock protein 70 [Micromonas pusilla virus 12T]
TRINITY_DN8990_c0_g1_i1	YP_010780595.1	61.9	63	24	0	279	467	124	186	8.77e-19	89.0	YP_010780595.1 putative heat shock 70 kDa protein [Tupanvirus deep ocean]
TRINITY_DN8990_c0_g2_i1	YP_009173627.1	60.8	615	232	6	285	2117	3	612	3.09e-243	702	YP_009173627.1 Hsp70 protein [Chrysochromulina ericina virus]
TRINITY_DN8990_c0_g2_i1	YP_004061438.1	60.2	608	231	4	315	2126	5	605	1.28e-240	694	YP_004061438.1 hypothetical protein BpV1_008c [Bathycoccus sp. RCC1105 virus BpV1]
TRINITY_DN8990_c0_g2_i1	YP_007676312.1	59.6	599	234	5	315	2099	5	599	2.61e-230	667	YP_007676312.1 heat shock protein 70 [Micromonas pusilla virus 12T]
TRINITY_DN8990_c0_g2_i1	YP_010777306.1	55.8	607	263	4	315	2126	7	611	5.52e-224	652	YP_010777306.1 HSP70 [Acanthamoeba polyphaga mimivirus]
TRINITY_DN8990_c0_g2_i1	YP_004894551.1	55.6	608	263	5	315	2126	7	611	1.27e-223	651	YP_004894551.1 heat shock 70 kDa protein-like protein [Megavirus chiliensis]
TRINITY_DN8990_c0_g2_i3	YP_009173627.1	64.2	313	106	4	285	1217	3	311	5.46e-124	378	YP_009173627.1 Hsp70 protein [Chrysochromulina ericina virus]
TRINITY_DN8990_c0_g2_i3	YP_004061438.1	64.7	303	105	2	315	1217	5	307	1.31e-119	365	YP_004061438.1 hypothetical protein BpV1_008c [Bathycoccus sp. RCC1105 virus BpV1]
TRINITY_DN8990_c0_g2_i3	YP_003986897.1	60.7	300	116	2	315	1211	7	305	5.12e-117	359	YP_003986897.1 heat shock 70 kDa protein-like protein [Acanthamoeba polyphaga mimivirus]
TRINITY_DN8990_c0_g2_i3	YP_010777306.1	60.3	300	117	2	315	1211	7	305	5.12e-117	359	YP_010777306.1 HSP70 [Acanthamoeba polyphaga mimivirus]
TRINITY_DN8990_c0_g2_i3	YP_007676312.1	63.9	302	106	3	315	1214	5	305	4.31e-116	356	YP_007676312.1 heat shock protein 70 [Micromonas pusilla virus 12T]
TRINITY_DN8990_c0_g5_i1	YP_010780597.1	65.9	91	26	2	1380	1652	9	94	1.26e-29	120	YP_010780597.1 putative heat shock 70 kDa protein [Tupanvirus deep ocean]
TRINITY_DN8990_c0_g5_i1	YP_010779557.1	63.7	91	28	2	1380	1652	8	93	7.39e-29	117	YP_010779557.1 hypothetical protein QJ854_gp460 [Moumouvirus goulette]
TRINITY_DN8990_c0_g5_i1	YP_010788858.1	63.7	91	28	2	1380	1652	9	94	9.67e-29	117	YP_010788858.1 heat shock 70 kDa protein-like protein [Megavirus baoshan]
TRINITY_DN8990_c0_g5_i1	YP_010781892.1	62.6	91	29	2	1380	1652	9	94	2.75e-28	116	YP_010781892.1 putative heat shock 70 kDa protein [Tupanvirus soda lake]
TRINITY_DN8990_c0_g5_i1	YP_007354398.1	62.6	91	29	2	1380	1652	8	93	1.39e-27	114	YP_007354398.1 HSP70-like protein [Acanthamoeba polyphaga moumouvirus]
TRINITY_DN8990_c0_g6_i1	YP_004061438.1	49.4	85	38	1	294	533	485	569	3.36e-15	82.0	YP_004061438.1 hypothetical protein BpV1_008c [Bathycoccus sp. RCC1105 virus BpV1]
TRINITY_DN8990_c0_g6_i1	YP_003970036.1	46.8	79	42	0	294	530	487	565	1.86e-14	79.7	YP_003970036.1 putative DnaK/Hsp70 [Cafeteria roenbergensis virus BV-PW1]
TRINITY_DN8990_c0_g6_i1	YP_010778092.1	44.2	86	45	1	294	542	289	374	1.47e-13	76.3	YP_010778092.1 putative DnaK/HSP70-like protein [Bodo saltans virus]
TRINITY_DN8990_c0_g6_i1	YP_010803275.1	44.3	79	41	1	294	521	288	366	3.30e-13	75.1	YP_010803275.1 Hsp70 protein [Fadolivirus algeromassiliense]
TRINITY_DN8990_c0_g6_i1	YP_007676312.1	43.8	73	41	0	294	512	484	556	1.12e-11	70.9	YP_007676312.1 heat shock protein 70 [Micromonas pusilla virus 12T]
TRINITY_DN8903_c0_g2_i2	YP_010803051.1	35.8	201	105	7	270	839	1	188	2.99e-28	114	YP_010803051.1 serine/threonine-protein kinase [Fadolivirus algeromassiliense]
TRINITY_DN8903_c0_g2_i2	YP_010841926.1	33.2	214	113	8	270	839	4	211	4.34e-24	103	YP_010841926.1 putative serine/threonine-protein kinase [Cotonvirus japonicus]
TRINITY_DN8903_c0_g2_i2	YP_010781643.1	32.8	229	110	9	270	839	1	224	9.05e-20	92.0	YP_010781643.1 putative serine threonine-protein kinase [Tupanvirus soda lake]
TRINITY_DN8903_c0_g2_i2	YP_010780357.1	31.1	228	115	8	270	839	1	224	1.21e-19	91.7	YP_010780357.1 putative serine threonine-protein kinase [Tupanvirus deep ocean]
TRINITY_DN8903_c0_g2_i2	YP_013610595.1	31.8	198	115	7	258	833	145	328	3.08e-19	90.5	YP_013610595.1 serine/threonine protein kinase [Yasminevirus sp. GU-2018]
TRINITY_DN8954_c0_g1_i4	YP_002321389.1	32.4	432	244	14	927	2174	9	408	2.72e-63	225	YP_002321389.1 semaphorin-like protein [Oryctes rhinoceros nudivirus]
TRINITY_DN8953_c0_g1_i20	YP_010803136.1	30.8	678	383	25	1439	3229	29	701	3.35e-66	241	YP_010803136.1 HrpA-like RNA helicase [Fadolivirus algeromassiliense]
TRINITY_DN8953_c0_g1_i20	YP_010778125.1	29.2	651	394	18	1439	3232	27	663	2.06e-65	238	YP_010778125.1 putative ATP-dependent RNA helicase [Bodo saltans virus]
TRINITY_DN8953_c0_g1_i20	YP_010841948.1	31.3	556	340	16	1436	3010	35	579	2.08e-62	229	YP_010841948.1 putative ATP-dependent RNA helicase [Cotonvirus japonicus]
TRINITY_DN8953_c0_g1_i20	YP_007354542.1	31.6	529	317	15	1463	2950	50	566	2.53e-62	229	YP_007354542.1 HrpA-like helicase [Acanthamoeba polyphaga moumouvirus]
TRINITY_DN8953_c0_g1_i20	YP_010789899.1	30.9	530	319	15	1463	2950	49	565	6.82e-61	225	YP_010789899.1 HrpA-like helicase [Moumouvirus australiensis]
TRINITY_DN8907_c0_g1_i4	NP_659397.1	29.7	408	272	8	1190	3	258	662	1.56e-46	182	NP_659397.1 hypothetical protein [Mirabilis mosaic virus]
TRINITY_DN8907_c0_g1_i4	YP_006907834.1	28.6	479	311	12	1370	3	203	673	3.07e-45	178	YP_006907834.1 polyprotein [Horseradish latent virus]
TRINITY_DN8907_c0_g1_i4	YP_009182100.1	28.8	462	307	11	1337	3	1665	2121	1.43e-42	174	YP_009182100.1 polyprotein [Vaccinivirus cadovaccinii]
TRINITY_DN8907_c0_g1_i4	YP_004347415.1	31.1	438	265	16	1229	3	201	630	1.76e-38	157	YP_004347415.1 replicase [Sweet potato collusive virus]
TRINITY_DN8907_c0_g1_i4	NP_056848.1	28.4	415	276	11	1187	3	223	636	2.00e-36	150	NP_056848.1 aspartic protease/reverse transcriptase [Cassava vein mosaic virus]
TRINITY_DN25572_c0_g2_i6	NP_077658.1	34.2	368	212	10	222	1274	4	358	1.26e-44	165	NP_077658.1 EsV-1-173 [Ectocarpus siliculosus virus 1]
TRINITY_DN25572_c0_g2_i6	YP_003969759.1	34.4	355	193	9	225	1217	3	341	4.20e-44	164	YP_003969759.1 putative DnaJ/Hsp40 [Cafeteria roenbergensis virus BV-PW1]
TRINITY_DN25572_c0_g2_i6	YP_009174434.1	35.1	333	184	10	237	1226	1	304	1.07e-35	139	YP_009174434.1 putative heat shock protein 40 [Yellowstone lake phycodnavirus 3]
TRINITY_DN25572_c0_g2_i6	YP_007354262.1	28.5	354	222	8	228	1274	2	329	7.08e-31	127	YP_007354262.1 DnaJ-like protein [Acanthamoeba polyphaga moumouvirus]
TRINITY_DN25572_c0_g2_i6	YP_004894410.1	28.4	342	211	8	228	1232	2	316	1.65e-30	126	YP_004894410.1 DnaJ-like protein [Megavirus chiliensis]
TRINITY_DN25572_c0_g2_i7	NP_077658.1	34.2	368	212	10	222	1274	4	358	1.14e-43	165	NP_077658.1 EsV-1-173 [Ectocarpus siliculosus virus 1]
TRINITY_DN25572_c0_g2_i7	YP_003969759.1	34.4	355	193	9	225	1217	3	341	3.77e-43	164	YP_003969759.1 putative DnaJ/Hsp40 [Cafeteria roenbergensis virus BV-PW1]
TRINITY_DN25572_c0_g2_i7	YP_009174434.1	35.1	333	184	10	237	1226	1	304	3.88e-35	139	YP_009174434.1 putative heat shock protein 40 [Yellowstone lake phycodnavirus 3]
TRINITY_DN25572_c0_g2_i7	YP_007354262.1	28.5	354	222	8	228	1274	2	329	1.94e-30	127	YP_007354262.1 DnaJ-like protein [Acanthamoeba polyphaga moumouvirus]
TRINITY_DN25572_c0_g2_i7	YP_004894410.1	28.4	342	211	8	228	1232	2	316	4.39e-30	126	YP_004894410.1 DnaJ-like protein [Megavirus chiliensis]
TRINITY_DN25540_c0_g1_i3	NP_048132.1	25.3	320	204	9	2274	1354	136	433	7.29e-16	85.9	NP_048132.1 Reverse transcriptase [Melanoplus sanguinipes entomopoxvirus]
TRINITY_DN25593_c0_g1_i11	YP_009831997.1	31.3	211	106	10	913	1536	91	265	5.07e-10	66.2	YP_009831997.1 protease [Bacillus phage vB_BsuM-Goe3]
TRINITY_DN25593_c0_g1_i11	YP_010679334.1	27.2	276	150	11	850	1671	60	286	2.64e-09	63.5	YP_010679334.1 protease [Bacillus phage PBC2]
TRINITY_DN25593_c0_g1_i11	YP_009849965.1	30.5	213	101	10	919	1536	88	260	7.73e-08	59.7	YP_009849965.1 protease [Bacillus phage vB_BmeM-Goe8]
TRINITY_DN25593_c0_g1_i11	YP_010679529.1	26.3	274	155	11	850	1671	60	286	6.64e-07	56.2	YP_010679529.1 protease [Bacillus phage Kirov]
TRINITY_DN25593_c0_g1_i11	YP_010679998.1	25.9	259	142	11	901	1671	55	265	9.82e-07	55.5	YP_010679998.1 protease [Bacillus phage pW2]
TRINITY_DN21590_c2_g1_i5	YP_013610859.1	25.9	428	243	14	950	2071	139	546	3.07e-24	110	YP_013610859.1 S-adenosylmethionine-dependent methyltransferase [Yasminevirus sp. GU-2018]
TRINITY_DN21532_c1_g1_i3	YP_008719957.1	33.7	312	183	10	360	1247	246	549	5.04e-37	148	YP_008719957.1 chitinase [Clostera anastomosis granulovirus Henan]
TRINITY_DN21532_c1_g1_i3	YP_009116977.1	28.5	403	225	15	174	1223	153	545	7.62e-37	147	YP_009116977.1 chitinase [Pseudoplusia includens SNPV IE]
TRINITY_DN21532_c1_g1_i3	YP_004376217.1	32.1	312	188	10	360	1247	246	549	1.95e-35	144	YP_004376217.1 chitinase [Clostera anachoreta granulovirus]
TRINITY_DN21532_c1_g1_i3	YP_249669.1	31.7	306	185	10	360	1223	246	545	5.65e-35	142	YP_249669.1 chitinase [Chrysodeixis chalcites nucleopolyhedrovirus]
TRINITY_DN21532_c1_g1_i3	NP_047523.1	28.9	415	227	16	162	1247	144	543	8.46e-35	141	NP_047523.1 CHITINASE [Bombyx mori nucleopolyhedrovirus]
TRINITY_DN21599_c0_g4_i1	YP_009508411.1	32.7	101	66	1	315	19	1537	1637	4.58e-12	64.3	YP_009508411.1 ORF3 protein [Dioscorea bacilliform RT virus 2]
TRINITY_DN21599_c0_g4_i1	YP_003208050.1	31.7	101	67	1	303	7	1548	1648	4.59e-12	64.3	YP_003208050.1 putative polyprotein [Pelargonium vein banding virus]
TRINITY_DN21599_c0_g4_i1	YP_010790446.1	31.8	107	69	2	333	19	1683	1787	2.17e-11	62.4	YP_010790446.1 ORF3 [Dioscorea bacilliform virus]
TRINITY_DN21599_c0_g4_i1	YP_009002585.1	30.5	95	64	1	303	25	1491	1585	2.95e-11	62.0	YP_009002585.1 polyprotein [Hibiscus bacilliform virus GD1]
TRINITY_DN21599_c0_g4_i1	YP_010796654.1	45.8	59	32	0	303	127	1485	1543	5.50e-11	61.2	YP_010796654.1 CP, RT, RNaseH and protease polyprotein [Cacao swollen shoot Togo A virus]
TRINITY_DN30154_c0_g1_i2	YP_009483690.1	33.1	366	204	11	93	1142	10	350	7.30e-43	166	YP_009483690.1 Carboxylic ester hydrolase [Pandoravirus quercus]
TRINITY_DN30154_c0_g1_i2	YP_009481512.1	33.8	317	174	10	240	1142	46	342	2.29e-37	150	YP_009481512.1 Carboxylic ester hydrolase [Pandoravirus macleodensis]
TRINITY_DN30154_c0_g1_i2	YP_010779936.1	35.4	336	169	16	123	1082	12	315	7.11e-37	149	YP_010779936.1 hypothetical protein QJ854_gp081 [Moumouvirus goulette]
TRINITY_DN30154_c0_g1_i2	YP_010788378.1	36.0	300	154	14	114	965	8	285	3.11e-36	147	YP_010788378.1 cholinesterase [Megavirus baoshan]
TRINITY_DN30154_c0_g1_i2	YP_003987440.1	40.2	234	123	7	162	818	17	248	2.60e-35	144	YP_003987440.1 probable cholinesterase [Acanthamoeba polyphaga mimivirus]
TRINITY_DN30137_c0_g1_i3	YP_009507248.1	50.4	123	56	1	7	360	165	287	3.13e-32	122	YP_009507248.1 ORF B [Trichoplusia ni TED virus]
TRINITY_DN30137_c0_g1_i3	NP_043933.1	42.3	123	67	1	7	363	305	427	1.08e-24	100	NP_043933.1 hypothetical protein [Strawberry vein banding virus]
TRINITY_DN30137_c0_g1_i3	YP_006907834.1	40.3	119	67	1	10	354	274	392	9.41e-24	97.8	YP_006907834.1 polyprotein [Horseradish latent virus]
TRINITY_DN30137_c0_g1_i3	NP_056728.1	41.2	119	66	1	10	354	274	392	1.28e-23	97.4	NP_056728.1 reverse transcriptase [Cauliflower mosaic virus]
TRINITY_DN30137_c0_g1_i3	YP_002519387.1	44.0	116	61	1	10	345	299	414	2.40e-23	96.7	YP_002519387.1 putative enzymatic polyprotein [Rudbeckia flower distortion virus]
TRINITY_DN37947_c0_g2_i1	YP_001956722.2	31.4	153	102	2	459	1	815	964	4.10e-17	80.9	YP_001956722.2 Pol precursor [African green monkey simian foamy virus]
TRINITY_DN37947_c0_g2_i1	YP_009508571.1	32.3	158	104	2	474	1	812	966	5.57e-17	80.5	YP_009508571.1 pol protein [Western lowland gorilla simian foamy virus]
TRINITY_DN37947_c0_g2_i1	YP_009666126.1	31.4	153	102	2	459	1	815	964	7.59e-17	80.1	YP_009666126.1 pol protein [Guenon simian foamy virus]
TRINITY_DN37947_c0_g2_i1	YP_009508556.1	30.7	153	103	2	459	1	815	964	1.41e-16	79.3	YP_009508556.1 pol protein [Japanese macaque simian foamy virus]
TRINITY_DN37947_c0_g2_i1	YP_009513242.1	30.7	153	103	2	459	1	815	964	1.41e-16	79.3	YP_009513242.1 pol [Rhesus macaque simian foamy virus]
TRINITY_DN5885_c0_g1_i4	NP_570396.1	35.3	238	144	6	230	940	6	234	4.62e-28	116	NP_570396.1 NMDA-receptor-like protein [Camelpox virus]
TRINITY_DN5885_c0_g1_i4	YP_013610711.1	30.3	188	128	1	386	940	14	201	4.03e-22	98.6	YP_013610711.1 protein lifeguard 1-like [Yasminevirus sp. GU-2018]
TRINITY_DN5885_c0_g1_i4	YP_009163856.1	29.6	233	155	3	248	946	12	235	7.79e-20	92.8	YP_009163856.1 ORF_095L [Scale drop disease virus]
TRINITY_DN5885_c0_g1_i4	YP_010084464.1	30.9	230	150	4	257	946	17	237	3.12e-19	91.3	YP_010084464.1 protein lifeguard 4 isoform X1 [Harp seal herpesvirus]
TRINITY_DN5885_c0_g1_i4	YP_013611641.1	28.8	226	148	6	284	943	12	230	2.12e-08	59.3	YP_013611641.1 hypothetical protein YASMINEVIRUS_1355 [Yasminevirus sp. GU-2018]
TRINITY_DN5845_c0_g1_i7	YP_009665180.1	29.8	198	126	6	576	4	121	312	1.99e-10	68.2	YP_009665180.1 pol polyprotein, partial [Walleye epidermal hyperplasia virus 2]
TRINITY_DN5845_c0_g1_i7	NP_045937.2	28.6	175	121	3	522	4	736	908	1.27e-08	62.4	NP_045937.2 Pr gag-pro-pol [Walleye dermal sarcoma virus]
TRINITY_DN5845_c0_g1_i7	YP_009665179.1	30.4	171	108	5	501	4	148	312	6.03e-08	60.1	YP_009665179.1 pol polyprotein, partial [Walleye epidermal hyperplasia virus 1]
TRINITY_DN5891_c0_g1_i8	YP_010779989.1	25.9	274	174	7	474	1286	1343	1590	1.06e-21	105	YP_010779989.1 tyrosine kinase family protein [Moumouvirus goulette]
TRINITY_DN5891_c0_g1_i8	YP_009481279.1	28.7	314	184	10	387	1286	1432	1719	2.83e-20	101	YP_009481279.1 serine-threonine kinase [Pandoravirus macleodensis]
TRINITY_DN5891_c0_g1_i8	YP_009482204.1	29.0	279	169	8	456	1283	1491	1743	4.90e-20	100	YP_009482204.1 serine-threonine kinase [Pandoravirus neocaledonia]
TRINITY_DN5891_c0_g1_i8	YP_002154675.1	25.9	320	166	7	477	1310	5	295	3.01e-18	92.0	YP_002154675.1 serine-threonine kinase [Feldmannia species virus]
TRINITY_DN5891_c0_g1_i8	YP_009483283.1	27.1	280	175	8	456	1286	1448	1701	3.72e-18	94.4	YP_009483283.1 serine-threonine kinase [Pandoravirus quercus]
TRINITY_DN5818_c2_g1_i4	YP_003517841.1	33.1	124	74	3	55	417	47	164	3.44e-08	58.2	YP_003517841.1 VP80 [Lymantria xylina nucleopolyhedrovirus]
TRINITY_DN5818_c2_g1_i4	YP_010805379.1	37.8	90	55	1	34	300	32	121	3.44e-08	58.2	YP_010805379.1 VP80 [Olene mendosa nucleopolyhedrovirus]
TRINITY_DN5818_c2_g1_i4	NP_047742.1	37.2	86	53	1	46	300	26	111	3.50e-08	58.2	NP_047742.1 Ld-vp80 [Lymantria dispar multiple nucleopolyhedrovirus]
TRINITY_DN5818_c2_g1_i8	YP_010805379.1	37.8	90	55	1	634	900	32	121	3.64e-07	58.5	YP_010805379.1 VP80 [Olene mendosa nucleopolyhedrovirus]
TRINITY_DN5818_c2_g1_i8	NP_047742.1	37.2	86	53	1	646	900	26	111	3.72e-07	58.5	NP_047742.1 Ld-vp80 [Lymantria dispar multiple nucleopolyhedrovirus]
TRINITY_DN5818_c2_g1_i8	YP_003517841.1	33.1	124	74	3	655	1017	47	164	4.77e-07	58.2	YP_003517841.1 VP80 [Lymantria xylina nucleopolyhedrovirus]
TRINITY_DN5851_c0_g1_i1	YP_009666308.1	28.7	645	415	10	5	1894	406	1020	9.37e-80	276	YP_009666308.1 Reverse Transcriptase, partial [Cladosporium fulvum T-1 virus]
TRINITY_DN5851_c0_g1_i1	NP_127504.1	31.0	336	225	6	8	1003	1475	1807	7.03e-38	154	NP_127504.1 ORF I polyprotein [Petunia vein clearing virus]
TRINITY_DN5851_c0_g1_i1	NP_043933.1	26.7	337	241	3	2	994	366	702	1.10e-31	134	NP_043933.1 hypothetical protein [Strawberry vein banding virus]
TRINITY_DN5851_c0_g1_i1	YP_009041481.1	27.8	345	229	9	8	997	1462	1801	1.13e-30	132	YP_009041481.1 polyprotein [Pagoda yellow mosaic associated virus]
TRINITY_DN5851_c0_g1_i1	YP_003208050.1	29.6	348	219	8	8	997	1483	1822	3.55e-30	130	YP_003208050.1 putative polyprotein [Pelargonium vein banding virus]
TRINITY_DN5851_c2_g1_i4	YP_009259698.1	37.0	138	75	3	2163	2540	1133	1270	2.12e-15	84.7	YP_009259698.1 polyprotein [Canna yellow mottle associated virus]
TRINITY_DN5851_c2_g1_i4	YP_003284237.1	34.5	148	85	3	2151	2558	1209	1356	2.15e-15	84.7	YP_003284237.1 ORF3 protein [Sugarcane bacilliform Guadeloupe D virus]
TRINITY_DN5851_c2_g1_i4	YP_009506264.1	35.1	148	84	3	2151	2558	1247	1394	1.43e-14	82.0	YP_009506264.1 polyprotein [Canna yellow mottle virus]
TRINITY_DN5851_c2_g1_i4	YP_009552737.1	30.0	170	99	4	2109	2558	1366	1535	3.33e-14	80.9	YP_009552737.1 polyprotein [Birch leaf roll-associated virus]
TRINITY_DN5851_c2_g1_i4	YP_009507248.1	29.4	160	108	2	2118	2582	124	283	4.79e-14	80.1	YP_009507248.1 ORF B [Trichoplusia ni TED virus]
TRINITY_DN62245_c0_g1_i1	YP_010781167.1	39.9	143	85	1	3	428	522	664	6.84e-24	106	YP_010781167.1 threonyl-tRNA synthetase [Tupanvirus deep ocean]
TRINITY_DN62245_c0_g1_i1	YP_010803772.1	39.4	142	86	0	3	428	256	397	5.58e-23	102	YP_010803772.1 threonyl-tRNA synthetase [Fadolivirus algeromassiliense]
TRINITY_DN62245_c0_g1_i1	YP_010782552.1	34.3	137	90	0	3	413	524	660	1.82e-22	102	YP_010782552.1 threonyl-tRNA synthetase [Tupanvirus soda lake]
TRINITY_DN62245_c0_g1_i1	YP_009611666.1	31.5	130	85	2	539	922	9	136	6.80e-14	72.0	YP_009611666.1 translation initiation factor [Agrobacterium phage Atu_ph07]
TRINITY_DN62245_c0_g1_i1	YP_013611586.1	25.3	150	100	4	3	416	799	948	1.19e-06	53.9	YP_013611586.1 threonyl-tRNA synthetase [Yasminevirus sp. GU-2018]
TRINITY_DN12748_c0_g3_i2	YP_010780883.1	40.2	169	100	1	34	537	3	171	1.96e-43	150	YP_010780883.1 rab family small GTPase [Tupanvirus deep ocean]
TRINITY_DN12748_c0_g3_i2	YP_010782189.1	41.4	169	98	1	34	537	3	171	2.15e-42	148	YP_010782189.1 rab family small GTPase [Tupanvirus soda lake]
TRINITY_DN12748_c0_g3_i2	YP_013611720.1	38.5	182	108	2	52	588	13	193	3.53e-42	148	YP_013611720.1 Ras-related protein Rab-1A [Yasminevirus sp. GU-2018]
TRINITY_DN12748_c0_g3_i2	YP_013611121.1	45.1	153	82	2	52	510	24	174	3.14e-39	140	YP_013611121.1 hypothetical protein YASMINEVIRUS_766 [Yasminevirus sp. GU-2018]
TRINITY_DN12748_c0_g3_i2	YP_010841567.1	36.9	160	98	2	49	522	6	164	1.41e-30	117	YP_010841567.1 Rab family GTPase [Cotonvirus japonicus]
TRINITY_DN26110_c0_g1_i1	YP_002519387.1	37.7	69	39	1	14	208	628	696	4.46e-06	47.4	YP_002519387.1 putative enzymatic polyprotein [Rudbeckia flower distortion virus]
TRINITY_DN26192_c1_g1_i2	NP_056728.1	40.5	116	65	1	342	7	273	388	3.26e-22	94.4	NP_056728.1 reverse transcriptase [Cauliflower mosaic virus]
TRINITY_DN26192_c1_g1_i2	YP_006907834.1	38.8	116	67	1	342	7	273	388	4.45e-22	94.0	YP_006907834.1 polyprotein [Horseradish latent virus]
TRINITY_DN26192_c1_g1_i2	YP_002519387.1	39.3	117	67	1	342	4	298	414	2.51e-20	89.0	YP_002519387.1 putative enzymatic polyprotein [Rudbeckia flower distortion virus]
TRINITY_DN26192_c1_g1_i2	NP_043933.1	40.0	115	65	1	339	7	306	420	4.09e-19	85.5	NP_043933.1 hypothetical protein [Strawberry vein banding virus]
TRINITY_DN26192_c1_g1_i2	NP_569153.1	39.7	121	62	1	336	7	1425	1545	1.12e-18	84.3	NP_569153.1 unknown [Citrus yellow mosaic virus]
TRINITY_DN23523_c0_g1_i10	YP_003359177.1	49.1	55	25	1	421	585	125	176	9.24e-06	52.4	YP_003359177.1 hypothetical protein [Diplodia scrobiculata RNA virus 1]
TRINITY_DN3484_c0_g1_i6	NP_048132.1	29.4	347	215	9	1712	2737	82	403	1.37e-33	140	NP_048132.1 Reverse transcriptase [Melanoplus sanguinipes entomopoxvirus]
TRINITY_DN3484_c0_g1_i6	YP_010087922.1	27.5	382	235	12	1673	2746	81	444	2.49e-20	99.4	YP_010087922.1 RNA-dependent DNA polymerase [Lymphocystis disease virus 4]
TRINITY_DN3484_c0_g1_i9	NP_048132.1	29.4	347	215	9	313	1338	82	403	3.50e-34	140	NP_048132.1 Reverse transcriptase [Melanoplus sanguinipes entomopoxvirus]
TRINITY_DN3484_c0_g1_i9	YP_010087922.1	27.5	382	235	12	274	1347	81	444	9.60e-21	99.4	YP_010087922.1 RNA-dependent DNA polymerase [Lymphocystis disease virus 4]
TRINITY_DN3426_c0_g2_i2	YP_164171.1	46.0	276	149	0	127	954	4	279	1.06e-85	269	YP_164171.1 hypothetical protein ORF076L [Singapore grouper iridovirus]
TRINITY_DN3426_c0_g2_i5	YP_164171.1	49.0	147	75	0	127	567	4	150	3.48e-50	167	YP_164171.1 hypothetical protein ORF076L [Singapore grouper iridovirus]
TRINITY_DN3493_c0_g1_i11	NP_077596.1	30.4	260	115	6	181	774	6	261	2.57e-26	115	NP_077596.1 serine-threonine kinase [Ectocarpus siliculosus virus 1]
TRINITY_DN3493_c0_g1_i11	YP_010803051.1	30.3	208	127	6	190	774	14	216	3.26e-24	108	YP_010803051.1 serine/threonine-protein kinase [Fadolivirus algeromassiliense]
TRINITY_DN3493_c0_g1_i11	YP_009552139.1	28.5	249	164	6	163	891	6	246	2.42e-21	97.4	YP_009552139.1 serine/threonine-protein kinase 1 [Malacosoma neustria nucleopolyhedrovirus]
TRINITY_DN3493_c0_g1_i11	YP_010779412.1	28.5	228	131	7	181	771	8	234	2.87e-21	97.4	YP_010779412.1 kinase [Moumouvirus goulette]
TRINITY_DN3493_c0_g1_i11	YP_013611601.1	27.8	230	156	5	94	774	30	252	1.63e-20	99.4	YP_013611601.1 serine/threonine protein kinase [Yasminevirus sp. GU-2018]
TRINITY_DN3493_c0_g1_i14	NP_077596.1	28.7	328	163	8	181	975	6	325	4.82e-26	117	NP_077596.1 serine-threonine kinase [Ectocarpus siliculosus virus 1]
TRINITY_DN3493_c0_g1_i14	YP_010803051.1	26.6	271	178	7	190	954	14	279	2.03e-25	114	YP_010803051.1 serine/threonine-protein kinase [Fadolivirus algeromassiliense]
TRINITY_DN3493_c0_g1_i14	YP_009665657.1	26.9	320	176	9	181	1008	5	310	1.50e-22	106	YP_009665657.1 serine-threonine kinase [Feldmannia irregularis virus a]
TRINITY_DN3493_c0_g1_i14	YP_002154675.1	26.4	296	158	9	199	948	11	292	1.69e-21	103	YP_002154675.1 serine-threonine kinase [Feldmannia species virus]
TRINITY_DN3493_c0_g1_i14	YP_013610595.1	25.6	344	172	8	184	1002	158	488	6.61e-21	103	YP_013610595.1 serine/threonine protein kinase [Yasminevirus sp. GU-2018]
TRINITY_DN3493_c0_g1_i15	YP_010780714.1	25.8	128	91	1	181	552	13	140	1.12e-09	60.8	YP_010780714.1 Serine/threonine protein kinase [Tupanvirus deep ocean]
TRINITY_DN3493_c0_g1_i15	YP_009000988.1	29.1	127	89	1	175	552	788	914	2.21e-09	61.2	YP_009000988.1 serine-threonine kinase [Pithovirus sibericum]
TRINITY_DN3493_c0_g1_i15	YP_010782022.1	26.9	119	83	1	208	552	22	140	5.13e-09	58.9	YP_010782022.1 serine/Threonine protein kinase [Tupanvirus soda lake]
TRINITY_DN3493_c0_g1_i15	YP_009552139.1	29.9	137	85	4	163	555	6	137	6.80e-09	58.5	YP_009552139.1 serine/threonine-protein kinase 1 [Malacosoma neustria nucleopolyhedrovirus]
TRINITY_DN3493_c0_g1_i15	YP_009481583.1	31.5	124	81	2	193	552	896	1019	7.21e-09	59.7	YP_009481583.1 serine-threonine kinase [Pandoravirus macleodensis]
TRINITY_DN3493_c0_g1_i17	YP_010803051.1	27.6	217	147	4	226	858	65	277	3.42e-25	108	YP_010803051.1 serine/threonine-protein kinase [Fadolivirus algeromassiliense]
TRINITY_DN3493_c0_g1_i17	NP_077596.1	27.9	308	152	7	118	855	15	314	1.35e-24	107	NP_077596.1 serine-threonine kinase [Ectocarpus siliculosus virus 1]
TRINITY_DN3493_c0_g1_i17	YP_009665657.1	25.9	297	163	8	118	879	14	296	9.00e-22	99.0	YP_009665657.1 serine-threonine kinase [Feldmannia irregularis virus a]
TRINITY_DN3493_c0_g1_i17	YP_002154675.1	25.3	293	159	9	118	858	14	292	1.11e-20	95.9	YP_002154675.1 serine-threonine kinase [Feldmannia species virus]
TRINITY_DN3493_c0_g1_i17	YP_013611601.1	29.5	193	128	4	115	684	65	252	3.42e-20	95.5	YP_013611601.1 serine/threonine protein kinase [Yasminevirus sp. GU-2018]
TRINITY_DN3497_c0_g1_i1	YP_009640097.1	46.0	285	151	2	243	1091	7	290	2.01e-85	280	YP_009640097.1 hypothetical protein AV955_gp109 [Diadromus pulchellus ascovirus 4a]
TRINITY_DN3497_c0_g1_i8	YP_009640097.1	46.0	285	151	2	243	1091	7	290	2.22e-85	280	YP_009640097.1 hypothetical protein AV955_gp109 [Diadromus pulchellus ascovirus 4a]
TRINITY_DN30344_c0_g2_i1	YP_009208305.1	31.9	163	99	7	94	576	3	155	1.52e-10	65.5	YP_009208305.1 endolysin [Streptomyces phage Amela]
TRINITY_DN69_c0_g1_i6	YP_013611775.1	31.8	682	395	19	19	1944	202	853	4.21e-73	265	YP_013611775.1 calcium-transporting P-type ATPase, PMR1-type [Yasminevirus sp. GU-2018]
TRINITY_DN69_c0_g1_i6	YP_009325865.1	30.2	636	339	14	22	1917	143	677	2.72e-63	233	YP_009325865.1 ATPase [Only Syngen Nebraska virus 5]
TRINITY_DN69_c0_g1_i6	YP_009701904.1	28.3	637	353	15	25	1929	146	680	8.94e-58	217	YP_009701904.1 ATPase [Paramecium bursaria Chlorella virus CVA-1]
TRINITY_DN69_c0_g1_i6	YP_013610613.1	29.2	655	364	18	28	1926	374	950	3.55e-57	218	YP_013610613.1 calcium-transporting P-type ATPase, PMR1-type [Yasminevirus sp. GU-2018]
TRINITY_DN69_c0_g1_i6	YP_009665578.1	27.9	646	341	16	22	1917	143	677	5.78e-56	212	YP_009665578.1 ATPase [Paramecium bursaria Chlorella virus NYs1]
TRINITY_DN69_c0_g1_i7	YP_013611775.1	32.6	734	425	19	19	2100	202	905	8.27e-85	305	YP_013611775.1 calcium-transporting P-type ATPase, PMR1-type [Yasminevirus sp. GU-2018]
TRINITY_DN69_c0_g1_i7	YP_009325865.1	30.9	698	375	16	22	2100	143	738	7.09e-71	259	YP_009325865.1 ATPase [Only Syngen Nebraska virus 5]
TRINITY_DN69_c0_g1_i7	YP_009701904.1	28.7	694	391	15	25	2100	146	737	1.33e-64	240	YP_009701904.1 ATPase [Paramecium bursaria Chlorella virus CVA-1]
TRINITY_DN69_c0_g1_i7	YP_013610613.1	28.9	717	410	18	28	2112	374	1012	2.31e-63	240	YP_013610613.1 calcium-transporting P-type ATPase, PMR1-type [Yasminevirus sp. GU-2018]
TRINITY_DN69_c0_g1_i7	YP_009665578.1	28.8	708	377	18	22	2100	143	738	3.28e-63	236	YP_009665578.1 ATPase [Paramecium bursaria Chlorella virus NYs1]
TRINITY_DN41_c0_g1_i13	YP_004821511.1	29.0	107	72	1	183	491	5	111	7.72e-07	57.0	YP_004821511.1 BTB kelch domain protein [Yokapox virus]
TRINITY_DN41_c0_g1_i19	YP_004821511.1	29.0	107	72	1	183	491	5	111	2.88e-07	57.0	YP_004821511.1 BTB kelch domain protein [Yokapox virus]
TRINITY_DN66_c0_g2_i1	YP_009914485.1	99.3	286	2	0	1228	2085	1	286	8.51e-192	566	YP_009914485.1 TEM family class A beta-lactamase [Enterobacteria phage P7]
TRINITY_DN66_c0_g2_i1	YP_009624869.1	64.4	284	101	0	1234	2085	1	284	3.30e-117	370	YP_009624869.1 class A extended-spectrum beta-lactamase SHV-2 [Escherichia phage RCS47]
TRINITY_DN66_c0_g2_i1	YP_013295095.1	35.1	251	156	5	3078	2341	23	271	9.56e-42	157	YP_013295095.1 aminoglycoside phosphotransferase [Salmonella phage SopEPhi]
TRINITY_DN66_c0_g2_i1	YP_009617199.1	100	30	0	0	333	244	331	360	9.00e-08	59.3	YP_009617199.1 DNA binding protein [Escherichia phage DE3]
TRINITY_DN30_c13_g1_i3	YP_013611345.1	24.3	456	292	13	953	2224	48	482	2.03e-28	127	YP_013611345.1 hypothetical protein YASMINEVIRUS_990 [Yasminevirus sp. GU-2018]
TRINITY_DN91_c1_g1_i14	YP_009173682.1	43.5	62	35	0	585	770	2	63	6.01e-15	72.8	YP_009173682.1 AN1-like Zinc finger containing protein [Chrysochromulina ericina virus]
TRINITY_DN91_c1_g1_i14	YP_010803499.1	45.5	66	32	2	585	770	63	128	6.78e-12	66.2	YP_010803499.1 AN1-like zinc finger protein [Fadolivirus algeromassiliense]
TRINITY_DN6_c1_g2_i1	YP_009173627.1	35.3	498	303	9	168	1637	8	494	2.92e-80	281	YP_009173627.1 Hsp70 protein [Chrysochromulina ericina virus]
TRINITY_DN6_c1_g2_i1	YP_004061438.1	35.9	498	297	11	174	1637	5	490	1.69e-76	269	YP_004061438.1 hypothetical protein BpV1_008c [Bathycoccus sp. RCC1105 virus BpV1]
TRINITY_DN6_c1_g2_i1	YP_003970036.1	33.4	494	314	8	174	1637	8	492	5.72e-75	265	YP_003970036.1 putative DnaK/Hsp70 [Cafeteria roenbergensis virus BV-PW1]
TRINITY_DN6_c1_g2_i1	YP_010777306.1	33.3	499	321	7	156	1640	1	491	3.24e-73	259	YP_010777306.1 HSP70 [Acanthamoeba polyphaga mimivirus]
TRINITY_DN6_c1_g2_i1	YP_010776364.1	32.1	498	326	7	156	1637	1	490	6.58e-73	259	YP_010776364.1 hypothetical protein QJ849_gp451 [Powai lake megavirus]
TRINITY_DN6_c1_g2_i5	YP_009173627.1	35.3	498	303	9	168	1637	8	494	1.40e-79	281	YP_009173627.1 Hsp70 protein [Chrysochromulina ericina virus]
TRINITY_DN6_c1_g2_i5	YP_004061438.1	35.9	498	297	11	174	1637	5	490	5.89e-76	269	YP_004061438.1 hypothetical protein BpV1_008c [Bathycoccus sp. RCC1105 virus BpV1]
TRINITY_DN6_c1_g2_i5	YP_003970036.1	29.1	670	401	13	174	2165	8	609	6.56e-76	269	YP_003970036.1 putative DnaK/Hsp70 [Cafeteria roenbergensis virus BV-PW1]
TRINITY_DN6_c1_g2_i5	YP_010777306.1	33.3	499	321	7	156	1640	1	491	9.17e-73	259	YP_010777306.1 HSP70 [Acanthamoeba polyphaga mimivirus]
TRINITY_DN6_c1_g2_i5	YP_010776364.1	32.1	498	326	7	156	1637	1	490	1.83e-72	259	YP_010776364.1 hypothetical protein QJ849_gp451 [Powai lake megavirus]
TRINITY_DN6_c1_g3_i1	YP_007354398.1	48.4	64	28	1	744	935	142	200	8.62e-10	61.2	YP_007354398.1 HSP70-like protein [Acanthamoeba polyphaga moumouvirus]
TRINITY_DN6_c1_g3_i1	YP_010788858.1	46.9	64	29	1	744	935	143	201	1.68e-09	60.5	YP_010788858.1 heat shock 70 kDa protein-like protein [Megavirus baoshan]
TRINITY_DN6_c1_g3_i1	YP_013611657.1	34.9	86	51	1	678	935	122	202	2.27e-09	60.1	YP_013611657.1 heat shock-like protein [Yasminevirus sp. GU-2018]
TRINITY_DN6_c1_g3_i1	YP_004894551.1	40.2	82	44	1	744	989	143	219	2.81e-09	62.0	YP_004894551.1 heat shock 70 kDa protein-like protein [Megavirus chiliensis]
TRINITY_DN6_c1_g3_i1	YP_010776364.1	40.2	82	44	1	744	989	143	219	2.81e-09	62.0	YP_010776364.1 hypothetical protein QJ849_gp451 [Powai lake megavirus]
TRINITY_DN11_c0_g1_i9	YP_010778669.1	32.1	221	124	6	217	813	3	219	9.26e-27	116	YP_010778669.1 serine/threonine-protein kinase [Bodo saltans virus]
TRINITY_DN11_c0_g1_i9	YP_009449315.1	26.4	258	172	8	217	957	4	254	2.12e-17	90.5	YP_009449315.1 serine-threonine kinase [Orpheovirus IHUMI-LCC2]
TRINITY_DN11_c0_g1_i9	YP_009507230.1	27.2	257	153	10	232	954	1403	1641	2.70e-15	85.5	YP_009507230.1 serine-threonine kinase [Tunisvirus fontaine2]
TRINITY_DN11_c0_g1_i9	YP_009448822.1	32.5	151	99	2	346	795	51	199	1.21e-14	79.7	YP_009448822.1 Protein kinase [Orpheovirus IHUMI-LCC2]
TRINITY_DN11_c0_g1_i9	YP_009310164.1	26.0	250	165	9	232	954	183	421	1.45e-14	81.3	YP_009310164.1 serine-threonine kinase [Golden Marseillevirus]
TRINITY_DN21_c1_g1_i3	YP_010796961.1	36.2	1129	631	24	1663	4863	81	1182	4.28e-214	667	YP_010796961.1 PolB [Mayetiola barley midge adintovirus]
TRINITY_DN21_c1_g1_i3	YP_007714631.1	27.5	840	494	30	2470	4860	333	1100	7.96e-68	254	YP_007714631.1 structural protein [Bombyx mori densovirus 3]
TRINITY_DN21_c1_g1_i3	YP_009506248.1	27.5	840	494	30	2470	4860	333	1100	7.96e-68	254	YP_009506248.1 structural protein [Bombyx mori densovirus Zhenjiang]
TRINITY_DN99_c0_g1_i6	NP_073534.1	33.1	362	212	11	195	1274	1	334	9.05e-47	171	NP_073534.1 149R protein [Yaba-like disease virus]
TRINITY_DN99_c0_g1_i6	NP_938400.1	36.7	259	156	4	498	1274	59	309	1.56e-44	164	NP_938400.1 149R [Yaba monkey tumor virus]
TRINITY_DN99_c0_g1_i6	YP_227542.1	32.9	359	209	10	207	1274	6	335	5.35e-43	161	YP_227542.1 Serpin-like protein [Deerpox virus W-848-83]
TRINITY_DN99_c0_g1_i6	YP_009281938.1	31.4	370	207	11	195	1274	1	333	1.91e-42	159	YP_009281938.1 serpin [Volepox virus]
TRINITY_DN99_c0_g1_i6	YP_010085859.1	31.9	357	204	9	231	1274	15	341	1.10e-40	155	YP_010085859.1 putative B14R protein [Orthopoxvirus Abatino]
TRINITY_DN25_c0_g1_i1	YP_002154675.1	28.7	324	163	10	19587	20420	5	306	1.99e-29	128	YP_002154675.1 serine-threonine kinase [Feldmannia species virus]
TRINITY_DN25_c0_g1_i1	YP_009552139.1	30.2	268	174	5	19581	20366	10	270	7.81e-27	117	YP_009552139.1 serine/threonine-protein kinase 1 [Malacosoma neustria nucleopolyhedrovirus]
TRINITY_DN25_c0_g1_i1	YP_010783420.1	32.3	251	138	12	19650	20351	96	331	3.15e-20	99.4	YP_010783420.1 serine/threonine-protein kinase [Tetraselmis virus 1]
TRINITY_DN25_c0_g1_i1	NP_258271.1	29.6	240	154	6	19614	20321	27	255	4.26e-20	97.4	NP_258271.1 protein kinase [Spodoptera litura nucleopolyhedrovirus]
TRINITY_DN25_c0_g1_i1	YP_009505812.1	30.6	252	154	7	19614	20339	30	270	1.68e-19	95.9	YP_009505812.1 protein kinase [Spodoptera littoralis nucleopolyhedrovirus]
TRINITY_DN25_c7_g1_i4	YP_010658647.1	29.8	84	58	1	804	1052	7	90	5.72e-07	52.4	YP_010658647.1 thioredoxin domain [Dinoroseobacter phage vB_DshP-R7L]
TRINITY_DN72_c0_g1_i1	YP_009909763.1	73.1	67	18	0	354	554	4	70	1.36e-28	104	YP_009909763.1 cold shock protein [Escherichia phage 2H10]
TRINITY_DN72_c0_g1_i1	YP_009909757.1	68.8	64	20	0	354	545	4	67	7.12e-26	97.8	YP_009909757.1 cold shock protein [Escherichia phage 2H10]
TRINITY_DN71_c2_g1_i1	YP_009015548.1	30.5	167	93	6	192	656	32	187	5.70e-11	63.5	YP_009015548.1 ABC transporter [Bacillus phage G]
TRINITY_DN71_c2_g1_i9	YP_009015548.1	30.5	167	93	6	827	1291	32	187	2.67e-10	63.5	YP_009015548.1 ABC transporter [Bacillus phage G]
TRINITY_DN58_c0_g1_i10	YP_073558.1	27.0	326	208	8	4680	3757	88	401	8.27e-24	110	YP_073558.1 RNA-dependent DNA polymerase [lymphocystis disease virus-China]
TRINITY_DN93_c2_g2_i8	YP_010085847.1	38.4	177	109	0	218	748	6	182	2.67e-39	148	YP_010085847.1 guanylate kinase [Orthopoxvirus Abatino]
TRINITY_DN93_c2_g2_i8	YP_009143486.1	38.6	176	108	0	218	745	6	181	3.63e-39	147	YP_009143486.1 guanylate kinase [Raccoonpox virus]
TRINITY_DN93_c2_g2_i8	NP_619976.1	37.9	177	110	0	218	748	6	182	4.95e-39	147	NP_619976.1 guanylate kinase [Cowpox virus]
TRINITY_DN93_c2_g2_i8	YP_010085638.1	37.9	177	110	0	218	748	6	182	4.95e-39	147	YP_010085638.1 guanylate kinase [Orthopoxvirus akhmetapox]
TRINITY_DN93_c2_g2_i8	YP_009282872.1	39.0	177	108	0	218	748	6	182	1.25e-38	146	YP_009282872.1 guanylate kinase [Skunkpox virus]
TRINITY_DN1_c31_g1_i3	YP_004063600.1	27.7	455	272	12	135	1493	2	401	5.10e-39	151	YP_004063600.1 dehydrogenase [Ostreococcus tauri virus 2]
TRINITY_DN1_c31_g1_i3	YP_007674717.1	27.7	455	272	12	135	1493	2	401	5.10e-39	151	YP_007674717.1 dehydrogenase [Ostreococcus lucimarinus virus OlV5]
TRINITY_DN1_c31_g1_i3	YP_009816034.1	33.0	333	171	11	141	1010	3	326	5.31e-35	138	YP_009816034.1 dehydrogenase [Synechococcus phage S-P4]
TRINITY_DN1_c31_g1_i3	YP_007877953.1	32.4	333	173	10	141	1010	3	326	7.27e-35	138	YP_007877953.1 dehydrogenase [Synechococcus phage Syn30]
TRINITY_DN1_c31_g1_i3	YP_009791395.1	32.7	333	172	12	141	1010	3	326	6.52e-34	135	YP_009791395.1 dehydrogenase [Synechococcus phage Bellamy]
TRINITY_DN7_c0_g1_i4	YP_001426684.1	100	26	0	0	2	79	38	63	6.50e-10	57.8	YP_001426684.1 ubiquitin family protein [Acanthocystis turfacea chlorella virus 1]
TRINITY_DN7_c0_g1_i4	YP_009173411.1	100	26	0	0	2	79	38	63	6.50e-10	57.8	YP_009173411.1 Ubiquitin [Chrysochromulina ericina virus]
TRINITY_DN7_c0_g1_i4	YP_009447989.1	100	26	0	0	2	79	38	63	6.50e-10	57.8	YP_009447989.1 ubiquitin family protein [Flamingopox virus FGPVKD09]
TRINITY_DN7_c0_g1_i4	NP_955119.1	100	26	0	0	2	79	38	63	7.94e-10	57.8	NP_955119.1 CNPV096 ubiquitin [Canarypox virus]
TRINITY_DN7_c0_g1_i4	YP_004347213.1	96.2	26	1	0	2	79	38	63	1.57e-09	56.6	YP_004347213.1 ubiquitin family protein [Lausannevirus]
TRINITY_DN59_c0_g1_i16	YP_009665657.1	31.7	249	166	2	725	1459	2	250	2.86e-32	132	YP_009665657.1 serine-threonine kinase [Feldmannia irregularis virus a]
TRINITY_DN59_c0_g1_i16	YP_009162415.1	27.9	262	149	5	731	1516	2	223	3.86e-30	123	YP_009162415.1 serine-threonine kinase [Salmon gill poxvirus]
TRINITY_DN59_c0_g1_i16	YP_002154675.1	31.6	247	156	5	725	1435	2	245	7.11e-28	119	YP_002154675.1 serine-threonine kinase [Feldmannia species virus]
TRINITY_DN59_c0_g1_i16	YP_013610990.1	24.7	304	191	4	686	1591	2	269	5.50e-22	99.8	YP_013610990.1 hypothetical protein YASMINEVIRUS_635 [Yasminevirus sp. GU-2018]
TRINITY_DN59_c0_g1_i16	NP_203561.1	26.2	229	123	3	761	1447	27	209	1.98e-20	94.7	NP_203561.1 protein kinase [Helicoverpa armigera nucleopolyhedrovirus]
TRINITY_DN51_c5_g1_i4	YP_013610406.1	35.3	334	196	5	65	1033	472	796	5.01e-50	192	YP_013610406.1 hypothetical protein YASMINEVIRUS_51 [Yasminevirus sp. GU-2018]
TRINITY_DN51_c5_g1_i4	YP_010781394.1	29.2	343	179	13	74	1027	427	730	5.82e-21	102	YP_010781394.1 valine-tRNA synthetase [Tupanvirus soda lake]
TRINITY_DN51_c5_g1_i4	YP_010780115.1	27.8	342	185	11	74	1027	427	730	1.35e-20	100	YP_010780115.1 valine tRNA-ligase [Tupanvirus deep ocean]
TRINITY_DN51_c5_g1_i4	YP_010803150.1	23.6	360	213	11	152	1180	535	849	8.43e-15	82.4	YP_010803150.1 isoleucyl-tRNA synthetase [Fadolivirus algeromassiliense]
TRINITY_DN51_c5_g1_i4	YP_013610673.1	21.5	349	233	9	164	1177	757	1075	6.36e-12	73.2	YP_013610673.1 isoleucyl-tRNA synthetase [Yasminevirus sp. GU-2018]
TRINITY_DN51_c5_g1_i6	YP_013610406.1	43.0	672	340	12	297	2222	37	695	1.31e-172	521	YP_013610406.1 hypothetical protein YASMINEVIRUS_51 [Yasminevirus sp. GU-2018]
TRINITY_DN51_c5_g1_i6	YP_010803676.1	33.4	667	353	8	216	2198	15	596	3.07e-127	400	YP_010803676.1 valyl-tRNA synthetase [Fadolivirus algeromassiliense]
TRINITY_DN51_c5_g1_i6	YP_010780115.1	27.4	614	356	15	186	1913	4	565	1.30e-49	191	YP_010780115.1 valine tRNA-ligase [Tupanvirus deep ocean]
TRINITY_DN51_c5_g1_i6	YP_010781394.1	25.7	713	398	21	186	2204	4	624	3.84e-45	177	YP_010781394.1 valine-tRNA synthetase [Tupanvirus soda lake]
TRINITY_DN51_c5_g1_i6	YP_009448535.1	23.6	593	376	14	315	1910	51	627	4.72e-27	121	YP_009448535.1 Isoleucyl-tRNA synthetase [Orpheovirus IHUMI-LCC2]
TRINITY_DN78_c6_g1_i1	YP_009483690.1	33.3	339	188	11	90	1064	36	350	5.70e-37	149	YP_009483690.1 Carboxylic ester hydrolase [Pandoravirus quercus]
TRINITY_DN78_c6_g1_i1	YP_009481512.1	34.2	316	175	10	159	1064	46	342	6.07e-35	143	YP_009481512.1 Carboxylic ester hydrolase [Pandoravirus macleodensis]
TRINITY_DN78_c6_g1_i1	YP_010788378.1	33.1	317	168	12	90	989	20	309	3.10e-31	132	YP_010788378.1 cholinesterase [Megavirus baoshan]
TRINITY_DN78_c6_g1_i1	YP_010779936.1	33.5	313	172	11	90	989	21	310	3.17e-31	132	YP_010779936.1 hypothetical protein QJ854_gp081 [Moumouvirus goulette]
TRINITY_DN78_c6_g1_i1	YP_004895032.1	33.1	317	168	12	90	989	20	309	1.92e-29	126	YP_004895032.1 putative cholinesterase [Megavirus chiliensis]
TRINITY_DN32_c0_g1_i15	YP_010803051.1	29.6	270	164	8	221	982	17	276	7.24e-28	120	YP_010803051.1 serine/threonine-protein kinase [Fadolivirus algeromassiliense]
TRINITY_DN32_c0_g1_i15	NP_048597.1	31.4	287	174	9	173	991	29	306	1.69e-25	111	NP_048597.1 serine-threonine kinase [Paramecium bursaria Chlorella virus 1]
TRINITY_DN32_c0_g1_i15	YP_010788717.1	30.9	298	156	13	200	985	7	290	1.70e-25	114	YP_010788717.1 serine/threonine-protein kinase [Megavirus baoshan]
TRINITY_DN32_c0_g1_i15	YP_009325598.1	29.5	281	184	7	176	991	11	286	5.07e-25	109	YP_009325598.1 serine-threonine kinase [Only Syngen Nebraska virus 5]
TRINITY_DN32_c0_g1_i15	YP_004894687.1	30.5	298	157	14	200	985	10	293	5.17e-25	112	YP_004894687.1 serine-threonine kinase [Megavirus chiliensis]
TRINITY_DN32_c1_g1_i5	YP_009329013.1	43.0	79	41	1	2	238	1270	1344	8.12e-12	66.2	YP_009329013.1 serine-threonine kinase [Cedratvirus A11]
TRINITY_DN32_c1_g1_i5	YP_013612978.1	43.0	79	41	1	2	238	1270	1344	8.12e-12	66.2	YP_013612978.1 serine/threonine protein kinase [Cedratvirus lausannensis]
TRINITY_DN32_c1_g1_i5	YP_013612139.1	41.8	79	42	1	2	238	1273	1347	1.10e-11	65.9	YP_013612139.1 5'-nucleotidase/apyrase [Brazilian cedratvirus IHUMI]
TRINITY_DN32_c1_g1_i5	YP_013022573.1	40.5	79	43	1	2	238	1269	1343	9.31e-11	63.2	YP_013022573.1 protein kinase [Cedratvirus kamchatka]
TRINITY_DN32_c1_g1_i5	YP_009162415.1	34.1	82	52	1	2	247	122	201	4.52e-08	54.7	YP_009162415.1 serine-threonine kinase [Salmon gill poxvirus]
TRINITY_DN74_c4_g1_i6	YP_009352567.1	29.1	446	239	16	1484	2656	60	483	3.94e-37	150	YP_009352567.1 Peroxinectin [Kaumoebavirus]
TRINITY_DN74_c4_g1_i6	YP_009449024.1	26.6	579	289	21	1031	2527	27	549	6.36e-33	139	YP_009449024.1 Haem peroxidase [Orpheovirus IHUMI-LCC2]
TRINITY_DN88_c0_g1_i20	YP_010804009.1	49.0	96	48	1	222	509	48	142	1.22e-21	95.5	YP_010804009.1 villin/gelsolin repeat protein [Fadolivirus algeromassiliense]
TRINITY_DN88_c0_g1_i3	YP_010804009.1	33.7	332	185	11	222	1211	48	346	2.42e-37	146	YP_010804009.1 villin/gelsolin repeat protein [Fadolivirus algeromassiliense]
TRINITY_DN55_c5_g1_i5	YP_010778573.1	20.2	321	225	9	1784	834	257	550	8.70e-13	75.1	YP_010778573.1 putative Non-LTR retrotransposon [Bodo saltans virus]
TRINITY_DN55_c9_g1_i1	YP_010803386.1	44.1	145	81	0	224	658	6	150	7.59e-40	145	YP_010803386.1 ubiquitin-conjugating enzyme E2 [Fadolivirus algeromassiliense]
TRINITY_DN55_c9_g1_i1	YP_003969734.1	46.2	143	76	1	233	658	7	149	3.63e-34	128	YP_003969734.1 putative ubiquitin-conjugating enzyme E2 [Cafeteria roenbergensis virus BV-PW1]
TRINITY_DN55_c9_g1_i1	YP_013610861.1	43.7	142	80	0	233	658	6	147	2.46e-33	126	YP_013610861.1 ubiquitin-conjugating enzyme E2 E1 [Yasminevirus sp. GU-2018]
TRINITY_DN55_c9_g1_i1	YP_009173309.1	43.2	146	83	0	230	667	5	150	2.59e-32	123	YP_009173309.1 ubiquitin conjugating enzyme E2 [Chrysochromulina ericina virus]
TRINITY_DN55_c9_g1_i1	YP_010780768.1	42.7	164	86	3	191	664	8	169	4.48e-32	123	YP_010780768.1 putative ubiquitin-conjugating enzyme E2 [Tupanvirus deep ocean]
TRINITY_DN71609_c0_g1_i1	YP_010778630.1	27.1	457	260	18	1764	3005	20	446	1.49e-22	109	YP_010778630.1 DEXDc helicase [Bodo saltans virus]
TRINITY_DN71609_c0_g1_i1	NP_048589.1	25.1	439	282	14	1827	3104	21	425	4.92e-22	107	NP_048589.1 Holliday junction branch migration helicase [Paramecium bursaria Chlorella virus 1]
TRINITY_DN71609_c0_g1_i1	YP_001497512.1	24.1	439	286	13	1827	3104	21	425	5.86e-21	103	YP_001497512.1 Holliday junction branch migration helicase [Paramecium bursaria Chlorella virus NY2A]
TRINITY_DN71609_c0_g1_i1	YP_009665335.1	24.1	439	286	13	1827	3104	21	425	5.86e-21	103	YP_009665335.1 Holliday junction branch migration helicase [Paramecium bursaria Chlorella virus NYs1]
TRINITY_DN71609_c0_g1_i1	YP_001498373.1	24.1	439	286	13	1827	3104	21	425	5.86e-21	103	YP_001498373.1 Holliday junction branch migration helicase [Paramecium bursaria Chlorella virus AR158]
TRINITY_DN35503_c0_g1_i3	YP_010803923.1	41.3	206	108	6	233	832	22	220	1.51e-38	143	YP_010803923.1 RNA 2'-phosphotransferase kptA [Fadolivirus algeromassiliense]
TRINITY_DN35537_c0_g1_i4	YP_013610386.1	27.5	211	111	5	133	642	8	217	7.71e-12	67.8	YP_013610386.1 hypothetical protein YASMINEVIRUS_30 [Yasminevirus sp. GU-2018]
TRINITY_DN2934_c0_g1_i2	YP_010783327.1	98.7	76	1	0	11	238	1	76	1.63e-45	147	YP_010783327.1 ubiquitin family protein [Tetraselmis virus 1]
TRINITY_DN2934_c0_g1_i2	YP_009447989.1	96.1	76	3	0	11	238	1	76	3.80e-44	143	YP_009447989.1 ubiquitin family protein [Flamingopox virus FGPVKD09]
TRINITY_DN2934_c0_g1_i2	YP_009173411.1	94.7	76	4	0	11	238	1	76	5.39e-44	143	YP_009173411.1 Ubiquitin [Chrysochromulina ericina virus]
TRINITY_DN2934_c0_g1_i2	YP_007676278.1	94.7	76	4	0	11	238	1	76	5.62e-44	145	YP_007676278.1 ubiquitin [Micromonas pusilla virus 12T]
TRINITY_DN2934_c0_g1_i2	NP_955119.1	94.7	76	4	0	11	238	1	76	6.82e-44	143	NP_955119.1 CNPV096 ubiquitin [Canarypox virus]
TRINITY_DN2934_c0_g1_i3	YP_010783327.1	100	46	0	0	11	148	1	46	3.55e-23	89.0	YP_010783327.1 ubiquitin family protein [Tetraselmis virus 1]
TRINITY_DN2934_c0_g1_i3	YP_007676278.1	95.7	46	2	0	11	148	1	46	7.05e-22	87.4	YP_007676278.1 ubiquitin [Micromonas pusilla virus 12T]
TRINITY_DN2934_c0_g1_i3	YP_004347213.1	91.3	46	4	0	11	148	1	46	1.07e-21	85.1	YP_004347213.1 ubiquitin family protein [Lausannevirus]
TRINITY_DN2934_c0_g1_i3	YP_009238796.1	91.3	46	4	0	11	148	1	46	1.07e-21	85.1	YP_009238796.1 ubiquitin [Brazilian marseillevirus]
TRINITY_DN2934_c0_g1_i3	YP_009345355.1	93.5	46	3	0	11	148	2	47	1.55e-21	84.7	YP_009345355.1 ubiquitin family protein [Noumeavirus]
TRINITY_DN2934_c0_g3_i1	YP_010783327.1	98.7	76	1	0	30	257	1	76	9.46e-47	149	YP_010783327.1 ubiquitin family protein [Tetraselmis virus 1]
TRINITY_DN2934_c0_g3_i1	NP_955119.1	94.8	77	4	0	30	260	1	77	9.80e-46	146	NP_955119.1 CNPV096 ubiquitin [Canarypox virus]
TRINITY_DN2934_c0_g3_i1	YP_009173411.1	93.5	77	5	0	30	260	1	77	2.22e-45	145	YP_009173411.1 Ubiquitin [Chrysochromulina ericina virus]
TRINITY_DN2934_c0_g3_i1	YP_009447989.1	96.1	76	3	0	30	257	1	76	2.22e-45	145	YP_009447989.1 ubiquitin family protein [Flamingopox virus FGPVKD09]
TRINITY_DN2934_c0_g3_i1	YP_007676278.1	94.7	76	4	0	30	257	1	76	3.28e-45	147	YP_007676278.1 ubiquitin [Micromonas pusilla virus 12T]
TRINITY_DN2943_c0_g1_i2	YP_010802132.1	45.6	149	75	3	87	518	7	154	7.39e-37	133	YP_010802132.1 GTP binding nuclear protein Ran [Acanthamoeba castellanii medusavirus]
TRINITY_DN2943_c0_g1_i2	YP_009001029.1	34.3	175	94	4	99	590	21	185	9.78e-20	88.6	YP_009001029.1 Ran-like GTP-binding protein [Pithovirus sibericum]
TRINITY_DN2943_c0_g1_i2	YP_013611040.1	35.9	128	70	3	87	434	24	151	2.20e-18	86.3	YP_013611040.1 GTP-binding nuclear protein Ran-1 [Yasminevirus sp. GU-2018]
TRINITY_DN2943_c0_g1_i2	YP_009449015.1	32.8	122	80	2	81	443	1	121	1.95e-16	79.7	YP_009449015.1 GTP ras-related protein Rac1 [Orpheovirus IHUMI-LCC2]
TRINITY_DN2943_c0_g1_i2	YP_010778581.1	25.8	151	96	4	90	527	11	150	5.49e-06	50.1	YP_010778581.1 Rab-like GTPase [Bodo saltans virus]
TRINITY_DN2997_c0_g2_i1	YP_010796754.1	52.6	57	26	1	2998	2831	85	141	3.89e-13	71.2	YP_010796754.1 putative deoxyuridine triphosphate nucleotidohydrolase 1 [Diachasmimorpha longicaudata entomopoxvirus]
TRINITY_DN2997_c0_g2_i1	YP_010796934.1	52.6	57	26	1	2998	2831	85	141	3.89e-13	71.2	YP_010796934.1 putative deoxyuridine triphosphate nucleotidohydrolase 2 [Diachasmimorpha longicaudata entomopoxvirus]
TRINITY_DN2997_c0_g2_i1	YP_010800091.1	57.1	56	23	1	2998	2834	272	327	5.92e-11	68.9	YP_010800091.1 Bro-c [Euproctis digramma nucleopolyhedrovirus]
TRINITY_DN2997_c0_g2_i1	YP_006908521.1	51.7	58	27	1	2998	2828	133	190	6.53e-11	66.2	YP_006908521.1 dUTPase [Epinotia aporema granulovirus]
TRINITY_DN2997_c0_g2_i1	YP_009407968.1	50.0	58	28	1	2998	2828	84	141	1.64e-09	60.8	YP_009407968.1 dUTPase [Eptesipox virus]
TRINITY_DN20964_c0_g1_i1	YP_010778863.1	37.7	228	131	5	2725	3387	22	245	5.45e-39	152	YP_010778863.1 phenylalanyl-tRNA synthetase PheRS [Bodo saltans virus]
TRINITY_DN20964_c0_g1_i1	YP_010780186.1	35.1	251	154	5	2692	3441	14	256	1.10e-38	151	YP_010780186.1 phenylalanyl tRNA-synthetase [Tupanvirus deep ocean]
TRINITY_DN20964_c0_g1_i1	YP_010781468.1	36.2	232	142	4	2692	3384	14	240	4.22e-37	147	YP_010781468.1 phenylalanyl-tRNA synthetase [Tupanvirus soda lake]
TRINITY_DN20964_c0_g1_i1	YP_013611092.1	34.6	243	133	7	2725	3384	48	287	3.54e-32	134	YP_013611092.1 phenylalanyl tRNA-synthetase [Yasminevirus sp. GU-2018]
TRINITY_DN20964_c0_g1_i1	YP_010803076.1	35.0	226	136	5	2725	3384	46	266	2.36e-29	125	YP_010803076.1 mitochondrial phenylalanyl-tRNA synthetase class IIc [Fadolivirus algeromassiliense]
TRINITY_DN7803_c0_g1_i2	YP_010842031.1	26.0	696	346	24	414	2084	4	669	8.42e-42	166	YP_010842031.1 glucose-methanol-choline oxidoreductase [Cotonvirus japonicus]
TRINITY_DN7803_c0_g1_i2	YP_010789959.1	25.8	679	356	23	426	2069	13	674	1.92e-35	147	YP_010789959.1 glucose-methanol-choline oxidoreductase [Moumouvirus australiensis]
TRINITY_DN7803_c0_g1_i2	YP_010780147.1	25.3	585	319	16	648	2090	119	689	8.60e-32	135	YP_010780147.1 putative oxireductase [Tupanvirus deep ocean]
TRINITY_DN7803_c0_g1_i2	YP_010779322.1	25.4	680	357	21	426	2069	13	674	1.04e-31	135	YP_010779322.1 oxidoreductase [Moumouvirus goulette]
TRINITY_DN7803_c0_g1_i2	YP_010781422.1	25.1	586	313	19	648	2081	119	686	2.03e-31	134	YP_010781422.1 glucose-methanol-choline oxidoreductase [Tupanvirus soda lake]
TRINITY_DN7830_c0_g1_i1	YP_004894416.1	29.1	117	68	4	218	565	1	103	5.72e-10	59.3	YP_004894416.1 putative J domain-containing protein [Megavirus chiliensis]
TRINITY_DN7830_c0_g1_i1	YP_010779693.1	44.6	65	35	1	215	409	1	64	3.63e-09	57.0	YP_010779693.1 hypothetical protein QJ854_gp324 [Moumouvirus goulette]
TRINITY_DN7830_c0_g1_i1	YP_010789622.1	31.6	95	62	1	215	499	1	92	3.11e-08	54.3	YP_010789622.1 DnaJ-like protein [Moumouvirus australiensis]
TRINITY_DN7849_c0_g1_i20	YP_010778356.1	34.0	147	87	1	440	880	56	192	1.38e-20	94.4	YP_010778356.1 dual specificity protein phosphatase [Bodo saltans virus]
TRINITY_DN7849_c0_g1_i20	YP_010803064.1	32.2	146	90	3	422	832	81	226	5.93e-18	87.8	YP_010803064.1 dual specificity phosphatase [Fadolivirus algeromassiliense]
TRINITY_DN7849_c0_g1_i20	YP_009046760.1	33.3	156	92	3	398	847	10	159	6.72e-18	85.9	YP_009046760.1 Dual specificity phosphatases [Armadillidium vulgare iridescent virus]
TRINITY_DN7849_c0_g1_i20	YP_009010339.1	41.8	98	57	0	557	850	63	160	3.43e-16	80.9	YP_009010339.1 Putative dual specificity phosphatase 13 [Invertebrate iridescent virus 30]
TRINITY_DN7849_c0_g1_i20	NP_149586.1	35.5	141	83	3	422	841	4	137	2.18e-15	77.8	NP_149586.1 123R [Invertebrate iridescent virus 6]
TRINITY_DN1868_c0_g1_i1	YP_010780181.1	26.0	818	529	20	537	2897	5	777	2.64e-76	273	YP_010780181.1 hypothetical protein QJ856_gp1184 [Tupanvirus deep ocean]
TRINITY_DN1868_c0_g1_i1	YP_010781461.1	24.9	884	561	22	537	3047	5	832	1.29e-73	265	YP_010781461.1 aminopeptidase M1-like [Tupanvirus soda lake]
TRINITY_DN1868_c0_g1_i2	YP_010780181.1	26.0	818	529	20	537	2897	5	777	2.83e-75	273	YP_010780181.1 hypothetical protein QJ856_gp1184 [Tupanvirus deep ocean]
TRINITY_DN1868_c0_g1_i2	YP_010781461.1	24.9	884	561	22	537	3047	5	832	1.11e-72	265	YP_010781461.1 aminopeptidase M1-like [Tupanvirus soda lake]
TRINITY_DN1805_c3_g1_i1	YP_013610560.1	38.2	249	112	9	422	1105	317	544	2.71e-34	142	YP_013610560.1 hypothetical protein YASMINEVIRUS_205, partial [Yasminevirus sp. GU-2018]
TRINITY_DN1870_c5_g1_i1	YP_010778573.1	19.8	379	252	12	1176	2285	257	592	1.41e-12	75.9	YP_010778573.1 putative Non-LTR retrotransposon [Bodo saltans virus]
TRINITY_DN1898_c0_g1_i1	YP_010796970.1	50.2	307	143	3	3103	2204	6	309	1.86e-93	303	YP_010796970.1 integrase [Mayetiola barley midge adintovirus]
TRINITY_DN1898_c0_g1_i1	YP_010796965.1	51.7	230	107	4	2072	1395	1	230	9.79e-78	258	YP_010796965.1 FtsK [Mayetiola barley midge adintovirus]
TRINITY_DN1898_c0_g1_i1	YP_184883.1	57.4	202	83	3	2033	1434	13	213	3.30e-74	256	YP_184883.1 unnamed protein product [Bracoviriform congregatae]
TRINITY_DN1898_c0_g1_i1	YP_184882.1	57.2	215	88	3	3118	2483	3	216	3.31e-69	234	YP_184882.1 hypothetical protein CcBV_31.2 [Bracoviriform congregatae]
TRINITY_DN1898_c0_g1_i1	YP_010796949.1	41.1	309	169	6	3100	2207	52	358	4.50e-62	219	YP_010796949.1 integrase [Terrapene box turtle adintovirus]
TRINITY_DN1898_c0_g1_i4	YP_184883.1	32.3	158	86	5	646	215	281	431	4.67e-10	65.5	YP_184883.1 unnamed protein product [Bracoviriform congregatae]
TRINITY_DN1898_c0_g2_i2	YP_010796965.1	50.6	231	110	4	1028	348	1	231	3.75e-78	251	YP_010796965.1 FtsK [Mayetiola barley midge adintovirus]
TRINITY_DN1898_c0_g2_i2	YP_184883.1	55.4	202	87	3	989	390	13	213	3.27e-75	251	YP_184883.1 unnamed protein product [Bracoviriform congregatae]
TRINITY_DN1898_c0_g2_i2	YP_010796970.1	28.9	304	89	4	1756	1226	6	309	6.65e-29	120	YP_010796970.1 integrase [Mayetiola barley midge adintovirus]
TRINITY_DN1898_c0_g2_i2	YP_184882.1	56.4	55	24	0	1771	1607	3	57	3.49e-12	69.7	YP_184882.1 hypothetical protein CcBV_31.2 [Bracoviriform congregatae]
TRINITY_DN1898_c1_g1_i1	YP_184883.1	36.2	185	105	2	2053	1532	273	455	7.18e-28	121	YP_184883.1 unnamed protein product [Bracoviriform congregatae]
TRINITY_DN1898_c1_g1_i1	YP_654667.1	32.3	192	104	9	628	68	153	323	7.28e-16	83.6	YP_654667.1 hypothetical protein MIV095L [Invertebrate iridescent virus 3]
TRINITY_DN1898_c1_g1_i1	YP_009182238.1	35.8	151	81	5	520	77	49	186	4.60e-13	75.1	YP_009182238.1 metalloproteinase (stromelysin-1-like) [Diatraea saccharalis granulovirus]
TRINITY_DN1898_c1_g1_i1	YP_004956816.1	39.3	112	55	5	394	71	357	459	1.43e-12	75.1	YP_004956816.1 orf68 gene product [Helicoverpa zea nudivirus 2]
TRINITY_DN1898_c1_g1_i1	NP_690489.1	39.3	112	55	5	394	71	360	462	1.89e-12	74.7	NP_690489.1 matrix metalloproteinase [Heliothis zea nudivirus]
TRINITY_DN1819_c0_g1_i37	NP_077596.1	35.5	93	59	1	164	439	3	95	4.46e-11	64.7	NP_077596.1 serine-threonine kinase [Ectocarpus siliculosus virus 1]
TRINITY_DN1819_c0_g1_i54	NP_077596.1	32.9	316	154	3	164	937	3	318	1.70e-46	176	NP_077596.1 serine-threonine kinase [Ectocarpus siliculosus virus 1]
TRINITY_DN1819_c0_g1_i54	YP_009665657.1	36.2	298	143	7	164	937	2	292	2.67e-44	169	YP_009665657.1 serine-threonine kinase [Feldmannia irregularis virus a]
TRINITY_DN1819_c0_g1_i54	YP_002154675.1	30.8	305	159	6	164	946	2	298	7.91e-36	144	YP_002154675.1 serine-threonine kinase [Feldmannia species virus]
TRINITY_DN1819_c0_g1_i54	YP_010778841.1	30.0	273	171	7	173	934	4	275	2.49e-30	127	YP_010778841.1 serine/threonine protein kinase [Bodo saltans virus]
TRINITY_DN1819_c0_g1_i54	YP_010841926.1	27.7	285	171	8	173	925	11	294	7.50e-28	120	YP_010841926.1 putative serine/threonine-protein kinase [Cotonvirus japonicus]
TRINITY_DN1863_c0_g1_i10	YP_418157.1	32.2	146	81	4	747	355	5	147	4.93e-06	50.4	YP_418157.1 Rnase H [Pseudomonas phage EL]
TRINITY_DN1863_c0_g1_i2	YP_418157.1	32.2	146	81	4	1132	740	5	147	3.05e-06	50.4	YP_418157.1 Rnase H [Pseudomonas phage EL]
TRINITY_DN1865_c0_g1_i14	YP_010802902.1	37.2	239	132	5	4138	4824	165	395	2.94e-43	167	YP_010802902.1 protein-tyrosine phosphatase [Fadolivirus algeromassiliense]
TRINITY_DN1865_c0_g1_i14	YP_009665923.1	32.5	292	179	7	4051	4878	29	318	7.66e-39	151	YP_009665923.1 PTP8 [Bracoviriform indiense]
TRINITY_DN1865_c0_g1_i14	YP_184757.1	35.8	243	141	5	4138	4836	52	289	8.10e-37	145	YP_184757.1 PTPB [Bracoviriform congregatae]
TRINITY_DN1865_c0_g1_i14	YP_239382.1	32.4	275	151	8	4027	4803	30	285	1.31e-35	142	YP_239382.1 PTP 2 [Bracoviriform demolitoris]
TRINITY_DN1865_c0_g1_i14	YP_184809.1	33.2	244	147	5	4132	4824	49	289	5.13e-35	140	YP_184809.1 PTPN [Bracoviriform congregatae]
TRINITY_DN1865_c0_g1_i7	YP_010802902.1	37.2	239	132	5	4138	4824	165	395	2.90e-43	167	YP_010802902.1 protein-tyrosine phosphatase [Fadolivirus algeromassiliense]
TRINITY_DN1865_c0_g1_i7	YP_009665923.1	32.5	292	179	7	4051	4878	29	318	7.56e-39	151	YP_009665923.1 PTP8 [Bracoviriform indiense]
TRINITY_DN1865_c0_g1_i7	YP_184757.1	35.8	243	141	5	4138	4836	52	289	7.99e-37	145	YP_184757.1 PTPB [Bracoviriform congregatae]
TRINITY_DN1865_c0_g1_i7	YP_239382.1	32.4	275	151	8	4027	4803	30	285	1.29e-35	142	YP_239382.1 PTP 2 [Bracoviriform demolitoris]
TRINITY_DN1865_c0_g1_i7	YP_184809.1	33.2	244	147	5	4132	4824	49	289	5.06e-35	140	YP_184809.1 PTPN [Bracoviriform congregatae]
TRINITY_DN32951_c0_g1_i3	YP_010803069.1	39.2	79	41	3	185	409	14	89	2.85e-13	66.2	YP_010803069.1 zinc finger protein RING H2-type protein [Fadolivirus algeromassiliense]
TRINITY_DN32951_c0_g1_i6	YP_010803069.1	39.2	79	41	3	185	409	14	89	6.26e-12	66.2	YP_010803069.1 zinc finger protein RING H2-type protein [Fadolivirus algeromassiliense]
TRINITY_DN51928_c0_g1_i8	YP_013610539.1	55.7	192	83	1	99	674	5	194	3.86e-72	223	YP_013610539.1 inosine triphosphate pyrophosphatase [Yasminevirus sp. GU-2018]
TRINITY_DN51928_c0_g1_i8	YP_004063983.1	50.5	182	88	1	138	683	6	185	2.87e-60	192	YP_004063983.1 HAM1-like protein [Ugandan cassava brown streak virus]
TRINITY_DN51928_c0_g1_i8	YP_007032446.1	47.7	176	90	1	126	653	25	198	2.14e-57	186	YP_007032446.1 HAM1-like protein [Cassava brown streak virus]
TRINITY_DN51928_c0_g1_i8	YP_010803007.1	49.2	195	88	3	117	671	1	194	1.58e-55	180	YP_010803007.1 inosine triphosphate pyrophosphatase [Fadolivirus algeromassiliense]
TRINITY_DN51928_c0_g1_i8	YP_004063681.1	50.5	182	88	1	138	683	2338	2517	2.07e-54	192	YP_004063681.1 polyprotein [Ugandan cassava brown streak virus]
TRINITY_DN13110_c0_g2_i1	YP_009666308.1	27.9	624	397	14	2344	4155	431	1021	4.01e-59	226	YP_009666308.1 Reverse Transcriptase, partial [Cladosporium fulvum T-1 virus]
TRINITY_DN13110_c0_g2_i1	YP_009507248.1	37.5	285	177	1	2395	3249	274	557	5.92e-52	204	YP_009507248.1 ORF B [Trichoplusia ni TED virus]
TRINITY_DN13110_c0_g2_i1	NP_127504.1	29.3	270	184	5	2452	3249	1538	1804	6.63e-28	127	NP_127504.1 ORF I polyprotein [Petunia vein clearing virus]
TRINITY_DN13110_c0_g2_i1	YP_009508546.1	29.6	260	173	4	2455	3213	311	567	1.19e-24	116	YP_009508546.1 pol protein [Central chimpanzee simian foamy virus]
TRINITY_DN13110_c0_g2_i1	YP_009508571.1	27.0	274	188	5	2458	3252	312	582	8.01e-20	100	YP_009508571.1 pol protein [Western lowland gorilla simian foamy virus]
TRINITY_DN13110_c0_g2_i2	YP_009507248.1	33.6	491	314	5	2206	3654	71	557	3.01e-75	277	YP_009507248.1 ORF B [Trichoplusia ni TED virus]
TRINITY_DN13110_c0_g2_i2	YP_009666308.1	26.0	1009	653	26	1678	4560	59	1021	3.46e-74	273	YP_009666308.1 Reverse Transcriptase, partial [Cladosporium fulvum T-1 virus]
TRINITY_DN13110_c0_g2_i2	YP_009508546.1	27.9	452	309	8	2296	3618	122	567	1.08e-39	165	YP_009508546.1 pol protein [Central chimpanzee simian foamy virus]
TRINITY_DN13110_c0_g2_i2	NP_127504.1	27.0	407	283	9	2461	3654	1403	1804	3.95e-36	154	NP_127504.1 ORF I polyprotein [Petunia vein clearing virus]
TRINITY_DN13110_c0_g2_i2	YP_009508571.1	25.7	474	325	10	2287	3657	119	582	1.18e-33	145	YP_009508571.1 pol protein [Western lowland gorilla simian foamy virus]
TRINITY_DN13187_c0_g1_i1	YP_009052252.1	39.8	259	148	4	243	998	41	298	9.72e-56	198	YP_009052252.1 NinI-like serine-threonine phosphatase [Aureococcus anophagefferens virus]
TRINITY_DN13187_c0_g1_i8	YP_009052252.1	40.3	159	88	3	243	701	41	198	1.02e-34	130	YP_009052252.1 NinI-like serine-threonine phosphatase [Aureococcus anophagefferens virus]
TRINITY_DN53069_c0_g1_i1	YP_009448636.1	32.8	183	116	4	1035	1577	264	441	2.96e-23	106	YP_009448636.1 Cytochrome P450-like protein E-class [Orpheovirus IHUMI-LCC2]
TRINITY_DN53069_c0_g1_i1	YP_010789892.1	23.1	351	226	13	537	1577	120	430	3.57e-08	59.7	YP_010789892.1 cytochrome P450 family protein [Moumouvirus australiensis]
TRINITY_DN53069_c0_g1_i1	YP_003987045.1	30.7	163	107	4	1101	1583	282	440	6.34e-08	58.9	YP_003987045.1 cytochrome 450-like protein [Acanthamoeba polyphaga mimivirus]
TRINITY_DN53069_c0_g1_i1	YP_010779397.1	27.4	179	123	4	1053	1577	257	432	1.44e-07	57.8	YP_010779397.1 P450 family protein [Moumouvirus goulette]
TRINITY_DN53069_c0_g1_i1	YP_007354533.1	26.8	179	122	5	1053	1577	257	430	1.90e-07	57.4	YP_007354533.1 cytochrome P450 family protein [Acanthamoeba polyphaga moumouvirus]
TRINITY_DN20817_c2_g1_i5	YP_013611589.1	56.5	69	28	2	1266	1466	10	78	5.52e-11	68.6	YP_013611589.1 hypothetical protein YASMINEVIRUS_1303 [Yasminevirus sp. GU-2018]
TRINITY_DN20817_c2_g1_i5	YP_003969759.1	49.2	65	31	1	1272	1466	8	70	1.52e-08	61.2	YP_003969759.1 putative DnaJ/Hsp40 [Cafeteria roenbergensis virus BV-PW1]
TRINITY_DN20817_c2_g1_i5	YP_010803062.1	44.8	67	33	1	1263	1463	5	67	1.79e-07	56.6	YP_010803062.1 DnaJ chaperone protein [Fadolivirus algeromassiliense]
TRINITY_DN20817_c2_g1_i5	YP_007354268.1	45.6	68	28	2	1266	1463	3	63	6.41e-07	53.1	YP_007354268.1 Dnaj-like protein [Acanthamoeba polyphaga moumouvirus]
TRINITY_DN20817_c2_g1_i5	YP_007354262.1	43.3	67	34	1	1266	1466	4	66	3.15e-06	53.9	YP_007354262.1 DnaJ-like protein [Acanthamoeba polyphaga moumouvirus]
TRINITY_DN7910_c2_g1_i5	YP_010780200.1	42.7	82	42	1	620	850	17	98	3.51e-09	57.4	YP_010780200.1 hypothetical protein QJ856_gp1165 [Tupanvirus deep ocean]
TRINITY_DN7910_c2_g1_i5	YP_013611389.1	31.5	89	56	1	602	868	48	131	1.37e-07	53.9	YP_013611389.1 vesicle-associated membrane [Yasminevirus sp. GU-2018]
TRINITY_DN7910_c2_g1_i5	YP_010803705.1	36.9	65	41	0	572	766	111	175	5.79e-07	53.1	YP_010803705.1 SNARE-like protein [Fadolivirus algeromassiliense]
TRINITY_DN7951_c1_g1_i10	YP_009041983.1	50.0	312	143	5	301	1206	96	404	2.38e-89	290	YP_009041983.1 ornithine decarboxylase [Bovine gammaherpesvirus 6]
TRINITY_DN7951_c1_g1_i10	YP_010803269.1	43.9	310	155	7	298	1182	102	407	1.65e-71	242	YP_010803269.1 ornithine decaroboxylase [Fadolivirus algeromassiliense]
TRINITY_DN7951_c1_g1_i10	YP_010781922.1	43.5	301	159	4	301	1173	130	429	1.27e-70	240	YP_010781922.1 ornithine decarboxylase [Tupanvirus soda lake]
TRINITY_DN7951_c1_g1_i10	YP_001497474.1	41.8	306	165	5	301	1197	73	372	1.05e-68	233	YP_001497474.1 hypothetical protein NY2A_B278R [Paramecium bursaria Chlorella virus NY2A]
TRINITY_DN7951_c1_g1_i10	YP_010780622.1	43.2	301	160	4	301	1173	127	426	1.20e-68	235	YP_010780622.1 MGC52527 protein [Tupanvirus deep ocean]
TRINITY_DN7951_c1_g1_i2	YP_009041983.1	51.2	367	166	5	882	1952	41	404	4.28e-111	353	YP_009041983.1 ornithine decarboxylase [Bovine gammaherpesvirus 6]
TRINITY_DN7951_c1_g1_i2	YP_010803269.1	45.6	371	183	7	861	1928	41	407	3.12e-98	318	YP_010803269.1 ornithine decaroboxylase [Fadolivirus algeromassiliense]
TRINITY_DN7951_c1_g1_i2	YP_010781922.1	43.4	369	198	4	843	1919	62	429	1.11e-91	301	YP_010781922.1 ornithine decarboxylase [Tupanvirus soda lake]
TRINITY_DN7951_c1_g1_i2	YP_010780622.1	43.1	369	199	4	843	1919	59	426	2.01e-89	295	YP_010780622.1 MGC52527 protein [Tupanvirus deep ocean]
TRINITY_DN7951_c1_g1_i2	YP_001497474.1	40.9	364	202	5	873	1943	15	372	5.56e-83	276	YP_001497474.1 hypothetical protein NY2A_B278R [Paramecium bursaria Chlorella virus NY2A]
TRINITY_DN7951_c1_g1_i6	YP_010803269.1	54.1	61	28	0	482	664	41	101	4.77e-16	80.9	YP_010803269.1 ornithine decaroboxylase [Fadolivirus algeromassiliense]
TRINITY_DN7951_c1_g1_i6	YP_009041983.1	59.3	54	22	0	503	664	41	94	1.33e-11	67.8	YP_009041983.1 ornithine decarboxylase [Bovine gammaherpesvirus 6]
TRINITY_DN7951_c1_g1_i6	YP_009701806.1	43.5	69	39	0	458	664	3	71	9.68e-10	62.0	YP_009701806.1 ornithine decarboxylase [Paramecium bursaria Chlorella virus CVA-1]
TRINITY_DN7951_c1_g1_i6	YP_001425944.1	44.8	67	37	0	464	664	5	71	1.75e-09	61.2	YP_001425944.1 hypothetical protein FR483_N312L [Paramecium bursaria Chlorella virus FR483]
TRINITY_DN43875_c0_g1_i2	YP_008052529.1	39.5	76	25	1	160	324	1	76	4.84e-12	62.8	YP_008052529.1 DNA-directed RNA polymerase II subunit RPB10 [Phaeocystis globosa virus]
TRINITY_DN43875_c0_g1_i2	YP_009001016.1	53.1	49	23	0	163	309	4	52	3.82e-11	61.2	YP_009001016.1 DNA-directed RNA polymerase RPB10 [Pithovirus sibericum]
TRINITY_DN43875_c0_g1_i2	YP_009481104.1	45.3	64	32	1	163	345	1	64	1.84e-10	60.5	YP_009481104.1 RNA polymerase rbpN/10 [Pandoravirus macleodensis]
TRINITY_DN43875_c0_g1_i2	YP_009483190.1	50.0	64	28	2	163	345	1	63	2.45e-10	60.5	YP_009483190.1 RNA polymerase rbpN/10 [Pandoravirus quercus]
TRINITY_DN43875_c0_g1_i2	YP_009482128.1	43.8	64	33	1	163	345	1	64	3.81e-10	59.7	YP_009482128.1 RNA polymerase rbpN/10 [Pandoravirus neocaledonia]
TRINITY_DN10470_c2_g1_i4	YP_010803663.1	37.2	588	343	12	557	2296	6	575	1.44e-123	389	YP_010803663.1 class II glycyl-tRNA synthetase [Fadolivirus algeromassiliense]
TRINITY_DN10470_c2_g1_i4	YP_010782631.1	36.0	592	345	12	572	2317	6	573	7.74e-107	345	YP_010782631.1 glycyl-tRNA synthetase [Tupanvirus soda lake]
TRINITY_DN10470_c2_g1_i4	YP_010781247.1	34.8	594	349	13	572	2317	6	573	1.65e-104	339	YP_010781247.1 glycyl tRNA-synthetase [Tupanvirus deep ocean]
TRINITY_DN10470_c2_g1_i4	YP_013610554.1	36.3	609	334	15	572	2308	21	605	2.25e-104	340	YP_013610554.1 glycyl-tRNA synthetase [Yasminevirus sp. GU-2018]
TRINITY_DN10468_c0_g1_i3	YP_009797458.1	30.2	159	110	1	269	745	54	211	6.14e-13	72.4	YP_009797458.1 prohibitin family protein [Faecalibacterium phage FP_Toutatis]
TRINITY_DN10423_c0_g1_i16	YP_010803051.1	28.1	288	173	8	643	1497	27	283	3.28e-20	97.4	YP_010803051.1 serine/threonine-protein kinase [Fadolivirus algeromassiliense]
TRINITY_DN10423_c0_g1_i16	YP_009448289.1	30.1	196	129	6	619	1200	2	191	5.02e-14	79.3	YP_009448289.1 serine-threonine kinase [Orpheovirus IHUMI-LCC2]
TRINITY_DN10423_c0_g1_i16	YP_009173408.1	32.7	168	88	6	745	1191	86	247	5.18e-14	77.0	YP_009173408.1 serine-threonine kinase [Chrysochromulina ericina virus]
TRINITY_DN10423_c0_g1_i16	YP_009176949.1	30.3	185	123	4	622	1167	8	189	2.07e-13	75.5	YP_009176949.1 serine/threonine protein kinase US3B [Testudinid alphaherpesvirus 3]
TRINITY_DN10423_c0_g1_i16	YP_010790095.1	28.6	192	134	3	640	1209	1363	1553	2.33e-13	78.2	YP_010790095.1 putative serine/threonine protein kinase receptor [Moumouvirus australiensis]
TRINITY_DN10499_c0_g1_i15	YP_013610880.1	27.3	506	277	14	546	1958	52	501	1.46e-45	176	YP_013610880.1 aminotransferase class-V [Yasminevirus sp. GU-2018]
TRINITY_DN10499_c0_g1_i23	YP_013610880.1	30.3	419	237	13	546	1697	52	450	1.09e-44	174	YP_013610880.1 aminotransferase class-V [Yasminevirus sp. GU-2018]
TRINITY_DN10445_c0_g1_i23	YP_010796965.1	51.7	230	107	4	875	1552	1	230	5.52e-77	258	YP_010796965.1 FtsK [Mayetiola barley midge adintovirus]
TRINITY_DN10445_c0_g1_i23	YP_184883.1	57.4	202	83	3	914	1513	13	213	1.87e-73	256	YP_184883.1 unnamed protein product [Bracoviriform congregatae]
TRINITY_DN10445_c0_g1_i23	YP_010796970.1	49.0	253	119	3	6	743	60	309	2.89e-70	241	YP_010796970.1 integrase [Mayetiola barley midge adintovirus]
TRINITY_DN10445_c0_g1_i23	YP_010796949.1	39.3	257	143	6	3	740	104	358	3.07e-43	165	YP_010796949.1 integrase [Terrapene box turtle adintovirus]
TRINITY_DN10445_c0_g1_i23	YP_184882.1	56.4	156	64	3	6	464	62	216	4.11e-43	160	YP_184882.1 hypothetical protein CcBV_31.2 [Bracoviriform congregatae]
TRINITY_DN10445_c0_g1_i3	YP_010796965.1	50.6	231	110	4	694	1374	1	231	6.21e-75	251	YP_010796965.1 FtsK [Mayetiola barley midge adintovirus]
TRINITY_DN10445_c0_g1_i3	YP_184883.1	55.4	202	87	3	733	1332	13	213	5.58e-72	251	YP_184883.1 unnamed protein product [Bracoviriform congregatae]
TRINITY_DN10445_c0_g1_i3	YP_010796970.1	45.2	157	86	0	3	473	153	309	1.34e-35	141	YP_010796970.1 integrase [Mayetiola barley midge adintovirus]
TRINITY_DN10445_c0_g1_i3	YP_184882.1	51.6	64	30	1	3	194	154	216	1.57e-07	57.0	YP_184882.1 hypothetical protein CcBV_31.2 [Bracoviriform congregatae]
TRINITY_DN10460_c0_g1_i1	YP_013612545.1	38.8	278	153	7	405	1208	6	276	1.68e-44	173	YP_013612545.1 ABC2 type transporter superfamily protein [Cedratvirus lausannensis]
TRINITY_DN10460_c0_g1_i1	YP_013612410.1	38.8	278	154	7	405	1208	6	277	2.14e-44	172	YP_013612410.1 ABC2 type transporter superfamily protein [Brazilian cedratvirus IHUMI]
TRINITY_DN10460_c0_g1_i1	YP_009329403.1	38.7	279	154	7	405	1211	12	283	3.15e-44	172	YP_009329403.1 ABC transporter, partial [Cedratvirus A11]
TRINITY_DN10460_c0_g1_i1	YP_013022917.1	38.4	276	153	7	405	1202	12	280	5.91e-44	171	YP_013022917.1 ABC-2 type transporter [Cedratvirus kamchatka]
TRINITY_DN10460_c0_g1_i1	YP_009001225.1	39.4	254	141	5	444	1181	68	316	2.03e-41	164	YP_009001225.1 ABC transporter [Pithovirus sibericum]
TRINITY_DN10460_c0_g1_i9	YP_013612545.1	38.8	278	153	7	235	1038	6	276	3.45e-47	173	YP_013612545.1 ABC2 type transporter superfamily protein [Cedratvirus lausannensis]
TRINITY_DN10460_c0_g1_i9	YP_013612410.1	38.8	278	154	7	235	1038	6	277	4.51e-47	172	YP_013612410.1 ABC2 type transporter superfamily protein [Brazilian cedratvirus IHUMI]
TRINITY_DN10460_c0_g1_i9	YP_009329403.1	38.7	279	154	7	235	1041	12	283	6.79e-47	172	YP_009329403.1 ABC transporter, partial [Cedratvirus A11]
TRINITY_DN10460_c0_g1_i9	YP_013022917.1	38.4	276	153	7	235	1032	12	280	1.33e-46	171	YP_013022917.1 ABC-2 type transporter [Cedratvirus kamchatka]
TRINITY_DN10460_c0_g1_i9	YP_009001225.1	39.4	254	141	5	274	1011	68	316	6.91e-44	164	YP_009001225.1 ABC transporter [Pithovirus sibericum]
TRINITY_DN24481_c0_g1_i2	YP_009507248.1	51.6	550	251	7	105	1721	18	563	6.29e-169	545	YP_009507248.1 ORF B [Trichoplusia ni TED virus]
TRINITY_DN24481_c0_g1_i2	YP_009666308.1	40.0	440	251	8	534	1838	350	781	5.56e-78	285	YP_009666308.1 Reverse Transcriptase, partial [Cladosporium fulvum T-1 virus]
TRINITY_DN24481_c0_g1_i2	NP_043933.1	32.6	503	318	11	246	1703	204	702	3.89e-61	227	NP_043933.1 hypothetical protein [Strawberry vein banding virus]
TRINITY_DN24481_c0_g1_i2	YP_006607892.1	33.8	411	258	7	501	1703	289	695	7.90e-57	214	YP_006607892.1 reverse transcriptase [Soybean Putnam virus]
TRINITY_DN24481_c0_g1_i2	YP_001931961.1	33.7	419	263	7	501	1730	282	694	1.36e-56	213	YP_001931961.1 replicase [Lamium leaf distortion virus]
TRINITY_DN24481_c0_g1_i3	YP_009507248.1	51.6	550	251	7	3116	4732	18	563	5.38e-166	545	YP_009507248.1 ORF B [Trichoplusia ni TED virus]
TRINITY_DN24481_c0_g1_i3	YP_009666308.1	40.0	440	251	8	3545	4849	350	781	9.47e-78	285	YP_009666308.1 Reverse Transcriptase, partial [Cladosporium fulvum T-1 virus]
TRINITY_DN24481_c0_g1_i3	NP_043933.1	32.6	503	318	11	3257	4714	204	702	5.87e-61	227	NP_043933.1 hypothetical protein [Strawberry vein banding virus]
TRINITY_DN24481_c0_g1_i3	YP_006607892.1	33.8	411	258	7	3512	4714	289	695	1.19e-56	214	YP_006607892.1 reverse transcriptase [Soybean Putnam virus]
TRINITY_DN24481_c0_g1_i3	YP_001931961.1	33.7	419	263	7	3512	4741	282	694	2.04e-56	213	YP_001931961.1 replicase [Lamium leaf distortion virus]
TRINITY_DN24481_c0_g2_i1	YP_010796970.1	47.0	168	89	0	609	106	130	297	7.64e-42	150	YP_010796970.1 integrase [Mayetiola barley midge adintovirus]
TRINITY_DN24481_c0_g2_i1	YP_184882.1	55.3	94	41	1	630	349	124	216	7.28e-24	100	YP_184882.1 hypothetical protein CcBV_31.2 [Bracoviriform congregatae]
TRINITY_DN72968_c0_g1_i1	YP_010783327.1	98.7	77	1	0	398	628	1	77	1.58e-45	150	YP_010783327.1 ubiquitin family protein [Tetraselmis virus 1]
TRINITY_DN72968_c0_g1_i1	YP_009173411.1	94.8	77	4	0	170	400	1	77	1.01e-43	145	YP_009173411.1 Ubiquitin [Chrysochromulina ericina virus]
TRINITY_DN72968_c0_g1_i1	YP_009447989.1	94.8	77	4	0	398	628	1	77	1.44e-43	145	YP_009447989.1 ubiquitin family protein [Flamingopox virus FGPVKD09]
TRINITY_DN72968_c0_g1_i1	YP_007676278.1	94.7	76	4	0	398	625	1	76	3.05e-43	146	YP_007676278.1 ubiquitin [Micromonas pusilla virus 12T]
TRINITY_DN72968_c0_g1_i1	NP_955119.1	94.7	76	4	0	398	625	1	76	3.63e-43	144	NP_955119.1 CNPV096 ubiquitin [Canarypox virus]
TRINITY_DN72968_c1_g1_i1	YP_010783327.1	98.7	76	1	0	64	291	1	76	4.44e-45	147	YP_010783327.1 ubiquitin family protein [Tetraselmis virus 1]
TRINITY_DN72968_c1_g1_i1	YP_009447989.1	96.1	76	3	0	64	291	1	76	1.02e-43	144	YP_009447989.1 ubiquitin family protein [Flamingopox virus FGPVKD09]
TRINITY_DN72968_c1_g1_i1	YP_009173411.1	94.7	76	4	0	64	291	1	76	1.45e-43	144	YP_009173411.1 Ubiquitin [Chrysochromulina ericina virus]
TRINITY_DN72968_c1_g1_i1	YP_007676278.1	94.7	76	4	0	64	291	1	76	1.52e-43	145	YP_007676278.1 ubiquitin [Micromonas pusilla virus 12T]
TRINITY_DN72968_c1_g1_i1	NP_955119.1	94.7	76	4	0	64	291	1	76	1.83e-43	144	NP_955119.1 CNPV096 ubiquitin [Canarypox virus]
TRINITY_DN1229_c0_g1_i2	YP_010842031.1	25.5	675	370	24	609	2285	7	664	1.11e-40	163	YP_010842031.1 glucose-methanol-choline oxidoreductase [Cotonvirus japonicus]
TRINITY_DN1229_c0_g1_i2	YP_010789959.1	26.0	673	374	23	609	2285	12	674	1.58e-40	162	YP_010789959.1 glucose-methanol-choline oxidoreductase [Moumouvirus australiensis]
TRINITY_DN1229_c0_g1_i2	YP_010779322.1	25.9	673	375	24	609	2285	12	674	5.21e-39	158	YP_010779322.1 oxidoreductase [Moumouvirus goulette]
TRINITY_DN1229_c0_g1_i2	YP_007354600.1	25.7	673	376	24	609	2285	12	674	1.66e-38	156	YP_007354600.1 glucose-methanol-choline oxidoreductase [Acanthamoeba polyphaga moumouvirus]
TRINITY_DN1229_c0_g1_i2	YP_004894780.1	25.6	671	380	22	609	2285	12	675	2.28e-38	156	YP_004894780.1 glucose-methanol-choline oxidoreductase [Megavirus chiliensis]
TRINITY_DN1287_c0_g1_i14	YP_009052187.1	43.2	139	78	1	99	512	5	143	2.76e-34	129	YP_009052187.1 putative eukaryotic translation elongation factor 5A [Aureococcus anophagefferens virus]
TRINITY_DN1285_c0_g1_i29	YP_010803051.1	27.6	279	166	10	329	1108	17	278	3.61e-22	103	YP_010803051.1 serine/threonine-protein kinase [Fadolivirus algeromassiliense]
TRINITY_DN1285_c0_g1_i29	YP_010778669.1	29.5	224	130	9	311	934	3	214	2.37e-21	100	YP_010778669.1 serine/threonine-protein kinase [Bodo saltans virus]
TRINITY_DN1285_c0_g1_i29	YP_010802039.1	32.4	216	129	7	314	946	835	1038	1.17e-20	102	YP_010802039.1 Ser/Thr protein kinase [Acanthamoeba castellanii medusavirus]
TRINITY_DN1285_c0_g1_i29	YP_008437740.2	30.5	233	133	8	263	952	833	1039	2.32e-19	98.6	YP_008437740.2 serine-threonine kinase [Pandoravirus salinus]
TRINITY_DN1285_c0_g1_i29	YP_010789881.1	28.6	224	122	7	329	916	15	228	1.67e-18	92.8	YP_010789881.1 serine/threonine protein kinase [Moumouvirus australiensis]
TRINITY_DN1285_c0_g1_i66	YP_010803051.1	27.6	279	166	10	329	1108	17	278	3.67e-22	103	YP_010803051.1 serine/threonine-protein kinase [Fadolivirus algeromassiliense]
TRINITY_DN1285_c0_g1_i66	YP_010778669.1	29.5	224	130	9	311	934	3	214	2.40e-21	100	YP_010778669.1 serine/threonine-protein kinase [Bodo saltans virus]
TRINITY_DN1285_c0_g1_i66	YP_010802039.1	32.4	216	129	7	314	946	835	1038	1.20e-20	102	YP_010802039.1 Ser/Thr protein kinase [Acanthamoeba castellanii medusavirus]
TRINITY_DN1285_c0_g1_i66	YP_008437740.2	30.5	233	133	8	263	952	833	1039	2.36e-19	98.6	YP_008437740.2 serine-threonine kinase [Pandoravirus salinus]
TRINITY_DN1285_c0_g1_i66	YP_010789881.1	28.6	224	122	7	329	916	15	228	1.69e-18	92.8	YP_010789881.1 serine/threonine protein kinase [Moumouvirus australiensis]
TRINITY_DN1223_c2_g1_i11	YP_073558.1	21.9	334	225	12	2215	3162	86	401	2.32e-09	65.1	YP_073558.1 RNA-dependent DNA polymerase [lymphocystis disease virus-China]
TRINITY_DN1223_c12_g1_i3	YP_009448265.1	46.4	392	196	4	315	1466	5	390	1.35e-115	360	YP_009448265.1 Myristoyl-CoA protein:N-myristoyltransferase [Orpheovirus IHUMI-LCC2]
TRINITY_DN1223_c12_g1_i3	YP_009174408.1	40.2	351	200	5	420	1466	4	346	4.69e-77	257	YP_009174408.1 putative N-myristoyl transferase [Yellowstone lake phycodnavirus 3]
TRINITY_DN1223_c12_g1_i3	YP_010803163.1	34.8	394	248	4	297	1469	5	392	1.30e-73	249	YP_010803163.1 myristoyl-CoA:protein N-myristoyltransferase [Fadolivirus algeromassiliense]
TRINITY_DN1223_c12_g1_i3	YP_004061499.1	35.2	381	213	9	327	1466	37	384	9.71e-67	230	YP_004061499.1 hypothetical protein BpV1_069 [Bathycoccus sp. RCC1105 virus BpV1]
TRINITY_DN1223_c12_g1_i3	YP_009465793.1	30.7	387	204	10	327	1466	3	332	1.60e-36	144	YP_009465793.1 hypothetical protein C5Y57_gp076 [Dishui lake phycodnavirus 1]
TRINITY_DN1226_c0_g1_i12	YP_010803779.1	43.0	363	194	5	360	1445	6	356	3.53e-99	307	YP_010803779.1 UTP--glucose-1-phosphate uridylyltransferase [Fadolivirus algeromassiliense]
TRINITY_DN1226_c0_g1_i17	YP_010803779.1	43.0	363	194	5	878	1963	6	356	6.36e-96	307	YP_010803779.1 UTP--glucose-1-phosphate uridylyltransferase [Fadolivirus algeromassiliense]
TRINITY_DN1226_c0_g1_i6	YP_010803779.1	43.0	363	194	5	770	1855	6	356	3.03e-96	307	YP_010803779.1 UTP--glucose-1-phosphate uridylyltransferase [Fadolivirus algeromassiliense]
TRINITY_DN1227_c0_g1_i37	YP_013611560.1	38.7	1049	584	18	332	3412	67	1078	3.06e-220	674	YP_013611560.1 hypothetical protein YASMINEVIRUS_1274, partial [Yasminevirus sp. GU-2018]
TRINITY_DN1227_c0_g1_i37	YP_010780932.1	36.1	1098	624	18	179	3412	1	1040	3.97e-210	647	YP_010780932.1 putative ATP-citrate synthase isoform X3 [Tupanvirus deep ocean]
TRINITY_DN1227_c0_g1_i37	YP_010782239.1	37.6	1088	614	19	179	3412	1	1033	9.53e-209	643	YP_010782239.1 putative ATP-citrate synthase [Tupanvirus soda lake]
TRINITY_DN1227_c0_g1_i53	YP_013611560.1	30.0	287	177	5	339	1181	67	335	6.75e-29	123	YP_013611560.1 hypothetical protein YASMINEVIRUS_1274, partial [Yasminevirus sp. GU-2018]
TRINITY_DN1294_c1_g1_i1	YP_009162415.1	31.7	265	168	6	441	1223	2	257	1.65e-36	143	YP_009162415.1 serine-threonine kinase [Salmon gill poxvirus]
TRINITY_DN1294_c1_g1_i1	NP_077596.1	27.4	318	166	4	435	1208	3	315	6.38e-30	128	NP_077596.1 serine-threonine kinase [Ectocarpus siliculosus virus 1]
TRINITY_DN1294_c1_g1_i1	YP_010778841.1	28.3	332	205	11	435	1355	1	324	1.06e-29	126	YP_010778841.1 serine/threonine protein kinase [Bodo saltans virus]
TRINITY_DN1294_c1_g1_i1	YP_002154675.1	26.9	286	157	4	435	1157	2	280	4.34e-29	125	YP_002154675.1 serine-threonine kinase [Feldmannia species virus]
TRINITY_DN1294_c1_g1_i1	YP_009665657.1	27.2	283	157	4	435	1157	2	277	5.29e-29	124	YP_009665657.1 serine-threonine kinase [Feldmannia irregularis virus a]
TRINITY_DN1294_c1_g1_i2	YP_009162415.1	31.7	265	168	6	441	1223	2	257	1.66e-36	143	YP_009162415.1 serine-threonine kinase [Salmon gill poxvirus]
TRINITY_DN1294_c1_g1_i2	NP_077596.1	27.4	318	166	4	435	1208	3	315	6.43e-30	128	NP_077596.1 serine-threonine kinase [Ectocarpus siliculosus virus 1]
TRINITY_DN1294_c1_g1_i2	YP_010778841.1	28.3	332	205	11	435	1355	1	324	1.06e-29	126	YP_010778841.1 serine/threonine protein kinase [Bodo saltans virus]
TRINITY_DN1294_c1_g1_i2	YP_002154675.1	26.9	286	157	4	435	1157	2	280	4.37e-29	125	YP_002154675.1 serine-threonine kinase [Feldmannia species virus]
TRINITY_DN1294_c1_g1_i2	YP_009665657.1	27.2	283	157	4	435	1157	2	277	5.33e-29	124	YP_009665657.1 serine-threonine kinase [Feldmannia irregularis virus a]
TRINITY_DN1291_c0_g1_i13	YP_010796969.1	38.0	263	153	5	1680	913	140	399	6.61e-53	192	YP_010796969.1 hexon [Mayetiola barley midge adintovirus]
TRINITY_DN1291_c0_g1_i6	YP_010796966.1	64.0	100	36	0	2165	1866	41	140	2.07e-28	123	YP_010796966.1 PLA2X-adenain [Mayetiola barley midge adintovirus]
TRINITY_DN1291_c0_g1_i6	NP_891890.1	42.3	78	37	3	3299	3066	208	277	1.41e-06	56.2	NP_891890.1 metalloproteinase [Cryptophlebia leucotreta granulovirus]
TRINITY_DN1291_c0_g1_i6	NP_872491.1	33.3	99	60	2	3341	3045	100	192	4.58e-06	54.3	NP_872491.1 mp-nase [Adoxophyes orana granulovirus]
TRINITY_DN1291_c0_g1_i6	YP_803380.1	24.3	243	127	9	3299	2706	146	376	7.55e-06	53.9	YP_803380.1 hypothetical protein TNAV2c_gp158 [Trichoplusia ni ascovirus 2c]
TRINITY_DN1291_c1_g1_i27	YP_010796969.1	40.9	181	98	5	1701	1180	221	399	1.44e-33	138	YP_010796969.1 hexon [Mayetiola barley midge adintovirus]
TRINITY_DN1291_c1_g1_i27	YP_010796966.1	58.5	118	45	1	4024	3671	30	143	1.33e-31	132	YP_010796966.1 PLA2X-adenain [Mayetiola barley midge adintovirus]
TRINITY_DN1291_c6_g1_i5	YP_010796966.1	71.1	38	11	0	116	3	41	78	5.90e-12	64.7	YP_010796966.1 PLA2X-adenain [Mayetiola barley midge adintovirus]
TRINITY_DN1200_c0_g1_i2	NP_659397.1	33.3	189	121	2	508	1062	258	445	1.81e-24	108	NP_659397.1 hypothetical protein [Mirabilis mosaic virus]
TRINITY_DN1200_c0_g1_i2	YP_009182100.1	29.2	257	162	7	361	1101	1665	1911	9.76e-23	103	YP_009182100.1 polyprotein [Vaccinivirus cadovaccinii]
TRINITY_DN1200_c0_g1_i2	YP_006732334.1	27.1	288	196	4	238	1062	181	467	6.35e-22	100	YP_006732334.1 polyprotein [Dahlia mosaic virus]
TRINITY_DN1200_c0_g1_i2	NP_619548.1	30.2	212	132	4	478	1089	244	447	7.83e-20	94.4	NP_619548.1 unnamed protein product [Figwort mosaic virus]
TRINITY_DN1200_c0_g1_i2	YP_010804325.1	30.0	203	134	2	493	1083	1181	1381	3.53e-19	92.8	YP_010804325.1 p194 [Agapanthus tungrovirus]
TRINITY_DN1200_c0_g1_i5	NP_659397.1	30.1	329	224	3	2579	3550	258	585	3.19e-37	153	NP_659397.1 hypothetical protein [Mirabilis mosaic virus]
TRINITY_DN1200_c0_g1_i5	YP_009182100.1	27.5	385	264	8	2432	3550	1665	2046	8.74e-35	149	YP_009182100.1 polyprotein [Vaccinivirus cadovaccinii]
TRINITY_DN1200_c0_g1_i5	NP_619548.1	27.6	344	237	6	2549	3550	244	585	3.35e-29	128	NP_619548.1 unnamed protein product [Figwort mosaic virus]
TRINITY_DN1200_c0_g1_i5	YP_006732334.1	25.9	406	286	5	2309	3484	181	585	5.39e-29	127	YP_006732334.1 polyprotein [Dahlia mosaic virus]
TRINITY_DN1200_c0_g1_i5	YP_010804325.1	27.2	309	211	4	2564	3460	1181	1485	8.83e-24	112	YP_010804325.1 p194 [Agapanthus tungrovirus]
TRINITY_DN10743_c0_g1_i14	YP_003969830.1	45.3	254	123	5	12473	13228	473	712	1.09e-55	213	YP_003969830.1 putative ubiquitin-conjugating enzyme E2 [Cafeteria roenbergensis virus BV-PW1]
TRINITY_DN10743_c0_g1_i14	YP_010841930.1	28.5	526	301	12	11762	13333	981	1433	1.48e-55	219	YP_010841930.1 ubiquitin-conjugating enzyme E2 [Cotonvirus japonicus]
TRINITY_DN10743_c0_g1_i14	YP_010779407.1	40.0	245	135	1	12602	13336	16	248	1.49e-54	195	YP_010779407.1 enzyme E2 [Moumouvirus goulette]
TRINITY_DN10743_c0_g1_i14	YP_010803074.1	30.8	520	288	13	11702	13240	329	783	3.22e-54	210	YP_010803074.1 ubiquitin-conjugating enzyme E2 [Fadolivirus algeromassiliense]
TRINITY_DN10743_c0_g1_i14	YP_003987035.1	44.1	238	117	1	12611	13324	1161	1382	4.71e-54	214	YP_003987035.1 probable ubiquitin-conjugating enzyme E2 [Acanthamoeba polyphaga mimivirus]
TRINITY_DN10732_c0_g1_i14	YP_025114.1	31.0	245	145	7	509	1234	29	252	9.60e-25	106	YP_025114.1 trypsin-like protein [Neodiprion sertifer nucleopolyhedrovirus]
TRINITY_DN10732_c0_g1_i14	YP_025203.1	29.1	247	147	9	509	1234	30	253	1.34e-24	105	YP_025203.1 unknown [Neodiprion lecontei nucleopolyhedrovirus]
TRINITY_DN10732_c0_g1_i14	YP_667874.1	28.7	247	148	9	509	1234	30	253	6.41e-24	103	YP_667874.1 trypsin-like protein [Neodiprion abietis nucleopolyhedrovirus]
TRINITY_DN10732_c0_g1_i14	YP_002296247.1	25.1	259	143	9	605	1246	59	311	9.01e-14	76.3	YP_002296247.1 putative serine protease [Emiliania huxleyi virus 86]
TRINITY_DN10732_c0_g1_i14	YP_294119.1	25.1	259	143	9	605	1246	123	375	1.25e-13	76.3	YP_294119.1 putative serine protease [Emiliania huxleyi virus 86]
TRINITY_DN10734_c1_g1_i11	YP_009507248.1	37.8	473	275	6	2689	1298	120	582	1.04e-80	289	YP_009507248.1 ORF B [Trichoplusia ni TED virus]
TRINITY_DN10734_c1_g1_i11	NP_056728.1	29.8	416	271	7	2572	1367	264	672	8.50e-50	191	NP_056728.1 reverse transcriptase [Cauliflower mosaic virus]
TRINITY_DN10734_c1_g1_i11	NP_619548.1	29.9	411	274	6	2572	1367	257	662	8.01e-48	185	NP_619548.1 unnamed protein product [Figwort mosaic virus]
TRINITY_DN10734_c1_g1_i11	NP_127504.1	29.8	429	283	9	2626	1367	1385	1804	4.54e-44	178	NP_127504.1 ORF I polyprotein [Petunia vein clearing virus]
TRINITY_DN10734_c1_g1_i11	YP_009553045.1	25.5	640	400	19	3073	1343	1077	1702	2.70e-40	166	YP_009553045.1 ORF3 polyprotein [Cacao swollen shoot Ghana R virus]
TRINITY_DN10734_c1_g1_i5	YP_009507248.1	37.8	473	275	6	3000	1609	120	582	1.06e-79	289	YP_009507248.1 ORF B [Trichoplusia ni TED virus]
TRINITY_DN10734_c1_g1_i5	NP_056728.1	29.8	416	271	7	2883	1678	264	672	1.34e-49	191	NP_056728.1 reverse transcriptase [Cauliflower mosaic virus]
TRINITY_DN10734_c1_g1_i5	NP_619548.1	29.9	411	274	6	2883	1678	257	662	1.23e-47	185	NP_619548.1 unnamed protein product [Figwort mosaic virus]
TRINITY_DN10734_c1_g1_i5	NP_127504.1	29.8	429	283	9	2937	1678	1385	1804	8.96e-44	178	NP_127504.1 ORF I polyprotein [Petunia vein clearing virus]
TRINITY_DN10734_c1_g1_i5	YP_009553045.1	25.5	640	400	19	3384	1654	1077	1702	4.83e-40	166	YP_009553045.1 ORF3 polyprotein [Cacao swollen shoot Ghana R virus]
TRINITY_DN10734_c2_g1_i1	YP_009507248.1	37.8	473	275	6	1635	3026	120	582	4.92e-80	290	YP_009507248.1 ORF B [Trichoplusia ni TED virus]
TRINITY_DN10734_c2_g1_i1	NP_056728.1	30.3	416	269	7	1752	2957	264	672	7.29e-51	195	NP_056728.1 reverse transcriptase [Cauliflower mosaic virus]
TRINITY_DN10734_c2_g1_i1	NP_619548.1	30.3	412	271	7	1752	2957	257	662	3.89e-48	187	NP_619548.1 unnamed protein product [Figwort mosaic virus]
TRINITY_DN10734_c2_g1_i1	NP_127504.1	29.6	429	284	9	1698	2957	1385	1804	2.11e-43	177	NP_127504.1 ORF I polyprotein [Petunia vein clearing virus]
TRINITY_DN10734_c2_g1_i1	YP_009553219.1	30.9	427	274	10	1725	2960	1168	1588	1.52e-40	167	YP_009553219.1 ORF3 [Dioscorea nummularia-associated virus]
TRINITY_DN14354_c0_g1_i25	YP_008052661.1	38.3	81	39	3	128	343	11	89	8.19e-06	47.0	YP_008052661.1 cold shock protein [Phaeocystis globosa virus]
TRINITY_DN14335_c0_g1_i3	YP_009448979.1	31.0	168	108	6	1100	1594	302	464	2.94e-11	70.5	YP_009448979.1 Cytochrome P450-like protein E-class [Orpheovirus IHUMI-LCC2]
TRINITY_DN14347_c0_g1_i4	YP_003969699.1	26.6	670	430	18	375	2354	2	619	1.06e-54	204	YP_003969699.1 putative metalloendopeptidase [Cafeteria roenbergensis virus BV-PW1]
TRINITY_DN14347_c0_g1_i4	YP_013611623.1	27.5	575	360	15	729	2336	131	687	1.49e-45	179	YP_013611623.1 M13 family peptidase [Yasminevirus sp. GU-2018]
TRINITY_DN14347_c0_g1_i4	YP_013611756.1	26.1	586	334	14	750	2261	160	728	8.36e-42	167	YP_013611756.1 peptidase M13 [Yasminevirus sp. GU-2018]
TRINITY_DN14362_c0_g1_i1	YP_010082908.1	37.8	74	46	0	378	157	69	142	9.05e-11	59.3	YP_010082908.1 phosphatase [Fusobacterium phage Fnu1]
TRINITY_DN14362_c0_g1_i2	YP_010082908.1	39.2	74	45	0	377	156	69	142	2.67e-11	62.8	YP_010082908.1 phosphatase [Fusobacterium phage Fnu1]
TRINITY_DN67826_c0_g2_i3	NP_042289.1	42.3	168	91	1	158	643	354	521	6.70e-34	139	NP_042289.1 P68 protein [UR2 sarcoma virus]
TRINITY_DN67826_c0_g2_i3	NP_955595.1	35.7	182	110	2	80	625	201	375	1.28e-30	130	NP_955595.1 ABL [Abelson murine leukemia virus]
TRINITY_DN67826_c0_g2_i3	NP_057866.1	35.7	182	110	2	80	625	436	610	1.77e-30	130	NP_057866.1 p120 Gag-Abl polyprotein [Abelson murine leukemia virus]
TRINITY_DN67826_c0_g2_i3	NP_955606.1	35.9	153	98	0	158	616	706	858	1.17e-26	118	NP_955606.1 FBS [Fujinami sarcoma virus]
TRINITY_DN67826_c0_g2_i3	NP_056889.1	35.9	153	98	0	158	616	1015	1167	1.46e-26	118	NP_056889.1 p140 polyprotein [Fujinami sarcoma virus]
TRINITY_DN67826_c0_g2_i9	NP_042289.1	35.7	252	151	4	1129	1857	245	494	3.24e-37	150	NP_042289.1 P68 protein [UR2 sarcoma virus]
TRINITY_DN67826_c0_g2_i9	NP_955595.1	33.7	246	148	6	1123	1857	123	354	4.57e-32	135	NP_955595.1 ABL [Abelson murine leukemia virus]
TRINITY_DN67826_c0_g2_i9	NP_057866.1	33.7	246	148	6	1123	1857	358	589	6.96e-32	135	NP_057866.1 p120 Gag-Abl polyprotein [Abelson murine leukemia virus]
TRINITY_DN67826_c0_g2_i9	NP_955606.1	29.9	231	151	2	1165	1857	621	840	6.20e-25	114	NP_955606.1 FBS [Fujinami sarcoma virus]
TRINITY_DN67826_c0_g2_i9	NP_056889.1	29.9	231	151	2	1165	1857	930	1149	7.87e-25	114	NP_056889.1 p140 polyprotein [Fujinami sarcoma virus]
TRINITY_DN15804_c0_g1_i1	YP_184882.1	55.4	195	86	1	813	1394	3	197	5.79e-64	209	YP_184882.1 hypothetical protein CcBV_31.2 [Bracoviriform congregatae]
TRINITY_DN15804_c0_g1_i1	YP_010796970.1	50.0	186	91	1	828	1379	6	191	1.47e-52	182	YP_010796970.1 integrase [Mayetiola barley midge adintovirus]
TRINITY_DN15804_c0_g1_i1	YP_010796949.1	43.2	169	95	1	831	1334	52	220	3.56e-36	140	YP_010796949.1 integrase [Terrapene box turtle adintovirus]
TRINITY_DN15804_c0_g1_i1	YP_010796957.1	40.9	149	74	5	2	424	1195	1337	1.64e-19	95.5	YP_010796957.1 PolB [Terrapene box turtle adintovirus]
TRINITY_DN15804_c0_g1_i5	YP_184882.1	60.5	76	30	0	206	433	3	78	3.44e-25	98.6	YP_184882.1 hypothetical protein CcBV_31.2 [Bracoviriform congregatae]
TRINITY_DN15804_c0_g1_i5	YP_010796970.1	56.3	71	31	0	221	433	6	76	6.82e-19	83.6	YP_010796970.1 integrase [Mayetiola barley midge adintovirus]
TRINITY_DN15804_c0_g1_i5	YP_010796949.1	48.6	70	36	0	224	433	52	121	2.04e-13	68.9	YP_010796949.1 integrase [Terrapene box turtle adintovirus]
TRINITY_DN15804_c0_g1_i6	YP_184882.1	55.4	195	86	1	774	1355	3	197	4.16e-64	209	YP_184882.1 hypothetical protein CcBV_31.2 [Bracoviriform congregatae]
TRINITY_DN15804_c0_g1_i6	YP_010796970.1	50.0	186	91	1	789	1340	6	191	1.09e-52	182	YP_010796970.1 integrase [Mayetiola barley midge adintovirus]
TRINITY_DN15804_c0_g1_i6	YP_010796949.1	43.2	169	95	1	792	1295	52	220	2.87e-36	140	YP_010796949.1 integrase [Terrapene box turtle adintovirus]
TRINITY_DN15804_c0_g1_i6	YP_010796957.1	40.9	149	74	5	2	424	1195	1337	1.44e-19	95.5	YP_010796957.1 PolB [Terrapene box turtle adintovirus]
TRINITY_DN15804_c0_g2_i1	YP_010796957.1	43.3	245	125	5	942	232	1099	1337	2.98e-50	182	YP_010796957.1 PolB [Terrapene box turtle adintovirus]
TRINITY_DN15825_c0_g1_i6	YP_004061438.1	65.0	638	210	5	170	2077	4	630	1.71e-281	805	YP_004061438.1 hypothetical protein BpV1_008c [Bathycoccus sp. RCC1105 virus BpV1]
TRINITY_DN15825_c0_g1_i6	YP_007676312.1	64.3	642	206	5	164	2077	2	624	4.80e-274	785	YP_007676312.1 heat shock protein 70 [Micromonas pusilla virus 12T]
TRINITY_DN15825_c0_g1_i6	YP_009173627.1	66.8	608	198	3	161	1975	6	612	1.25e-272	784	YP_009173627.1 Hsp70 protein [Chrysochromulina ericina virus]
TRINITY_DN15825_c0_g1_i6	YP_010776364.1	60.7	644	244	5	155	2077	1	638	2.00e-263	759	YP_010776364.1 hypothetical protein QJ849_gp451 [Powai lake megavirus]
TRINITY_DN15825_c0_g1_i6	YP_004894551.1	60.6	644	245	5	155	2077	1	638	7.99e-263	757	YP_004894551.1 heat shock 70 kDa protein-like protein [Megavirus chiliensis]
TRINITY_DN67234_c0_g2_i1	YP_001956722.2	29.0	193	129	4	583	5	780	964	8.75e-18	84.0	YP_001956722.2 Pol precursor [African green monkey simian foamy virus]
TRINITY_DN67234_c0_g2_i1	YP_009666126.1	28.5	193	130	4	583	5	780	964	5.50e-17	81.6	YP_009666126.1 pol protein [Guenon simian foamy virus]
TRINITY_DN67234_c0_g2_i1	YP_009508888.1	28.0	193	131	4	583	5	780	964	2.54e-16	79.7	YP_009508888.1 polymerase [Simian foamy virus Pongo pygmaeus pygmaeus]
TRINITY_DN67234_c0_g2_i1	YP_009513249.1	27.6	163	115	2	493	5	807	966	3.46e-16	79.3	YP_009513249.1 pol [Feline foamy virus]
TRINITY_DN67234_c0_g2_i1	YP_009508582.1	27.5	193	132	4	583	5	780	964	4.69e-16	79.0	YP_009508582.1 pol protein [Yellow-breasted capuchin simian foamy virus]
TRINITY_DN93266_c0_g1_i1	YP_010303268.1	30.7	127	80	4	346	711	8	131	4.43e-10	61.2	YP_010303268.1 nudix hydrolase [Erwinia phage pEa_SNUABM_7]
TRINITY_DN93266_c0_g1_i1	YP_010301904.1	32.0	128	78	4	346	711	8	132	4.53e-10	61.2	YP_010301904.1 nudix hydrolase [Erwinia phage pEa_SNUABM_33]
TRINITY_DN93266_c0_g1_i1	YP_009811551.1	31.5	127	80	3	346	711	8	132	6.16e-10	60.8	YP_009811551.1 nudix hydrolase [Dickeya phage vB_DsoM_AD1]
TRINITY_DN93266_c0_g1_i1	YP_010302243.1	31.3	128	79	4	346	711	8	132	2.11e-09	59.3	YP_010302243.1 nudix hydrolase [Erwinia phage pEa_SNUABM_1]
TRINITY_DN93266_c0_g1_i1	YP_010301569.1	32.0	128	78	4	346	711	8	132	2.11e-09	59.3	YP_010301569.1 nudix hydrolase [Erwinia phage pEa_SNUABM_30]
TRINITY_DN84023_c0_g1_i18	NP_570296.1	29.5	105	71	2	313	618	2	106	2.83e-07	55.5	NP_570296.1 SPV136 kelch-like protein [Swinepox virus]
TRINITY_DN14041_c0_g2_i2	YP_008052571.1	41.7	283	160	3	490	1332	101	380	3.27e-59	209	YP_008052571.1 ATP-dependent zinc metalloprotease [Phaeocystis globosa virus]
TRINITY_DN14041_c0_g2_i2	YP_009465729.1	37.6	266	162	2	580	1368	136	400	6.52e-54	194	YP_009465729.1 hypothetical protein C5Y57_gp012 [Dishui lake phycodnavirus 1]
TRINITY_DN14041_c0_g2_i2	YP_004061441.1	39.9	263	157	1	574	1362	216	477	9.97e-53	192	YP_004061441.1 hypothetical protein BpV1_011c [Bathycoccus sp. RCC1105 virus BpV1]
TRINITY_DN14041_c0_g2_i2	YP_007674885.1	39.5	258	154	2	577	1350	135	390	2.23e-52	190	YP_007674885.1 ATP-dependent metalloprotease [Ostreococcus lucimarinus virus OlV5]
TRINITY_DN14041_c0_g2_i2	YP_009172504.1	37.6	263	160	2	577	1356	135	396	6.01e-52	189	YP_009172504.1 hypothetical protein APZ24_gp013 [Ostreococcus lucimarinus virus 2]
TRINITY_DN1359_c0_g1_i3	YP_009173589.1	30.8	419	257	8	917	2164	4	392	5.33e-52	192	YP_009173589.1 Helicase 45 [Chrysochromulina ericina virus]
TRINITY_DN1359_c0_g1_i3	YP_009666148.1	32.1	392	235	7	998	2161	8	372	6.15e-52	191	YP_009666148.1 hypothetical protein FLA14_p101 [Diachasmimorpha longicaudata entomopoxvirus]
TRINITY_DN1359_c0_g1_i3	YP_010796805.1	32.1	392	235	7	998	2161	8	372	6.15e-52	191	YP_010796805.1 putative RNA helicase [Diachasmimorpha longicaudata entomopoxvirus]
TRINITY_DN1359_c0_g1_i3	YP_003970003.1	30.8	380	222	8	974	2089	3	349	4.25e-49	183	YP_003970003.1 putative superfamily II helicase/eIF-4AIII [Cafeteria roenbergensis virus BV-PW1]
TRINITY_DN1359_c0_g1_i3	YP_010778646.1	31.8	384	221	11	992	2098	11	368	7.42e-38	151	YP_010778646.1 eukaryotic translation initiation factor eIF-4A [Bodo saltans virus]
TRINITY_DN1359_c0_g1_i8	YP_009173589.1	30.8	419	257	8	917	2164	4	392	4.27e-52	192	YP_009173589.1 Helicase 45 [Chrysochromulina ericina virus]
TRINITY_DN1359_c0_g1_i8	YP_009666148.1	32.1	392	235	7	998	2161	8	372	4.94e-52	191	YP_009666148.1 hypothetical protein FLA14_p101 [Diachasmimorpha longicaudata entomopoxvirus]
TRINITY_DN1359_c0_g1_i8	YP_010796805.1	32.1	392	235	7	998	2161	8	372	4.94e-52	191	YP_010796805.1 putative RNA helicase [Diachasmimorpha longicaudata entomopoxvirus]
TRINITY_DN1359_c0_g1_i8	YP_003970003.1	30.8	380	222	8	974	2089	3	349	3.41e-49	183	YP_003970003.1 putative superfamily II helicase/eIF-4AIII [Cafeteria roenbergensis virus BV-PW1]
TRINITY_DN1359_c0_g1_i8	YP_010778646.1	31.8	384	221	11	992	2098	11	368	5.94e-38	151	YP_010778646.1 eukaryotic translation initiation factor eIF-4A [Bodo saltans virus]
TRINITY_DN1333_c0_g1_i6	YP_004347415.1	33.1	356	223	10	28	1059	283	635	6.84e-40	161	YP_004347415.1 replicase [Sweet potato collusive virus]
TRINITY_DN1333_c0_g1_i6	YP_009182100.1	31.1	350	233	5	16	1047	1775	2122	8.13e-40	166	YP_009182100.1 polyprotein [Vaccinivirus cadovaccinii]
TRINITY_DN1333_c0_g1_i6	NP_127504.1	30.2	338	228	7	46	1047	1471	1804	5.04e-33	143	NP_127504.1 ORF I polyprotein [Petunia vein clearing virus]
TRINITY_DN1333_c0_g1_i6	YP_010805662.1	27.5	382	258	9	16	1119	1379	1755	9.24e-30	132	YP_010805662.1 ORF3 [Chinaberry tree badnavirus 1]
TRINITY_DN1333_c0_g1_i6	YP_004442827.1	27.0	355	246	7	16	1047	1324	1676	3.55e-27	124	YP_004442827.1 polyprotein [Banana streak UI virus]
TRINITY_DN1333_c2_g1_i4	YP_009182100.1	30.5	410	271	7	3024	1828	1716	2122	7.51e-47	189	YP_009182100.1 polyprotein [Vaccinivirus cadovaccinii]
TRINITY_DN1333_c2_g1_i4	YP_004347415.1	30.6	487	306	14	3189	1816	152	635	4.89e-45	177	YP_004347415.1 replicase [Sweet potato collusive virus]
TRINITY_DN1333_c2_g1_i4	NP_127504.1	28.6	406	278	8	3021	1828	1403	1804	4.23e-36	154	NP_127504.1 ORF I polyprotein [Petunia vein clearing virus]
TRINITY_DN1333_c2_g1_i4	YP_010805662.1	27.0	452	300	12	3036	1756	1309	1755	2.24e-34	148	YP_010805662.1 ORF3 [Chinaberry tree badnavirus 1]
TRINITY_DN1333_c2_g1_i4	YP_004442836.1	27.0	466	309	12	3033	1711	1261	1720	1.11e-31	139	YP_004442836.1 polyprotein [Banana streak CA virus]
TRINITY_DN1395_c1_g1_i2	YP_009449015.1	46.6	193	97	1	284	844	5	197	1.10e-47	171	YP_009449015.1 GTP ras-related protein Rac1 [Orpheovirus IHUMI-LCC2]
TRINITY_DN1368_c1_g2_i1	YP_009483610.1	28.7	348	217	12	236	1252	20	345	2.85e-28	120	YP_009483610.1 WD40-repeat containing protein [Pandoravirus quercus]
TRINITY_DN1368_c1_g2_i1	YP_008438381.1	29.9	354	217	14	215	1249	14	345	9.27e-27	116	YP_008438381.1 WD40-repeat-containing protein [Pandoravirus salinus]
TRINITY_DN1368_c1_g2_i1	YP_008438378.1	27.8	349	219	11	236	1252	20	345	1.05e-26	116	YP_008438378.1 WD40-repeat-containing protein [Pandoravirus salinus]
TRINITY_DN1368_c1_g2_i1	YP_008319699.1	28.1	360	230	12	236	1297	20	356	1.44e-26	115	YP_008319699.1 WD40-repeat containing protein [Pandoravirus dulcis]
TRINITY_DN1368_c1_g2_i1	YP_009094880.1	28.7	254	167	8	224	979	3	244	6.24e-21	98.2	YP_009094880.1 conserved WD-repeat containing protein [Marseillevirus sp. 'Melbournevirus']
TRINITY_DN1325_c0_g1_i3	YP_010796957.1	35.1	1077	607	32	60	3179	316	1337	1.70e-198	613	YP_010796957.1 PolB [Terrapene box turtle adintovirus]
TRINITY_DN1325_c0_g1_i3	YP_010804209.1	27.2	114	79	2	1401	1736	192	303	1.60e-08	60.8	YP_010804209.1 hypothetical protein QKU48_gp1326 [Fadolivirus algeromassiliense]
TRINITY_DN1325_c0_g1_i3	YP_012768867.1	23.6	368	189	14	1725	2777	245	537	2.08e-06	55.5	YP_012768867.1 DNA polymerase [Bacillus phage vB_BceP_LY3]
TRINITY_DN1325_c0_g1_i8	YP_010796957.1	32.7	1250	728	40	322	3945	159	1337	1.07e-194	614	YP_010796957.1 PolB [Terrapene box turtle adintovirus]
TRINITY_DN1325_c0_g1_i8	YP_010803531.1	33.3	108	68	2	2185	2502	369	474	2.36e-09	65.1	YP_010803531.1 hypothetical protein QKU48_gp0648 [Fadolivirus algeromassiliense]
TRINITY_DN1325_c0_g1_i8	YP_009361564.1	28.8	111	73	3	2191	2514	357	464	9.00e-09	63.2	YP_009361564.1 Probable Zinc-ribbon domain-containing protein [Pacmanvirus A23]
TRINITY_DN1325_c0_g1_i8	YP_010804209.1	30.2	116	73	4	2173	2508	192	303	5.32e-07	56.6	YP_010804209.1 hypothetical protein QKU48_gp1326 [Fadolivirus algeromassiliense]
TRINITY_DN1325_c0_g1_i8	YP_010803306.1	31.5	124	61	7	2191	2511	345	461	9.99e-07	56.6	YP_010803306.1 restriction endonuclease type II-like protein [Fadolivirus algeromassiliense]
TRINITY_DN1365_c0_g1_i30	YP_009509095.1	41.7	372	182	7	2509	3594	15	361	7.62e-81	274	YP_009509095.1 v-kit protein (370 aa) (1242 is 3rd base in codon) [Feline sarcoma virus (STRAIN HARDY-ZUCKERMAN 4)]
TRINITY_DN1365_c0_g1_i30	YP_009508243.1	41.7	372	182	7	2509	3594	428	774	2.53e-76	274	YP_009508243.1 unnamed protein product [Feline sarcoma virus (STRAIN HARDY-ZUCKERMAN 4)]
TRINITY_DN1365_c0_g1_i30	NP_042289.1	35.5	203	120	4	3031	3609	321	522	5.77e-31	134	NP_042289.1 P68 protein [UR2 sarcoma virus]
TRINITY_DN1365_c0_g1_i30	NP_955595.1	36.1	166	100	3	3151	3642	232	393	7.45e-28	125	NP_955595.1 ABL [Abelson murine leukemia virus]
TRINITY_DN1365_c0_g1_i30	NP_057866.1	36.1	166	100	3	3151	3642	467	628	1.26e-27	125	NP_057866.1 p120 Gag-Abl polyprotein [Abelson murine leukemia virus]
TRINITY_DN1365_c0_g1_i34	YP_009509095.1	41.7	372	182	7	2542	3627	15	361	7.38e-81	274	YP_009509095.1 v-kit protein (370 aa) (1242 is 3rd base in codon) [Feline sarcoma virus (STRAIN HARDY-ZUCKERMAN 4)]
TRINITY_DN1365_c0_g1_i34	YP_009508243.1	41.7	372	182	7	2542	3627	428	774	2.44e-76	274	YP_009508243.1 unnamed protein product [Feline sarcoma virus (STRAIN HARDY-ZUCKERMAN 4)]
TRINITY_DN1365_c0_g1_i34	NP_042289.1	35.5	203	120	4	3064	3642	321	522	5.63e-31	134	NP_042289.1 P68 protein [UR2 sarcoma virus]
TRINITY_DN1365_c0_g1_i34	NP_955595.1	36.1	166	100	3	3184	3675	232	393	7.26e-28	125	NP_955595.1 ABL [Abelson murine leukemia virus]
TRINITY_DN1365_c0_g1_i34	NP_057866.1	36.1	166	100	3	3184	3675	467	628	1.23e-27	125	NP_057866.1 p120 Gag-Abl polyprotein [Abelson murine leukemia virus]
TRINITY_DN13012_c0_g2_i4	YP_006908521.1	54.5	143	65	0	508	936	45	187	6.61e-47	163	YP_006908521.1 dUTPase [Epinotia aporema granulovirus]
TRINITY_DN13012_c0_g2_i4	NP_064784.1	51.5	134	65	0	535	936	7	140	7.19e-44	153	NP_064784.1 dUTPase [Betaentomopoxvirus amoorei]
TRINITY_DN13012_c0_g2_i4	YP_009121833.1	52.0	150	68	2	502	945	4	151	6.95e-43	151	YP_009121833.1 dUTPase [Spodoptera frugiperda granulovirus]
TRINITY_DN13012_c0_g2_i4	NP_957784.1	52.2	136	65	0	529	936	18	153	6.78e-41	146	NP_957784.1 dUTPase [Orf virus]
TRINITY_DN13012_c0_g2_i4	YP_001257002.1	53.2	141	62	2	526	942	2	140	7.68e-41	145	YP_001257002.1 dUTPase [Spodoptera litura granulovirus]
TRINITY_DN13040_c1_g1_i10	YP_009001498.1	29.2	216	144	5	156	794	466	675	5.31e-19	97.4	YP_009001498.1 ABC transporter [Alphaentomopoxvirus acuprea]
TRINITY_DN13053_c0_g1_i1	YP_007354237.1	37.1	116	68	1	410	757	97	207	2.96e-14	73.6	YP_007354237.1 RNA polymerase subunit 5 [Acanthamoeba polyphaga moumouvirus]
TRINITY_DN13053_c0_g1_i1	YP_010803494.1	37.0	108	64	2	440	757	102	207	7.65e-14	72.4	YP_010803494.1 DNA-directed RNA polymerase subunit 5 [Fadolivirus algeromassiliense]
TRINITY_DN13053_c0_g1_i1	YP_010789589.1	35.3	116	70	1	410	757	97	207	1.44e-13	71.6	YP_010789589.1 RNA polymerase subunit 5 [Moumouvirus australiensis]
TRINITY_DN13053_c0_g1_i1	YP_010779728.1	26.2	206	142	4	140	757	12	207	1.97e-13	71.2	YP_010779728.1 polymerase subunit 5 [Moumouvirus goulette]
TRINITY_DN13053_c0_g1_i1	YP_010782221.1	32.6	92	62	0	482	757	113	204	2.13e-09	59.7	YP_010782221.1 DNA-directed RNA polymerase subunit 5 [Tupanvirus soda lake]
TRINITY_DN32779_c0_g1_i1	YP_009119837.1	35.9	145	74	4	126	503	49	193	8.86e-19	85.5	YP_009119837.1 beta glucosidase [Pandoravirus inopinatum]
TRINITY_DN32779_c0_g1_i1	YP_009483380.1	33.8	145	77	4	126	503	50	194	1.47e-15	76.3	YP_009483380.1 Glycosyl hydrolase family 1 protein [Pandoravirus quercus]
TRINITY_DN917_c0_g1_i1	YP_004061438.1	62.7	565	204	4	3	1694	72	630	1.55e-241	684	YP_004061438.1 hypothetical protein BpV1_008c [Bathycoccus sp. RCC1105 virus BpV1]
TRINITY_DN917_c0_g1_i1	YP_007676312.1	63.2	565	196	5	3	1694	71	624	4.42e-237	673	YP_007676312.1 heat shock protein 70 [Micromonas pusilla virus 12T]
TRINITY_DN917_c0_g1_i1	YP_009173627.1	63.3	537	193	3	3	1604	76	611	1.14e-227	651	YP_009173627.1 Hsp70 protein [Chrysochromulina ericina virus]
TRINITY_DN917_c0_g1_i1	YP_010776364.1	59.4	569	223	5	3	1694	73	638	2.03e-226	646	YP_010776364.1 hypothetical protein QJ849_gp451 [Powai lake megavirus]
TRINITY_DN917_c0_g1_i1	YP_010777306.1	58.1	566	231	3	3	1694	73	634	5.02e-226	645	YP_010777306.1 HSP70 [Acanthamoeba polyphaga mimivirus]
TRINITY_DN917_c0_g1_i2	YP_004061438.1	66.5	633	204	5	125	2017	4	630	1.33e-292	818	YP_004061438.1 hypothetical protein BpV1_008c [Bathycoccus sp. RCC1105 virus BpV1]
TRINITY_DN917_c0_g1_i2	YP_007676312.1	66.0	632	203	4	125	2017	4	624	8.29e-285	798	YP_007676312.1 heat shock protein 70 [Micromonas pusilla virus 12T]
TRINITY_DN917_c0_g1_i2	YP_009173627.1	65.8	608	204	3	116	1930	6	612	2.05e-276	779	YP_009173627.1 Hsp70 protein [Chrysochromulina ericina virus]
TRINITY_DN917_c0_g1_i2	YP_003986897.1	61.1	633	240	3	125	2017	6	634	2.29e-272	767	YP_003986897.1 heat shock 70 kDa protein-like protein [Acanthamoeba polyphaga mimivirus]
TRINITY_DN917_c0_g1_i2	YP_010777306.1	61.0	633	241	3	125	2017	6	634	2.29e-272	767	YP_010777306.1 HSP70 [Acanthamoeba polyphaga mimivirus]
TRINITY_DN917_c0_g1_i3	YP_004061438.1	65.4	633	211	5	125	2017	4	630	1.45e-289	809	YP_004061438.1 hypothetical protein BpV1_008c [Bathycoccus sp. RCC1105 virus BpV1]
TRINITY_DN917_c0_g1_i3	YP_007676312.1	66.5	632	200	4	125	2017	4	624	3.83e-288	805	YP_007676312.1 heat shock protein 70 [Micromonas pusilla virus 12T]
TRINITY_DN917_c0_g1_i3	YP_009173627.1	65.6	607	205	3	116	1927	6	611	2.96e-276	777	YP_009173627.1 Hsp70 protein [Chrysochromulina ericina virus]
TRINITY_DN917_c0_g1_i3	YP_010789745.1	61.8	638	240	3	113	2017	1	637	1.12e-273	769	YP_010789745.1 heat shock 70 kDa protein-like protein [Moumouvirus australiensis]
TRINITY_DN917_c0_g1_i3	YP_010776364.1	61.8	636	235	5	125	2017	6	638	2.34e-273	768	YP_010776364.1 hypothetical protein QJ849_gp451 [Powai lake megavirus]
TRINITY_DN917_c0_g1_i4	YP_007676312.1	77.5	218	47	2	154	804	4	220	3.13e-110	333	YP_007676312.1 heat shock protein 70 [Micromonas pusilla virus 12T]
TRINITY_DN917_c0_g1_i4	YP_009173627.1	76.0	221	51	2	145	804	6	225	1.51e-107	328	YP_009173627.1 Hsp70 protein [Chrysochromulina ericina virus]
TRINITY_DN917_c0_g1_i4	YP_010780597.1	78.5	200	43	0	145	744	3	202	5.51e-107	311	YP_010780597.1 putative heat shock 70 kDa protein [Tupanvirus deep ocean]
TRINITY_DN917_c0_g1_i4	YP_004061438.1	76.3	219	49	3	154	804	4	221	1.45e-106	324	YP_004061438.1 hypothetical protein BpV1_008c [Bathycoccus sp. RCC1105 virus BpV1]
TRINITY_DN917_c0_g1_i4	YP_010781892.1	78.0	200	44	0	145	744	3	202	3.17e-106	309	YP_010781892.1 putative heat shock 70 kDa protein [Tupanvirus soda lake]
TRINITY_DN917_c0_g1_i5	YP_007676312.1	76.6	218	49	2	124	774	4	220	2.39e-109	331	YP_007676312.1 heat shock protein 70 [Micromonas pusilla virus 12T]
TRINITY_DN917_c0_g1_i5	YP_009173627.1	76.0	221	51	2	115	774	6	225	1.84e-108	330	YP_009173627.1 Hsp70 protein [Chrysochromulina ericina virus]
TRINITY_DN917_c0_g1_i5	YP_010780597.1	77.5	200	45	0	115	714	3	202	3.09e-106	308	YP_010780597.1 putative heat shock 70 kDa protein [Tupanvirus deep ocean]
TRINITY_DN917_c0_g1_i5	YP_010841774.1	73.7	217	56	1	124	774	6	221	5.22e-106	323	YP_010841774.1 heat shock 70 kda protein-like protein [Cotonvirus japonicus]
TRINITY_DN917_c0_g1_i5	YP_004061438.1	75.3	219	51	3	124	774	4	221	1.10e-105	322	YP_004061438.1 hypothetical protein BpV1_008c [Bathycoccus sp. RCC1105 virus BpV1]
TRINITY_DN900_c1_g1_i2	YP_009507248.1	26.8	872	524	22	1714	4053	106	955	7.49e-68	254	YP_009507248.1 ORF B [Trichoplusia ni TED virus]
TRINITY_DN900_c1_g1_i2	NP_043933.1	29.0	466	311	8	1690	3045	243	702	3.79e-48	188	NP_043933.1 hypothetical protein [Strawberry vein banding virus]
TRINITY_DN900_c1_g1_i2	YP_002519387.1	29.9	428	289	4	1804	3057	272	698	1.15e-46	183	YP_002519387.1 putative enzymatic polyprotein [Rudbeckia flower distortion virus]
TRINITY_DN900_c1_g1_i2	NP_659397.1	30.3	436	292	4	1786	3060	234	668	4.84e-45	178	NP_659397.1 hypothetical protein [Mirabilis mosaic virus]
TRINITY_DN900_c1_g1_i2	YP_001931967.1	29.8	430	287	6	1798	3045	241	669	1.19e-43	174	YP_001931967.1 replicase [Eupatorium vein clearing virus]
TRINITY_DN931_c0_g1_i5	YP_010086956.1	40.7	140	82	1	1311	1727	16	155	7.48e-25	115	YP_010086956.1 p87/vp80 [Cryptophlebia peltastica nucleopolyhedrovirus]
TRINITY_DN931_c0_g1_i5	YP_009133256.1	31.6	152	97	2	1347	1781	75	226	1.74e-17	93.2	YP_009133256.1 vp80 [Lambdina fiscellaria nucleopolyhedrovirus]
TRINITY_DN931_c0_g1_i5	YP_009855816.1	23.1	446	276	10	5057	6352	19	411	5.67e-16	86.3	YP_009855816.1 helicase [Alteromonas phage vB_AmeM_PT11-V22]
TRINITY_DN931_c0_g1_i5	YP_013420525.1	24.8	452	255	20	5054	6316	19	416	1.64e-14	82.0	YP_013420525.1 helicase [Escherichia phage vB_EcoM_SYGMH1]
TRINITY_DN931_c0_g1_i5	YP_007006388.1	24.8	452	255	20	5054	6316	19	416	2.17e-14	81.6	YP_007006388.1 helicase [Escherichia phage FV3]
TRINITY_DN910_c0_g1_i14	YP_010778212.1	26.3	384	261	8	797	1933	199	565	7.24e-20	99.0	YP_010778212.1 multidrug export ATPase/permease [Bodo saltans virus]
TRINITY_DN910_c0_g1_i14	YP_009015548.1	27.4	201	128	6	3173	3766	2	187	2.33e-13	73.9	YP_009015548.1 ABC transporter [Bacillus phage G]
TRINITY_DN910_c0_g1_i14	YP_010841451.1	27.1	210	133	7	3173	3766	319	520	2.91e-07	58.5	YP_010841451.1 putative ABC transporter ATP-binding protein/permease [Cotonvirus japonicus]
TRINITY_DN923_c0_g1_i12	YP_010648631.1	34.8	132	70	3	4178	4573	452	567	3.90e-09	65.1	YP_010648631.1 ATPase [Gordonia phage GMA2]
TRINITY_DN923_c0_g1_i12	YP_004508600.1	25.9	197	135	5	3197	3766	100	292	9.56e-09	63.2	YP_004508600.1 porphyrin biosynthesis [Synechococcus phage S-CRM01]
TRINITY_DN923_c0_g1_i12	YP_007517974.1	26.4	174	114	6	3194	3694	126	292	1.96e-07	58.9	YP_007517974.1 porphyrin biosynthesis [Pelagibacter phage HTVC008M]
TRINITY_DN973_c0_g1_i1	YP_013610660.1	29.4	180	102	6	869	1396	371	529	3.40e-08	60.1	YP_013610660.1 AMP-binding enzyme [Yasminevirus sp. GU-2018]
TRINITY_DN973_c0_g1_i5	YP_013610660.1	25.6	383	216	13	841	1857	172	529	3.99e-09	63.5	YP_013610660.1 AMP-binding enzyme [Yasminevirus sp. GU-2018]
TRINITY_DN973_c0_g1_i6	YP_013610660.1	28.0	236	135	9	1801	2481	371	580	1.53e-08	62.0	YP_013610660.1 AMP-binding enzyme [Yasminevirus sp. GU-2018]
TRINITY_DN921_c0_g1_i2	YP_010780883.1	49.2	128	64	1	2	382	42	169	1.61e-33	127	YP_010780883.1 rab family small GTPase [Tupanvirus deep ocean]
TRINITY_DN921_c0_g1_i2	YP_010782189.1	47.7	128	66	1	2	382	42	169	4.34e-32	124	YP_010782189.1 rab family small GTPase [Tupanvirus soda lake]
TRINITY_DN921_c0_g1_i2	YP_013611720.1	41.5	159	85	4	2	457	46	203	6.68e-30	118	YP_013611720.1 Ras-related protein Rab-1A [Yasminevirus sp. GU-2018]
TRINITY_DN921_c0_g1_i2	YP_013611121.1	48.3	120	60	2	2	361	57	174	8.61e-29	115	YP_013611121.1 hypothetical protein YASMINEVIRUS_766 [Yasminevirus sp. GU-2018]
TRINITY_DN921_c0_g1_i2	YP_013611042.1	40.3	134	80	0	2	403	44	177	4.45e-28	113	YP_013611042.1 Rab GTPase 2d (macronuclear) [Yasminevirus sp. GU-2018]
TRINITY_DN921_c0_g1_i5	YP_013611121.1	55.9	118	51	1	87	440	19	135	2.26e-42	144	YP_013611121.1 hypothetical protein YASMINEVIRUS_766 [Yasminevirus sp. GU-2018]
TRINITY_DN921_c0_g1_i5	YP_013611720.1	46.1	154	69	3	87	506	8	161	2.35e-42	144	YP_013611720.1 Ras-related protein Rab-1A [Yasminevirus sp. GU-2018]
TRINITY_DN921_c0_g1_i5	YP_010780883.1	49.6	121	60	1	87	446	4	124	7.44e-40	137	YP_010780883.1 rab family small GTPase [Tupanvirus deep ocean]
TRINITY_DN921_c0_g1_i5	YP_010782189.1	47.9	121	62	1	87	446	4	124	1.90e-37	130	YP_010782189.1 rab family small GTPase [Tupanvirus soda lake]
TRINITY_DN921_c0_g1_i5	YP_013611042.1	41.1	129	76	0	87	473	6	134	3.30e-33	120	YP_013611042.1 Rab GTPase 2d (macronuclear) [Yasminevirus sp. GU-2018]
TRINITY_DN988_c0_g1_i4	NP_048132.1	26.9	487	311	16	1721	276	82	528	2.02e-40	160	NP_048132.1 Reverse transcriptase [Melanoplus sanguinipes entomopoxvirus]
TRINITY_DN988_c3_g1_i1	NP_570396.1	32.5	117	76	1	290	640	10	123	9.26e-08	54.3	NP_570396.1 NMDA-receptor-like protein [Camelpox virus]
TRINITY_DN988_c3_g1_i5	NP_570396.1	36.3	234	141	3	458	1159	10	235	6.07e-34	132	NP_570396.1 NMDA-receptor-like protein [Camelpox virus]
TRINITY_DN988_c3_g1_i5	YP_013610711.1	26.9	201	143	1	572	1162	3	203	6.86e-24	103	YP_013610711.1 protein lifeguard 1-like [Yasminevirus sp. GU-2018]
TRINITY_DN988_c3_g1_i5	YP_010084464.1	30.4	217	141	5	515	1162	30	237	1.39e-22	100	YP_010084464.1 protein lifeguard 4 isoform X1 [Harp seal herpesvirus]
TRINITY_DN988_c3_g1_i5	YP_013611641.1	27.5	233	153	6	485	1159	6	230	6.12e-12	69.3	YP_013611641.1 hypothetical protein YASMINEVIRUS_1355 [Yasminevirus sp. GU-2018]
TRINITY_DN13219_c0_g1_i6	YP_009177060.1	43.1	137	76	2	263	670	4	139	5.40e-29	115	YP_009177060.1 glutathione peroxidase [Turkeypox virus]
TRINITY_DN13232_c0_g1_i2	YP_004821373.1	76.9	321	74	0	447	1409	1	321	1.54e-181	521	YP_004821373.1 ribonucleotide reductase small subunit [Yokapox virus]
TRINITY_DN13232_c0_g1_i2	YP_009408420.1	77.6	321	71	1	447	1409	1	320	2.10e-181	521	YP_009408420.1 ribonucleotide reductase small subunit [NY_014 poxvirus]
TRINITY_DN13232_c0_g1_i2	YP_009408218.1	76.9	321	73	1	447	1409	1	320	1.20e-180	519	YP_009408218.1 ribonucleotide reductase small subunit [Murmansk poxvirus]
TRINITY_DN13232_c0_g1_i2	YP_009282734.1	77.9	321	69	2	447	1409	15	333	1.36e-180	520	YP_009282734.1 ribonucleotide reductase small subunit [Skunkpox virus]
TRINITY_DN13232_c0_g1_i2	YP_009281788.1	77.6	321	70	2	447	1409	1	319	4.65e-180	518	YP_009281788.1 ribonucleotide reductase small subunit [Volepox virus]
TRINITY_DN4218_c0_g1_i16	YP_009665657.1	35.1	296	145	4	423	1190	2	290	1.37e-48	177	YP_009665657.1 serine-threonine kinase [Feldmannia irregularis virus a]
TRINITY_DN4218_c0_g1_i16	NP_077596.1	31.8	314	156	3	423	1190	3	316	2.94e-48	177	NP_077596.1 serine-threonine kinase [Ectocarpus siliculosus virus 1]
TRINITY_DN4218_c0_g1_i16	YP_002154675.1	33.9	301	143	6	423	1187	2	292	1.94e-45	169	YP_002154675.1 serine-threonine kinase [Feldmannia species virus]
TRINITY_DN4218_c0_g1_i16	YP_010782412.1	34.8	345	187	12	450	1391	18	355	9.70e-41	157	YP_010782412.1 hypothetical protein QJ857_gp0295 [Tupanvirus soda lake]
TRINITY_DN4218_c0_g1_i16	YP_010781034.1	36.4	261	154	6	432	1187	12	269	4.41e-39	152	YP_010781034.1 putative SNF1-related protein kinase catalytic subunit alpha KIN11-like [Tupanvirus deep ocean]
TRINITY_DN4218_c0_g1_i6	YP_009665657.1	35.1	296	145	4	896	1663	2	290	5.23e-47	177	YP_009665657.1 serine-threonine kinase [Feldmannia irregularis virus a]
TRINITY_DN4218_c0_g1_i6	NP_077596.1	31.8	314	156	3	896	1663	3	316	1.16e-46	177	NP_077596.1 serine-threonine kinase [Ectocarpus siliculosus virus 1]
TRINITY_DN4218_c0_g1_i6	YP_002154675.1	33.9	301	143	6	896	1660	2	292	4.73e-44	169	YP_002154675.1 serine-threonine kinase [Feldmannia species virus]
TRINITY_DN4218_c0_g1_i6	YP_010782412.1	34.8	345	187	12	923	1864	18	355	1.48e-39	157	YP_010782412.1 hypothetical protein QJ857_gp0295 [Tupanvirus soda lake]
TRINITY_DN4218_c0_g1_i6	YP_010781034.1	36.4	261	154	6	905	1660	12	269	4.98e-38	152	YP_010781034.1 putative SNF1-related protein kinase catalytic subunit alpha KIN11-like [Tupanvirus deep ocean]
TRINITY_DN4213_c0_g1_i12	YP_013610948.1	32.5	274	164	8	155	949	17	278	1.95e-35	139	YP_013610948.1 Piso0_000558 [Yasminevirus sp. GU-2018]
TRINITY_DN4213_c0_g1_i12	YP_013611032.1	27.6	301	153	8	155	913	27	310	2.44e-22	102	YP_013611032.1 hypothetical protein YASMINEVIRUS_677 [Yasminevirus sp. GU-2018]
TRINITY_DN4243_c3_g1_i2	YP_013611345.1	26.7	461	297	14	120	1427	36	480	5.52e-31	135	YP_013611345.1 hypothetical protein YASMINEVIRUS_990 [Yasminevirus sp. GU-2018]
TRINITY_DN4264_c0_g1_i20	NP_955167.1	36.0	100	57	3	1358	1651	338	432	2.45e-07	58.5	NP_955167.1 CNPV144 ankyrin repeat protein [Canarypox virus]
TRINITY_DN4264_c0_g1_i22	NP_955167.1	36.0	100	57	3	1358	1651	338	432	1.40e-07	58.5	NP_955167.1 CNPV144 ankyrin repeat protein [Canarypox virus]
TRINITY_DN4264_c0_g1_i22	NP_038994.1	37.1	89	47	3	1406	1651	47	133	7.37e-06	52.4	NP_038994.1 Ankyrin repeat gene family protein [Fowlpox virus]
TRINITY_DN4264_c0_g1_i30	NP_955167.1	36.0	100	57	3	1605	1898	338	432	7.40e-07	58.5	NP_955167.1 CNPV144 ankyrin repeat protein [Canarypox virus]
TRINITY_DN4299_c0_g1_i1	YP_010803473.1	49.2	61	30	1	336	518	4	63	1.35e-08	60.5	YP_010803473.1 DnaJ chaperone protein [Fadolivirus algeromassiliense]
TRINITY_DN4299_c0_g1_i1	YP_013610701.1	43.8	64	35	1	333	521	14	77	1.77e-07	57.8	YP_013610701.1 DnaJ domain protein [Yasminevirus sp. GU-2018]
TRINITY_DN73386_c0_g1_i1	YP_002221439.1	50.5	91	44	1	132	404	1	90	3.32e-21	84.7	YP_002221439.1 DNA binding protein [Burkholderia phage KS10]
TRINITY_DN73386_c0_g1_i1	NP_046614.1	41.9	93	53	1	132	410	1	92	2.23e-13	64.7	NP_046614.1 DNA binding protein [Bacillus phage SPBc2]
TRINITY_DN32802_c1_g1_i2	YP_007354542.1	30.3	620	387	16	332	2107	23	625	2.19e-72	256	YP_007354542.1 HrpA-like helicase [Acanthamoeba polyphaga moumouvirus]
TRINITY_DN32802_c1_g1_i2	YP_010803136.1	29.5	719	426	25	347	2284	15	725	2.63e-72	256	YP_010803136.1 HrpA-like RNA helicase [Fadolivirus algeromassiliense]
TRINITY_DN32802_c1_g1_i2	YP_010788696.1	29.9	575	364	15	338	1984	28	589	1.42e-71	254	YP_010788696.1 ATP-dependent RNA helicase [Megavirus baoshan]
TRINITY_DN32802_c1_g1_i2	YP_004894708.1	30.1	572	361	15	347	1984	31	589	3.67e-71	253	YP_004894708.1 putative ATP-dependent RNA helicase [Megavirus chiliensis]
TRINITY_DN32802_c1_g1_i2	YP_010776509.1	29.9	575	364	15	338	1984	28	589	6.91e-71	252	YP_010776509.1 hypothetical protein QJ849_gp596 [Powai lake megavirus]
TRINITY_DN41855_c0_g1_i3	YP_001498496.1	25.1	366	229	14	572	1618	25	362	7.72e-27	116	YP_001498496.1 hypothetical protein AR158_c415L [Paramecium bursaria Chlorella virus AR158]
TRINITY_DN41855_c0_g1_i3	YP_009665398.1	25.1	366	229	16	572	1618	25	362	1.40e-26	115	YP_009665398.1 polysaccharide deacetylase [Paramecium bursaria Chlorella virus NYs1]
TRINITY_DN41855_c0_g1_i3	YP_001497665.1	25.1	366	229	16	572	1618	55	392	1.67e-26	116	YP_001497665.1 hypothetical protein NY2A_B469L [Paramecium bursaria Chlorella virus NY2A]
TRINITY_DN41811_c0_g1_i1	NP_045937.2	40.6	69	41	0	378	172	1034	1102	5.04e-06	48.5	NP_045937.2 Pr gag-pro-pol [Walleye dermal sarcoma virus]
TRINITY_DN41811_c0_g2_i1	YP_009666308.1	34.6	182	119	0	598	53	499	680	1.26e-32	126	YP_009666308.1 Reverse Transcriptase, partial [Cladosporium fulvum T-1 virus]
TRINITY_DN41811_c0_g2_i1	NP_045937.2	30.9	152	103	1	598	149	951	1102	1.44e-16	80.5	NP_045937.2 Pr gag-pro-pol [Walleye dermal sarcoma virus]
TRINITY_DN41811_c0_g2_i1	YP_010805662.1	25.6	203	140	4	598	14	1483	1682	2.12e-11	65.5	YP_010805662.1 ORF3 [Chinaberry tree badnavirus 1]
TRINITY_DN41811_c0_g3_i1	YP_009666308.1	36.6	164	104	0	544	53	517	680	6.61e-33	127	YP_009666308.1 Reverse Transcriptase, partial [Cladosporium fulvum T-1 virus]
TRINITY_DN41811_c0_g3_i1	NP_045937.2	31.9	141	94	1	565	149	962	1102	2.00e-16	79.7	NP_045937.2 Pr gag-pro-pol [Walleye dermal sarcoma virus]
TRINITY_DN41811_c0_g3_i1	YP_009229919.1	27.8	194	127	6	568	14	1537	1726	2.91e-09	58.9	YP_009229919.1 polyprotein [Blackberry virus F]
TRINITY_DN41811_c0_g3_i1	YP_003208050.1	26.4	193	131	4	568	14	1583	1772	2.91e-09	58.9	YP_003208050.1 putative polyprotein [Pelargonium vein banding virus]
TRINITY_DN41811_c0_g3_i1	YP_009345075.1	25.5	192	132	4	565	14	1588	1776	6.01e-08	55.1	YP_009345075.1 polyprotein [Cacao yellow vein banding virus]
TRINITY_DN18202_c0_g1_i7	YP_009052194.1	33.0	452	271	9	862	2136	7	453	1.51e-70	242	YP_009052194.1 translation elongation factor [Aureococcus anophagefferens virus]
TRINITY_DN18202_c0_g1_i7	YP_009345567.1	35.8	430	244	12	871	2136	4	409	3.63e-62	218	YP_009345567.1 translation elongation factor [Noumeavirus]
TRINITY_DN18202_c0_g1_i7	YP_009238667.1	32.8	427	265	6	871	2136	4	413	7.71e-62	217	YP_009238667.1 translation elongation factor [Brazilian marseillevirus]
TRINITY_DN18202_c0_g1_i7	YP_004347016.1	35.1	430	247	12	871	2136	4	409	6.69e-61	214	YP_004347016.1 translation elongation factor [Lausannevirus]
TRINITY_DN18202_c0_g1_i7	YP_009094648.1	32.0	425	276	7	865	2136	4	416	1.12e-59	211	YP_009094648.1 conserved putative translation elongation factor 1-alpha [Marseillevirus sp. 'Melbournevirus']
TRINITY_DN1781_c0_g1_i20	YP_010803177.1	28.6	231	147	6	482	1162	66	282	2.57e-20	94.4	YP_010803177.1 eukaryotic initiation factor 4g [Fadolivirus algeromassiliense]
TRINITY_DN1781_c0_g1_i21	YP_010803177.1	28.6	231	147	6	570	1250	66	282	8.52e-20	94.4	YP_010803177.1 eukaryotic initiation factor 4g [Fadolivirus algeromassiliense]
TRINITY_DN1781_c0_g1_i41	YP_010803177.1	28.6	231	147	6	482	1162	66	282	7.44e-20	94.4	YP_010803177.1 eukaryotic initiation factor 4g [Fadolivirus algeromassiliense]
TRINITY_DN1769_c0_g1_i1	YP_013611857.1	47.5	59	25	2	171	347	2	54	4.16e-07	51.2	YP_013611857.1 ras-related protein RABB1b [Yasminevirus sp. GU-2018]
TRINITY_DN1769_c0_g1_i2	YP_013611042.1	50.6	176	87	0	174	701	6	181	1.04e-53	186	YP_013611042.1 Rab GTPase 2d (macronuclear) [Yasminevirus sp. GU-2018]
TRINITY_DN1769_c0_g1_i2	YP_013611857.1	44.6	193	101	2	171	734	2	193	3.38e-41	152	YP_013611857.1 ras-related protein RABB1b [Yasminevirus sp. GU-2018]
TRINITY_DN1769_c0_g1_i2	YP_010778822.1	44.5	173	95	1	183	701	3	174	2.88e-40	149	YP_010778822.1 rab domain-containing protein [Bodo saltans virus]
TRINITY_DN1796_c0_g1_i1	YP_009174619.1	26.0	196	112	6	1538	2116	1	166	2.80e-06	53.1	YP_009174619.1 putative transketolase domain-containing protein [Yellowstone lake phycodnavirus 2]
TRINITY_DN1723_c2_g1_i6	YP_009448636.1	28.0	368	227	10	389	1480	106	439	5.76e-30	126	YP_009448636.1 Cytochrome P450-like protein E-class [Orpheovirus IHUMI-LCC2]
TRINITY_DN1735_c0_g1_i36	YP_009553383.1	29.5	339	198	13	3828	4802	24	335	2.09e-28	126	YP_009553383.1 calcineurin-like phosphoesterase-like protein [Tomelloso virus]
TRINITY_DN1735_c0_g1_i36	YP_010803506.1	27.1	387	204	15	3813	4778	36	409	8.76e-25	112	YP_010803506.1 serine/threonine-protein kinase [Fadolivirus algeromassiliense]
TRINITY_DN1735_c0_g1_i36	YP_009361461.1	23.9	398	216	8	3795	4781	23	402	9.55e-20	97.4	YP_009361461.1 Protein kinase-like [Pacmanvirus A23]
TRINITY_DN1735_c0_g1_i36	YP_009448713.1	24.1	245	145	7	3828	4544	2	211	3.62e-13	77.8	YP_009448713.1 serine-threonine kinase [Orpheovirus IHUMI-LCC2]
TRINITY_DN1735_c0_g1_i36	YP_013611233.1	33.3	165	101	5	4311	4778	327	491	3.93e-13	77.8	YP_013611233.1 serine/threonine protein kinase [Yasminevirus sp. GU-2018]
TRINITY_DN1735_c0_g1_i42	YP_009553383.1	29.5	339	198	13	3866	4840	24	335	2.10e-28	126	YP_009553383.1 calcineurin-like phosphoesterase-like protein [Tomelloso virus]
TRINITY_DN1735_c0_g1_i42	YP_010803506.1	27.1	387	204	15	3851	4816	36	409	8.83e-25	112	YP_010803506.1 serine/threonine-protein kinase [Fadolivirus algeromassiliense]
TRINITY_DN1735_c0_g1_i42	YP_009361461.1	23.9	398	216	8	3833	4819	23	402	9.61e-20	97.4	YP_009361461.1 Protein kinase-like [Pacmanvirus A23]
TRINITY_DN1735_c0_g1_i42	YP_009448713.1	24.1	245	145	7	3866	4582	2	211	3.64e-13	77.8	YP_009448713.1 serine-threonine kinase [Orpheovirus IHUMI-LCC2]
TRINITY_DN1735_c0_g1_i42	YP_013611233.1	33.3	165	101	5	4349	4816	327	491	3.96e-13	77.8	YP_013611233.1 serine/threonine protein kinase [Yasminevirus sp. GU-2018]
TRINITY_DN1722_c2_g2_i3	YP_073558.1	24.6	338	227	8	1701	739	93	419	2.84e-16	85.9	YP_073558.1 RNA-dependent DNA polymerase [lymphocystis disease virus-China]
TRINITY_DN1722_c2_g2_i3	NP_048132.1	24.9	333	190	9	1521	601	107	405	2.49e-11	70.5	NP_048132.1 Reverse transcriptase [Melanoplus sanguinipes entomopoxvirus]
TRINITY_DN1740_c0_g1_i4	NP_073525.1	27.7	101	71	1	605	901	6	106	1.97e-07	59.3	NP_073525.1 140R protein [Yaba-like disease virus]
TRINITY_DN1740_c0_g1_i4	YP_004821511.1	24.8	109	78	1	605	919	6	114	4.02e-06	55.1	YP_004821511.1 BTB kelch domain protein [Yokapox virus]
TRINITY_DN1740_c0_g1_i4	YP_005296202.1	35.5	76	44	2	632	856	34	105	4.74e-06	53.5	YP_005296202.1 kelch-like protein [Cotia virus SPAn232]
TRINITY_DN1740_c0_g1_i4	YP_005296360.1	35.5	76	44	2	632	856	34	105	4.74e-06	53.5	YP_005296360.1 kelch-like protein [Cotia virus SPAn232]
TRINITY_DN1740_c0_g1_i4	NP_051895.1	32.3	93	62	1	635	910	7	99	6.47e-06	54.3	NP_051895.1 gp008L [Rabbit fibroma virus]
TRINITY_DN1780_c0_g1_i4	NP_051016.1	50.6	87	43	0	5	265	151	237	1.48e-20	92.0	NP_051016.1 structural protein [Periplaneta fuliginosa densovirus]
TRINITY_DN1780_c0_g1_i4	YP_009507339.1	47.8	90	47	0	5	274	162	251	1.63e-20	95.9	YP_009507339.1 structural protein [Sea star-associated densovirus]
TRINITY_DN1780_c0_g1_i4	YP_010802681.1	50.0	90	45	0	5	274	166	255	1.64e-20	95.9	YP_010802681.1 VP [uncultured densovirus]
TRINITY_DN1780_c0_g1_i4	YP_010802392.1	47.1	87	46	0	5	265	246	332	3.30e-18	89.0	YP_010802392.1 structural protein VP [Human CSF-associated densovirus]
TRINITY_DN1780_c0_g1_i4	YP_009552710.1	47.3	91	44	1	2	274	2	88	1.31e-17	87.0	YP_009552710.1 putative VP1 [Bombus cryptarum densovirus]
TRINITY_DN9754_c0_g2_i1	YP_009664587.1	28.1	438	241	16	543	1835	26	396	4.81e-25	111	YP_009664587.1 ORF47 [white sturgeon herpesvirus 2]
TRINITY_DN9704_c0_g1_i4	YP_009001225.1	41.0	239	126	6	345	1040	73	303	6.08e-40	160	YP_009001225.1 ABC transporter [Pithovirus sibericum]
TRINITY_DN9783_c1_g1_i4	YP_473296.1	26.8	426	267	11	55	1272	81	481	1.84e-33	139	YP_473296.1 Global transactivator [Hyphantria cunea nucleopolyhedrovirus]
TRINITY_DN9783_c1_g1_i4	YP_008992197.1	26.1	421	279	9	55	1272	80	483	2.55e-33	139	YP_008992197.1 gta [Choristoneura murinana nucleopolyhedrovirus]
TRINITY_DN9783_c1_g1_i4	YP_611073.1	26.4	421	277	10	55	1272	79	481	3.33e-33	139	YP_611073.1 global transactivator [Antheraea pernyi nucleopolyhedrovirus]
TRINITY_DN9783_c1_g1_i4	YP_009316132.1	25.9	432	267	12	55	1272	80	484	2.03e-32	136	YP_009316132.1 global transactivator-like protein [Anticarsia gemmatalis multiple nucleopolyhedrovirus]
TRINITY_DN9783_c1_g1_i4	YP_803440.1	25.9	432	267	12	55	1272	80	484	2.03e-32	136	YP_803440.1 global transactivator-like protein [Anticarsia gemmatalis nucleopolyhedrovirus]
TRINITY_DN9716_c0_g1_i27	YP_001883338.1	22.9	284	181	7	279	1124	3	250	1.81e-13	73.6	YP_001883338.1 mitochondrial carrier protein [Musca domestica salivary gland hypertrophy virus]
TRINITY_DN60770_c0_g1_i3	YP_003969699.1	28.9	671	415	16	642	2627	2	619	2.34e-74	264	YP_003969699.1 putative metalloendopeptidase [Cafeteria roenbergensis virus BV-PW1]
TRINITY_DN60770_c0_g1_i3	YP_013611623.1	28.1	713	443	16	603	2621	11	693	8.87e-73	262	YP_013611623.1 M13 family peptidase [Yasminevirus sp. GU-2018]
TRINITY_DN60770_c0_g1_i3	YP_013611756.1	24.7	730	440	24	654	2576	33	741	2.04e-48	189	YP_013611756.1 peptidase M13 [Yasminevirus sp. GU-2018]
TRINITY_DN56571_c2_g1_i1	YP_010804007.1	32.1	109	70	2	192	518	10	114	6.43e-15	74.3	YP_010804007.1 phosphatidylethanolamine-binding protein [Fadolivirus algeromassiliense]
TRINITY_DN56571_c2_g1_i1	YP_010775977.1	27.2	136	88	3	207	614	2	126	8.04e-14	70.9	YP_010775977.1 hypothetical protein QJ849_gp064 [Powai lake megavirus]
TRINITY_DN56571_c2_g1_i1	YP_004894142.1	28.5	137	85	4	207	614	2	126	1.52e-13	70.1	YP_004894142.1 phosphatidylethanolamine-binding protein-like protein [Megavirus chiliensis]
TRINITY_DN56571_c2_g1_i1	YP_010789254.1	30.3	109	66	2	288	614	28	126	1.02e-12	67.8	YP_010789254.1 phosphatidyl ethanolamine-binding protein-like protein [Megavirus baoshan]
TRINITY_DN33748_c0_g1_i3	YP_010804032.1	29.3	140	91	4	185	592	16	151	6.75e-10	60.1	YP_010804032.1 acetyltransferase GNAT [Fadolivirus algeromassiliense]
TRINITY_DN33701_c1_g1_i6	NP_048215.1	38.6	70	43	0	213	422	1	70	1.01e-11	63.9	NP_048215.1 ORF MSV144 putative ubiquitin, similar to Neurospora crassa GB:U01220 [Melanoplus sanguinipes entomopoxvirus]
TRINITY_DN33701_c1_g1_i6	NP_064949.1	38.6	70	43	0	213	422	1	70	1.95e-11	63.2	NP_064949.1 ubiquitin/ribosomal protein [Betaentomopoxvirus amoorei]
TRINITY_DN33701_c1_g1_i6	YP_009447989.1	37.1	70	44	0	213	422	1	70	3.27e-11	62.4	YP_009447989.1 ubiquitin family protein [Flamingopox virus FGPVKD09]
TRINITY_DN33701_c1_g1_i6	NP_258300.1	35.5	76	49	0	195	422	14	89	3.39e-11	68.2	NP_258300.1 ubiquitin GP37 fusion protein [Spodoptera litura nucleopolyhedrovirus]
TRINITY_DN33701_c1_g1_i6	YP_010086303.1	37.1	70	44	0	213	422	1	70	4.84e-11	62.0	YP_010086303.1 v-ubi [Hyposidra talaca nucleopolyhedrovirus]
TRINITY_DN15356_c1_g1_i6	YP_009408100.1	25.5	415	254	14	265	1488	12	378	1.32e-27	121	YP_009408100.1 BTB kelch-domain protein [Eptesipox virus]
TRINITY_DN15356_c1_g1_i6	YP_009408106.1	24.4	401	268	6	259	1455	17	384	8.31e-27	119	YP_009408106.1 BTB kelch-domain protein [Eptesipox virus]
TRINITY_DN15356_c1_g1_i6	YP_009408555.1	24.1	423	274	8	235	1485	11	392	3.18e-25	114	YP_009408555.1 BTB kelch domain protein [NY_014 poxvirus]
TRINITY_DN15356_c1_g1_i6	YP_009408355.1	22.3	422	284	7	238	1485	9	392	4.08e-23	107	YP_009408355.1 BTB kelch domain protein [Murmansk poxvirus]
TRINITY_DN15356_c1_g1_i6	YP_233062.1	21.3	408	277	10	235	1368	9	402	2.96e-22	105	YP_233062.1 kelch-like protein [Orthopoxvirus vaccinia]
TRINITY_DN15302_c1_g1_i4	YP_010803257.1	46.7	285	143	5	186	1031	22	300	1.54e-78	254	YP_010803257.1 serine/threonine-protein kinase [Fadolivirus algeromassiliense]
TRINITY_DN15302_c1_g1_i4	YP_013610845.1	44.3	287	154	4	174	1028	33	315	1.15e-70	241	YP_013610845.1 serine/threonine protein kinase [Yasminevirus sp. GU-2018]
TRINITY_DN15302_c1_g1_i4	YP_010778559.1	44.1	281	151	4	150	986	6	282	5.41e-69	229	YP_010778559.1 casein kinase [Bodo saltans virus]
TRINITY_DN15302_c1_g1_i4	YP_008318868.2	38.8	281	159	5	171	980	32	310	5.91e-57	198	YP_008318868.2 Serine/threonine protein kinase [Pandoravirus dulcis]
TRINITY_DN15302_c1_g1_i4	YP_009482876.1	38.8	281	159	5	171	980	143	421	1.42e-55	197	YP_009482876.1 Serine/threonine protein kinase [Pandoravirus quercus]
TRINITY_DN44208_c0_g1_i3	YP_010802886.1	44.5	672	309	15	232	2235	7	618	3.80e-166	504	YP_010802886.1 GMP synthetase glutamine amidotransferase and ATP pyrophosphatase domain protein [Fadolivirus algeromassiliense]
TRINITY_DN699_c0_g1_i1	YP_010796823.1	39.1	115	67	2	384	725	65	177	2.19e-18	86.7	YP_010796823.1 putative oligoribonuclease [Diachasmimorpha longicaudata entomopoxvirus]
TRINITY_DN699_c0_g1_i1	YP_009666156.1	39.1	115	67	2	384	725	91	203	4.04e-18	86.7	YP_009666156.1 putative oligoribonuclease [Diachasmimorpha longicaudata entomopoxvirus]
TRINITY_DN699_c0_g1_i1	YP_009188624.1	35.2	122	71	3	384	725	73	194	8.78e-15	77.0	YP_009188624.1 hypothetical protein AU105_gp056 [Gordonia phage GMA3]
TRINITY_DN699_c0_g1_i1	YP_007877461.1	37.3	118	64	4	384	716	80	194	2.36e-13	72.8	YP_007877461.1 oligoribonuclease [Vibrio phage douglas 12A4]
TRINITY_DN699_c0_g1_i6	YP_010796823.1	40.6	175	101	2	332	853	5	177	1.02e-37	142	YP_010796823.1 putative oligoribonuclease [Diachasmimorpha longicaudata entomopoxvirus]
TRINITY_DN699_c0_g1_i6	YP_009666156.1	40.6	175	101	2	332	853	31	203	2.18e-37	142	YP_009666156.1 putative oligoribonuclease [Diachasmimorpha longicaudata entomopoxvirus]
TRINITY_DN699_c0_g1_i6	YP_007877461.1	35.8	173	101	4	347	844	25	194	3.14e-24	104	YP_007877461.1 oligoribonuclease [Vibrio phage douglas 12A4]
TRINITY_DN699_c0_g1_i6	YP_009188624.1	32.4	188	113	5	332	853	7	194	1.58e-21	96.7	YP_009188624.1 hypothetical protein AU105_gp056 [Gordonia phage GMA3]
TRINITY_DN699_c0_g1_i6	YP_004934748.1	32.6	178	104	6	335	823	7	183	2.49e-11	67.0	YP_004934748.1 DNA polymerase exonuclease subunit [Gordonia phage GTE7]
TRINITY_DN671_c0_g1_i5	YP_001498373.1	34.9	573	274	12	941	2656	6	480	2.33e-85	297	YP_001498373.1 Holliday junction branch migration helicase [Paramecium bursaria Chlorella virus AR158]
TRINITY_DN671_c0_g1_i5	YP_009325606.1	35.4	573	273	10	941	2659	6	481	3.19e-85	297	YP_009325606.1 Holliday junction branch migration helicase [Only Syngen Nebraska virus 5]
TRINITY_DN671_c0_g1_i5	NP_048589.1	35.3	573	272	12	941	2656	6	480	4.36e-85	296	NP_048589.1 Holliday junction branch migration helicase [Paramecium bursaria Chlorella virus 1]
TRINITY_DN671_c0_g1_i5	YP_001497512.1	34.6	573	276	12	941	2656	6	480	1.11e-84	295	YP_001497512.1 Holliday junction branch migration helicase [Paramecium bursaria Chlorella virus NY2A]
TRINITY_DN671_c0_g1_i5	YP_009665335.1	34.6	573	276	12	941	2656	6	480	1.11e-84	295	YP_009665335.1 Holliday junction branch migration helicase [Paramecium bursaria Chlorella virus NYs1]
TRINITY_DN689_c0_g2_i1	YP_004894762.1	27.1	218	136	12	605	1225	82	287	3.75e-06	53.5	YP_004894762.1 putative peptidase S9 [Megavirus chiliensis]
TRINITY_DN649_c4_g1_i1	YP_009268722.1	42.6	408	207	13	509	1708	3	391	8.93e-91	296	YP_009268722.1 phospholipase-d-like protein [Pteropox virus]
TRINITY_DN649_c4_g1_i1	YP_009143344.1	40.3	400	207	13	533	1708	10	385	7.45e-89	290	YP_009143344.1 Phospholipase-D-like protein [Raccoonpox virus]
TRINITY_DN649_c4_g1_i1	YP_010509246.1	40.5	400	206	14	533	1708	10	385	2.03e-88	289	YP_010509246.1 Phospholipase-D-like protein [Horsepox virus]
TRINITY_DN649_c4_g1_i1	NP_619833.1	40.5	400	206	14	533	1708	10	385	2.84e-88	289	NP_619833.1 CPXV044 [Cowpox virus]
TRINITY_DN649_c4_g1_i1	YP_232917.1	40.3	400	207	14	533	1708	10	385	5.56e-88	288	YP_232917.1 phospholipase-D-like protein [Orthopoxvirus vaccinia]
TRINITY_DN648_c1_g1_i10	YP_010796969.1	47.0	83	44	0	1954	1706	317	399	3.00e-15	81.6	YP_010796969.1 hexon [Mayetiola barley midge adintovirus]
TRINITY_DN648_c1_g1_i12	YP_010796969.1	40.1	392	221	5	1171	2	4	383	6.11e-94	307	YP_010796969.1 hexon [Mayetiola barley midge adintovirus]
TRINITY_DN648_c1_g1_i12	YP_010796968.1	41.9	227	129	2	2008	1328	1	224	3.70e-47	174	YP_010796968.1 penton [Mayetiola barley midge adintovirus]
TRINITY_DN648_c1_g1_i12	YP_010796966.1	53.0	115	53	1	2375	2034	296	410	1.95e-30	128	YP_010796966.1 PLA2X-adenain [Mayetiola barley midge adintovirus]
TRINITY_DN619_c1_g1_i5	YP_009507248.1	25.1	855	535	19	1201	3501	118	955	1.09e-62	238	YP_009507248.1 ORF B [Trichoplusia ni TED virus]
TRINITY_DN619_c1_g1_i5	NP_043933.1	27.6	463	321	6	1138	2493	243	702	6.68e-47	184	NP_043933.1 hypothetical protein [Strawberry vein banding virus]
TRINITY_DN619_c1_g1_i5	YP_001931967.1	30.0	434	289	6	1243	2502	240	672	1.39e-46	182	YP_001931967.1 replicase [Eupatorium vein clearing virus]
TRINITY_DN619_c1_g1_i5	NP_659397.1	29.6	436	295	4	1234	2508	234	668	8.03e-46	180	NP_659397.1 hypothetical protein [Mirabilis mosaic virus]
TRINITY_DN619_c1_g1_i5	NP_056728.1	29.1	437	282	7	1252	2502	247	675	3.78e-44	175	NP_056728.1 reverse transcriptase [Cauliflower mosaic virus]
TRINITY_DN619_c1_g1_i6	YP_009507248.1	25.7	785	483	16	1207	3309	118	886	5.95e-62	233	YP_009507248.1 ORF B [Trichoplusia ni TED virus]
TRINITY_DN619_c1_g1_i6	YP_001931967.1	30.4	434	287	6	1249	2508	240	672	6.95e-48	186	YP_001931967.1 replicase [Eupatorium vein clearing virus]
TRINITY_DN619_c1_g1_i6	NP_043933.1	27.6	463	321	6	1144	2499	243	702	1.90e-47	185	NP_043933.1 hypothetical protein [Strawberry vein banding virus]
TRINITY_DN619_c1_g1_i6	NP_659397.1	29.8	436	294	4	1240	2514	234	668	9.76e-47	182	NP_659397.1 hypothetical protein [Mirabilis mosaic virus]
TRINITY_DN619_c1_g1_i6	NP_056728.1	29.5	437	280	7	1258	2508	247	675	1.45e-45	179	NP_056728.1 reverse transcriptase [Cauliflower mosaic virus]
TRINITY_DN619_c3_g1_i1	YP_009507248.1	31.3	470	311	4	2431	3810	98	565	2.13e-63	239	YP_009507248.1 ORF B [Trichoplusia ni TED virus]
TRINITY_DN619_c3_g1_i1	YP_002519387.1	30.7	424	283	4	2545	3786	272	694	9.93e-50	192	YP_002519387.1 putative enzymatic polyprotein [Rudbeckia flower distortion virus]
TRINITY_DN619_c3_g1_i1	NP_659397.1	30.5	463	308	6	2431	3786	204	663	2.98e-49	190	NP_659397.1 hypothetical protein [Mirabilis mosaic virus]
TRINITY_DN619_c3_g1_i1	YP_001931967.1	30.6	434	286	7	2539	3798	241	673	3.49e-45	178	YP_001931967.1 replicase [Eupatorium vein clearing virus]
TRINITY_DN619_c3_g1_i1	YP_006907834.1	29.0	431	290	7	2539	3786	245	674	3.71e-45	178	YP_006907834.1 polyprotein [Horseradish latent virus]
TRINITY_DN619_c3_g2_i1	YP_009507248.1	26.3	824	512	20	2369	4594	97	907	4.49e-62	236	YP_009507248.1 ORF B [Trichoplusia ni TED virus]
TRINITY_DN619_c3_g2_i1	YP_002519387.1	32.1	424	277	4	2486	3727	272	694	4.62e-52	200	YP_002519387.1 putative enzymatic polyprotein [Rudbeckia flower distortion virus]
TRINITY_DN619_c3_g2_i1	NP_659397.1	30.6	431	287	4	2468	3727	234	663	1.63e-47	186	NP_659397.1 hypothetical protein [Mirabilis mosaic virus]
TRINITY_DN619_c3_g2_i1	YP_006907834.1	29.2	431	289	7	2480	3727	245	674	1.44e-44	177	YP_006907834.1 polyprotein [Horseradish latent virus]
TRINITY_DN619_c3_g2_i1	YP_001931967.1	30.2	434	288	7	2468	3727	237	669	1.04e-43	174	YP_001931967.1 replicase [Eupatorium vein clearing virus]
TRINITY_DN28156_c0_g1_i10	YP_010803972.1	43.5	223	121	4	256	921	5	223	3.71e-57	190	YP_010803972.1 TatD-like protein [Fadolivirus algeromassiliense]
TRINITY_DN28156_c0_g1_i10	YP_013610434.1	36.1	227	128	9	253	888	8	232	6.43e-38	143	YP_013610434.1 hypothetical protein YASMINEVIRUS_79 [Yasminevirus sp. GU-2018]
TRINITY_DN17678_c1_g1_i14	YP_010804105.1	43.3	270	146	5	120	917	12	278	3.66e-63	205	YP_010804105.1 phytanoyl-CoA dioxygenase [Fadolivirus algeromassiliense]
TRINITY_DN69273_c0_g3_i1	YP_009003341.1	47.6	433	214	9	86	1366	4	429	1.54e-122	374	YP_009003341.1 phosphopyruvate hydratase [Streptococcus phage 20617]
TRINITY_DN48774_c0_g1_i4	YP_008052571.1	39.6	235	136	2	698	1387	135	368	4.81e-50	190	YP_008052571.1 ATP-dependent zinc metalloprotease [Phaeocystis globosa virus]
TRINITY_DN48774_c0_g1_i4	YP_009665063.1	41.8	225	130	1	1523	2197	140	363	5.39e-49	186	YP_009665063.1 cell division protein [Micromonas pusilla virus SP1]
TRINITY_DN48774_c0_g1_i4	YP_004061441.1	41.0	244	140	2	1475	2197	207	449	7.58e-48	185	YP_004061441.1 hypothetical protein BpV1_011c [Bathycoccus sp. RCC1105 virus BpV1]
TRINITY_DN48774_c0_g1_i4	YP_010678996.1	38.2	246	148	2	1460	2197	135	376	4.59e-46	178	YP_010678996.1 cell division protein [Pseudomonas phage vB_PaeM_PA5oct]
TRINITY_DN48774_c0_g1_i4	YP_007676316.1	40.4	225	133	1	1523	2197	145	368	1.77e-45	176	YP_007676316.1 ATP-dependent metalloprotease FtsH [Micromonas pusilla virus 12T]
TRINITY_DN28069_c0_g1_i3	YP_002321389.1	33.8	385	222	11	682	1785	9	377	5.44e-54	198	YP_002321389.1 semaphorin-like protein [Oryctes rhinoceros nudivirus]
TRINITY_DN28033_c0_g1_i10	YP_013611601.1	31.4	255	142	12	1617	2324	62	302	2.22e-12	74.3	YP_013611601.1 serine/threonine protein kinase [Yasminevirus sp. GU-2018]
TRINITY_DN28033_c0_g1_i10	YP_010803051.1	28.6	224	130	10	1593	2213	8	218	7.58e-12	71.6	YP_010803051.1 serine/threonine-protein kinase [Fadolivirus algeromassiliense]
TRINITY_DN28033_c0_g1_i10	YP_003986941.1	30.8	159	95	5	1887	2348	111	259	3.41e-11	68.2	YP_003986941.1 serine-threonine kinase [Acanthamoeba polyphaga mimivirus]
TRINITY_DN28033_c0_g1_i10	YP_010777349.1	30.2	159	96	5	1887	2348	111	259	6.15e-11	67.4	YP_010777349.1 serine/threonine protein kinase [Acanthamoeba polyphaga mimivirus]
TRINITY_DN28033_c0_g1_i10	YP_010841720.1	27.0	189	121	6	1848	2402	111	286	2.25e-10	65.9	YP_010841720.1 serine/threonine protein kinase [Cotonvirus japonicus]
TRINITY_DN12920_c0_g3_i4	YP_010805562.1	32.6	307	175	13	516	1379	245	538	1.39e-32	137	YP_010805562.1 chitinase [Erannis ankeraria nucleopolyhedrovirus]
TRINITY_DN12920_c0_g3_i4	YP_009049845.1	32.2	335	186	14	516	1466	242	553	1.07e-31	134	YP_009049845.1 chitinase [Peridroma alphabaculovirus]
TRINITY_DN12920_c0_g3_i4	YP_009116977.1	31.6	304	185	11	516	1379	247	543	1.53e-31	134	YP_009116977.1 chitinase [Pseudoplusia includens SNPV IE]
TRINITY_DN12920_c0_g3_i4	YP_010799790.1	33.0	309	171	12	516	1379	240	533	7.82e-31	132	YP_010799790.1 V-CHI [Dione juno nucleopolyhedrovirus]
TRINITY_DN12920_c0_g3_i4	YP_010800088.1	32.8	305	177	12	516	1379	250	543	8.87e-31	132	YP_010800088.1 chitinase [Euproctis digramma nucleopolyhedrovirus]
TRINITY_DN12950_c1_g1_i3	NP_048132.1	31.4	153	98	2	1007	1453	136	285	1.58e-18	91.7	NP_048132.1 Reverse transcriptase [Melanoplus sanguinipes entomopoxvirus]
TRINITY_DN12986_c0_g1_i10	YP_009342179.1	26.6	267	176	5	725	1483	131	391	3.15e-14	79.7	YP_009342179.1 RNA-dependent DNA polymerase [Lymphocystis disease virus Sa]
TRINITY_DN12986_c0_g1_i11	YP_009342179.1	26.6	267	176	5	1242	2000	131	391	7.92e-14	79.7	YP_009342179.1 RNA-dependent DNA polymerase [Lymphocystis disease virus Sa]
TRINITY_DN12932_c0_g1_i2	YP_010803650.1	24.9	361	217	15	284	1282	24	358	1.66e-12	73.6	YP_010803650.1 bifunctional protein tRNA sulfurtransferase thii and cysteine sulfinate desulfinase/cysteine desulfurase domain [Fadolivirus algeromassiliense]
TRINITY_DN11464_c1_g1_i2	YP_010796957.1	34.3	1269	694	44	4055	420	152	1337	9.71e-203	636	YP_010796957.1 PolB [Terrapene box turtle adintovirus]
TRINITY_DN11464_c1_g1_i2	YP_002302517.1	23.1	372	205	11	1769	690	246	548	9.87e-11	70.1	YP_002302517.1 DNA polymerase [Bacillus phage AP50]
TRINITY_DN11464_c1_g1_i2	YP_010803306.1	33.0	112	66	3	2162	1854	345	456	9.20e-09	63.2	YP_010803306.1 restriction endonuclease type II-like protein [Fadolivirus algeromassiliense]
TRINITY_DN11464_c1_g1_i2	YP_009281725.1	25.8	326	182	11	1769	825	272	548	2.23e-08	62.4	YP_009281725.1 DNA polymerase [Bacillus phage Stitch]
TRINITY_DN11464_c1_g1_i2	YP_010113581.1	25.6	328	180	12	1769	825	272	548	2.60e-07	58.9	YP_010113581.1 DNA polymerase [Bacillus phage Baseball_field]
TRINITY_DN67526_c0_g1_i1	YP_762585.1	33.0	361	216	9	1435	2487	18	362	3.69e-38	154	YP_762585.1 nuclease [Lactococcus phage Q54]
TRINITY_DN67526_c0_g1_i1	YP_013610632.1	29.1	398	236	10	1348	2520	138	496	7.75e-27	120	YP_013610632.1 putative rrp44-like exonuclease [Yasminevirus sp. GU-2018]
TRINITY_DN67526_c0_g1_i1	YP_010778644.1	21.7	419	245	15	1507	2739	121	464	1.95e-07	58.5	YP_010778644.1 putative rrp44-like exonuclease [Bodo saltans virus]
TRINITY_DN14543_c0_g2_i1	YP_010796961.1	52.4	82	39	0	379	134	608	689	3.43e-24	99.4	YP_010796961.1 PolB [Mayetiola barley midge adintovirus]
TRINITY_DN75116_c0_g2_i2	NP_043933.1	32.8	436	278	9	2581	1304	272	702	6.56e-60	222	NP_043933.1 hypothetical protein [Strawberry vein banding virus]
TRINITY_DN75116_c0_g2_i2	YP_010805169.1	30.5	443	295	7	2605	1304	270	708	4.08e-57	214	YP_010805169.1 polymerase polyprotein [Metaplexis yellow mottle-associated virus]
TRINITY_DN75116_c0_g2_i2	YP_002519387.1	29.6	436	291	9	2581	1304	265	694	2.88e-52	199	YP_002519387.1 putative enzymatic polyprotein [Rudbeckia flower distortion virus]
TRINITY_DN75116_c0_g2_i2	YP_006907834.1	29.3	491	320	11	2713	1304	190	674	2.07e-48	187	YP_006907834.1 polyprotein [Horseradish latent virus]
TRINITY_DN75116_c0_g2_i2	YP_009182100.1	29.4	412	271	9	2500	1304	1718	2122	1.99e-44	179	YP_009182100.1 polyprotein [Vaccinivirus cadovaccinii]
TRINITY_DN25164_c0_g1_i3	YP_009447989.1	100	76	0	0	44	271	1	76	2.88e-46	150	YP_009447989.1 ubiquitin family protein [Flamingopox virus FGPVKD09]
TRINITY_DN25164_c0_g1_i3	NP_955119.1	98.7	76	1	0	44	271	1	76	5.16e-46	150	NP_955119.1 CNPV096 ubiquitin [Canarypox virus]
TRINITY_DN25164_c0_g1_i3	YP_009173411.1	96.1	76	3	0	44	271	1	76	4.69e-45	147	YP_009173411.1 Ubiquitin [Chrysochromulina ericina virus]
TRINITY_DN25164_c0_g1_i3	YP_010783327.1	94.7	76	4	0	44	271	1	76	1.08e-43	144	YP_010783327.1 ubiquitin family protein [Tetraselmis virus 1]
TRINITY_DN25164_c0_g1_i3	YP_007676278.1	93.5	77	5	0	44	274	1	77	1.13e-43	145	YP_007676278.1 ubiquitin [Micromonas pusilla virus 12T]
TRINITY_DN25121_c0_g1_i2	NP_659397.1	29.7	411	277	7	3256	4461	256	663	1.01e-42	171	NP_659397.1 hypothetical protein [Mirabilis mosaic virus]
TRINITY_DN25121_c0_g1_i2	NP_045937.2	23.1	546	388	12	2743	4311	608	1144	2.14e-21	105	NP_045937.2 Pr gag-pro-pol [Walleye dermal sarcoma virus]
TRINITY_DN75024_c0_g1_i3	YP_004347415.1	33.3	165	108	2	494	3	300	463	1.09e-22	96.7	YP_004347415.1 replicase [Sweet potato collusive virus]
TRINITY_DN75024_c0_g1_i3	NP_659397.1	31.3	163	110	2	494	9	336	497	2.16e-18	84.3	NP_659397.1 hypothetical protein [Mirabilis mosaic virus]
TRINITY_DN75024_c0_g1_i3	YP_006732334.1	30.7	163	111	2	494	9	358	519	3.41e-17	80.9	YP_006732334.1 polyprotein [Dahlia mosaic virus]
TRINITY_DN75024_c0_g1_i3	NP_619548.1	29.4	163	113	2	494	9	336	497	4.09e-16	77.8	NP_619548.1 unnamed protein product [Figwort mosaic virus]
TRINITY_DN75024_c0_g1_i3	YP_009109694.1	26.2	172	117	3	494	9	151	322	4.90e-11	63.2	YP_009109694.1 reverse transcriptase [Baboon endogenous virus strain M7]
TRINITY_DN8349_c0_g2_i15	NP_955091.1	48.6	144	74	0	68	499	108	251	2.50e-39	145	NP_955091.1 CNPV068 GNS1/SUR4-like protein [Canarypox virus]
TRINITY_DN8349_c0_g2_i15	YP_009447965.1	47.6	147	77	0	68	508	112	258	2.78e-39	145	YP_009447965.1 GNS1/SUR4 [Flamingopox virus FGPVKD09]
TRINITY_DN8349_c0_g2_i15	YP_009046048.1	46.3	147	79	0	68	508	112	258	5.42e-38	142	YP_009046048.1 GNS1/SUR4 [Penguinpox virus]
TRINITY_DN8349_c0_g2_i15	NP_039011.1	46.7	150	79	1	68	514	112	261	2.81e-37	140	NP_039011.1 GNS1/SUR4 protein [Fowlpox virus]
TRINITY_DN8349_c0_g2_i15	YP_009177047.1	45.5	145	79	0	68	502	153	297	2.96e-37	141	YP_009177047.1 GNS1/SUR4-like protein [Turkeypox virus]
TRINITY_DN8349_c0_g2_i7	YP_009177047.1	45.4	130	71	0	5	394	168	297	9.27e-33	130	YP_009177047.1 GNS1/SUR4-like protein [Turkeypox virus]
TRINITY_DN8349_c0_g2_i7	YP_009447965.1	46.2	132	71	0	5	400	127	258	1.73e-32	128	YP_009447965.1 GNS1/SUR4 [Flamingopox virus FGPVKD09]
TRINITY_DN8349_c0_g2_i7	NP_955091.1	47.3	129	68	0	5	391	123	251	2.17e-32	127	NP_955091.1 CNPV068 GNS1/SUR4-like protein [Canarypox virus]
TRINITY_DN8349_c0_g2_i7	NP_039011.1	45.9	135	72	1	5	406	127	261	2.39e-32	127	NP_039011.1 GNS1/SUR4 protein [Fowlpox virus]
TRINITY_DN8349_c0_g2_i7	YP_009046048.1	44.7	132	73	0	5	400	127	258	3.10e-31	124	YP_009046048.1 GNS1/SUR4 [Penguinpox virus]
TRINITY_DN8356_c1_g1_i12	YP_009507248.1	44.0	589	304	7	2201	450	396	963	2.17e-156	484	YP_009507248.1 ORF B [Trichoplusia ni TED virus]
TRINITY_DN8356_c1_g1_i12	YP_009207784.1	34.0	94	53	3	875	621	189	282	1.61e-06	54.3	YP_009207784.1 DNA binding protein [Mannheimia phage vB_MhM_587AP1]
TRINITY_DN8356_c1_g1_i12	YP_009785016.1	34.0	94	53	3	875	621	189	282	1.61e-06	54.3	YP_009785016.1 DNA binding protein [Mannheimia phage vB_MhM_1127AP1]
TRINITY_DN8356_c1_g1_i12	YP_009203419.1	34.0	94	53	3	875	621	189	282	2.13e-06	53.9	YP_009203419.1 DNA binding protein [Mannheimia phage vB_MhS_535AP2]
TRINITY_DN8356_c1_g1_i12	YP_009213812.1	34.0	94	53	3	875	621	189	282	2.13e-06	53.9	YP_009213812.1 DNA binding protein [Mannheimia phage vB_MhS_1152AP2]
TRINITY_DN8356_c1_g1_i15	YP_009507248.1	44.4	529	274	5	2810	1227	396	905	1.20e-140	449	YP_009507248.1 ORF B [Trichoplusia ni TED virus]
TRINITY_DN8341_c0_g1_i1	YP_009666308.1	26.1	746	509	12	550	2742	309	1027	9.14e-72	265	YP_009666308.1 Reverse Transcriptase, partial [Cladosporium fulvum T-1 virus]
TRINITY_DN8341_c0_g1_i1	YP_002519387.1	29.1	409	280	4	631	1830	287	694	1.04e-49	192	YP_002519387.1 putative enzymatic polyprotein [Rudbeckia flower distortion virus]
TRINITY_DN8341_c0_g1_i1	YP_009182100.1	29.3	461	308	10	493	1830	1665	2122	2.97e-47	190	YP_009182100.1 polyprotein [Vaccinivirus cadovaccinii]
TRINITY_DN8341_c0_g1_i1	YP_006907834.1	29.4	425	281	7	610	1830	251	674	2.10e-46	182	YP_006907834.1 polyprotein [Horseradish latent virus]
TRINITY_DN8341_c0_g1_i1	YP_004347415.1	30.4	438	278	13	601	1842	201	635	2.15e-39	160	YP_004347415.1 replicase [Sweet potato collusive virus]
TRINITY_DN8341_c0_g2_i2	YP_009666308.1	25.9	738	505	12	2280	4448	309	1019	1.28e-68	256	YP_009666308.1 Reverse Transcriptase, partial [Cladosporium fulvum T-1 virus]
TRINITY_DN8341_c0_g2_i2	YP_009182100.1	29.2	479	315	12	2223	3602	1665	2138	4.10e-46	187	YP_009182100.1 polyprotein [Vaccinivirus cadovaccinii]
TRINITY_DN8341_c0_g2_i2	YP_006907834.1	28.0	425	287	6	2340	3560	251	674	1.54e-44	177	YP_006907834.1 polyprotein [Horseradish latent virus]
TRINITY_DN8341_c0_g2_i2	NP_127504.1	28.7	408	275	8	2367	3560	1403	1804	3.45e-36	154	NP_127504.1 ORF I polyprotein [Petunia vein clearing virus]
TRINITY_DN8341_c0_g2_i2	YP_009506267.1	27.2	426	282	8	2364	3569	1436	1857	2.39e-32	142	YP_009506267.1 ORF3 protein [Dioscorea bacilliform AL virus]
TRINITY_DN8338_c1_g2_i3	YP_013610519.1	43.0	321	175	7	469	1422	12	327	2.60e-72	255	YP_013610519.1 thioredoxin reductase TR1 [Yasminevirus sp. GU-2018]
TRINITY_DN8338_c1_g2_i3	YP_009003165.1	29.9	77	50	1	208	438	5	77	1.10e-06	50.4	YP_009003165.1 putative glutaredoxin [Rhizobium phage vB_RleS_L338C]
TRINITY_DN2293_c0_g1_i3	YP_009509095.1	40.1	352	152	2	2168	3046	14	365	1.03e-77	264	YP_009509095.1 v-kit protein (370 aa) (1242 is 3rd base in codon) [Feline sarcoma virus (STRAIN HARDY-ZUCKERMAN 4)]
TRINITY_DN2293_c0_g1_i3	YP_009508243.1	38.9	368	166	2	2120	3046	411	778	1.31e-73	265	YP_009508243.1 unnamed protein product [Feline sarcoma virus (STRAIN HARDY-ZUCKERMAN 4)]
TRINITY_DN2293_c0_g1_i3	NP_042289.1	41.0	324	171	7	2177	3127	237	547	6.81e-61	223	NP_042289.1 P68 protein [UR2 sarcoma virus]
TRINITY_DN2293_c0_g1_i3	NP_955595.1	36.9	301	165	7	2189	3091	121	396	3.36e-53	203	NP_955595.1 ABL [Abelson murine leukemia virus]
TRINITY_DN2293_c0_g1_i3	NP_057866.1	36.9	301	165	7	2189	3091	356	631	2.84e-52	203	NP_057866.1 p120 Gag-Abl polyprotein [Abelson murine leukemia virus]
TRINITY_DN2207_c0_g2_i1	YP_009507789.1	58.7	155	63	1	379	843	1	154	1.02e-55	185	YP_009507789.1 p21 v-has transforming protein [Harvey murine sarcoma virus]
TRINITY_DN2207_c0_g2_i1	YP_009507788.1	58.2	158	65	1	370	843	50	206	2.55e-55	186	YP_009507788.1 protein p30 [Harvey murine sarcoma virus]
TRINITY_DN2207_c0_g2_i1	YP_010778585.1	30.7	153	104	2	382	837	15	166	6.37e-17	82.4	YP_010778585.1 Rab-like GTPase [Bodo saltans virus]
TRINITY_DN2207_c0_g2_i1	YP_010777125.1	31.3	147	97	4	388	819	6	151	2.43e-12	68.9	YP_010777125.1 putative rab-related GTPase [Acanthamoeba polyphaga mimivirus]
TRINITY_DN2207_c0_g2_i1	YP_003986711.1	27.9	147	102	3	388	819	6	151	5.13e-11	65.1	YP_003986711.1 probable RAB-related GTPase [Acanthamoeba polyphaga mimivirus]
TRINITY_DN2207_c0_g2_i6	YP_009507789.1	56.6	175	75	1	379	903	1	174	9.56e-58	196	YP_009507789.1 p21 v-has transforming protein [Harvey murine sarcoma virus]
TRINITY_DN2207_c0_g2_i6	YP_009507788.1	56.2	178	77	1	370	903	50	226	2.54e-57	197	YP_009507788.1 protein p30 [Harvey murine sarcoma virus]
TRINITY_DN2207_c0_g2_i6	YP_010778585.1	30.5	167	114	2	382	879	15	180	7.10e-18	86.3	YP_010778585.1 Rab-like GTPase [Bodo saltans virus]
TRINITY_DN2207_c0_g2_i6	YP_010777125.1	29.1	165	113	4	388	873	6	169	1.46e-12	70.5	YP_010777125.1 putative rab-related GTPase [Acanthamoeba polyphaga mimivirus]
TRINITY_DN2207_c0_g2_i6	YP_003986711.1	26.1	165	118	3	388	873	6	169	3.03e-11	66.6	YP_003986711.1 probable RAB-related GTPase [Acanthamoeba polyphaga mimivirus]
TRINITY_DN2245_c0_g1_i18	YP_010781780.1	27.8	151	102	3	249	680	74	224	4.44e-11	67.0	YP_010781780.1 hypothetical protein QJ857_gp0927 [Tupanvirus soda lake]
TRINITY_DN2287_c8_g1_i2	YP_013611720.1	49.2	59	30	0	186	362	6	64	2.10e-14	69.7	YP_013611720.1 Ras-related protein Rab-1A [Yasminevirus sp. GU-2018]
TRINITY_DN2287_c8_g1_i2	YP_013611121.1	35.5	62	40	0	177	362	14	75	3.63e-10	58.5	YP_013611121.1 hypothetical protein YASMINEVIRUS_766 [Yasminevirus sp. GU-2018]
TRINITY_DN2287_c8_g1_i2	YP_013611857.1	41.4	58	34	0	189	362	2	59	3.08e-08	53.1	YP_013611857.1 ras-related protein RABB1b [Yasminevirus sp. GU-2018]
TRINITY_DN2287_c8_g1_i8	YP_013611720.1	42.3	208	110	4	186	788	6	210	6.55e-43	155	YP_013611720.1 Ras-related protein Rab-1A [Yasminevirus sp. GU-2018]
TRINITY_DN2287_c8_g1_i8	YP_010780883.1	42.9	170	94	3	186	692	2	169	1.05e-40	149	YP_010780883.1 rab family small GTPase [Tupanvirus deep ocean]
TRINITY_DN2287_c8_g1_i8	YP_010782189.1	37.4	203	115	3	186	791	2	193	2.81e-40	147	YP_010782189.1 rab family small GTPase [Tupanvirus soda lake]
TRINITY_DN2287_c8_g1_i8	YP_013611121.1	41.8	165	92	3	177	671	14	174	1.41e-34	133	YP_013611121.1 hypothetical protein YASMINEVIRUS_766 [Yasminevirus sp. GU-2018]
TRINITY_DN2287_c8_g1_i8	YP_013611857.1	36.5	192	118	3	189	764	2	189	5.36e-30	120	YP_013611857.1 ras-related protein RABB1b [Yasminevirus sp. GU-2018]
TRINITY_DN2230_c0_g1_i2	YP_013611165.1	27.1	155	103	3	2164	2610	490	640	6.16e-08	60.5	YP_013611165.1 hypothetical protein YASMINEVIRUS_810 [Yasminevirus sp. GU-2018]
TRINITY_DN40028_c0_g2_i1	YP_013611042.1	50.9	175	86	0	193	717	6	180	2.28e-54	186	YP_013611042.1 Rab GTPase 2d (macronuclear) [Yasminevirus sp. GU-2018]
TRINITY_DN40028_c0_g2_i1	YP_013611857.1	45.2	188	97	3	190	741	2	187	1.59e-41	151	YP_013611857.1 ras-related protein RABB1b [Yasminevirus sp. GU-2018]
TRINITY_DN40028_c0_g2_i1	YP_013611720.1	39.5	210	117	4	187	804	6	209	3.13e-40	148	YP_013611720.1 Ras-related protein Rab-1A [Yasminevirus sp. GU-2018]
TRINITY_DN40028_c0_g2_i1	YP_003986711.1	38.3	183	107	3	205	747	6	184	4.11e-32	125	YP_003986711.1 probable RAB-related GTPase [Acanthamoeba polyphaga mimivirus]
TRINITY_DN40028_c0_g2_i1	YP_010777125.1	38.8	183	106	3	205	747	6	184	1.48e-31	124	YP_010777125.1 putative rab-related GTPase [Acanthamoeba polyphaga mimivirus]
TRINITY_DN73473_c0_g1_i1	YP_010796961.1	40.4	104	59	1	8	310	904	1007	8.19e-15	71.6	YP_010796961.1 PolB [Mayetiola barley midge adintovirus]
TRINITY_DN73473_c0_g1_i1	YP_007714631.1	36.5	96	48	3	26	295	839	927	6.85e-06	46.2	YP_007714631.1 structural protein [Bombyx mori densovirus 3]
TRINITY_DN73473_c0_g1_i1	YP_009506248.1	36.5	96	48	3	26	295	839	927	6.85e-06	46.2	YP_009506248.1 structural protein [Bombyx mori densovirus Zhenjiang]
TRINITY_DN12364_c0_g1_i3	YP_073558.1	28.3	244	150	6	2460	1771	186	418	6.29e-12	73.2	YP_073558.1 RNA-dependent DNA polymerase [lymphocystis disease virus-China]
TRINITY_DN12364_c0_g1_i6	YP_073558.1	27.5	244	152	6	3242	3931	186	418	4.99e-10	67.8	YP_073558.1 RNA-dependent DNA polymerase [lymphocystis disease virus-China]
TRINITY_DN12397_c0_g1_i10	YP_010084440.1	33.5	251	158	4	214	954	14	259	1.04e-27	114	YP_010084440.1 ORF72 [Retroperitoneal fibromatosis-associated herpesvirus]
TRINITY_DN12397_c0_g1_i10	YP_001129430.1	33.3	240	147	5	202	909	12	242	5.35e-25	106	YP_001129430.1 ORF72 [Human gammaherpesvirus 8]
TRINITY_DN12316_c0_g1_i4	YP_009162415.1	35.6	281	167	8	645	1481	2	270	3.50e-43	160	YP_009162415.1 serine-threonine kinase [Salmon gill poxvirus]
TRINITY_DN12316_c0_g1_i4	YP_002154675.1	28.6	276	147	6	648	1343	5	274	4.91e-29	123	YP_002154675.1 serine-threonine kinase [Feldmannia species virus]
TRINITY_DN12316_c0_g1_i4	YP_010778246.1	31.1	254	152	9	666	1376	28	275	1.75e-28	121	YP_010778246.1 serine/threonine protein kinase [Bodo saltans virus]
TRINITY_DN12316_c0_g1_i4	YP_010778841.1	29.1	296	167	10	666	1472	10	289	3.03e-26	114	YP_010778841.1 serine/threonine protein kinase [Bodo saltans virus]
TRINITY_DN12316_c0_g1_i4	YP_010803051.1	27.4	277	173	8	666	1442	17	283	3.83e-26	114	YP_010803051.1 serine/threonine-protein kinase [Fadolivirus algeromassiliense]
TRINITY_DN12317_c0_g2_i1	NP_043933.1	28.9	492	328	9	2133	3578	227	706	4.36e-57	215	NP_043933.1 hypothetical protein [Strawberry vein banding virus]
TRINITY_DN12317_c0_g2_i1	YP_002519387.1	29.3	467	314	9	2223	3584	237	700	1.00e-55	211	YP_002519387.1 putative enzymatic polyprotein [Rudbeckia flower distortion virus]
TRINITY_DN12317_c0_g2_i1	YP_001931967.1	31.1	438	282	8	2298	3566	237	669	2.56e-52	200	YP_001931967.1 replicase [Eupatorium vein clearing virus]
TRINITY_DN12317_c0_g2_i1	NP_612577.1	29.2	439	296	7	2298	3581	223	657	1.79e-49	191	NP_612577.1 Enzymatic polyprotein [Contains: Aspartic protease; Endonuclease; Reverse transcriptase] [Carnation etched ring virus]
TRINITY_DN12317_c0_g2_i1	YP_006907834.1	29.0	434	291	6	2322	3578	247	678	3.35e-48	187	YP_006907834.1 polyprotein [Horseradish latent virus]
TRINITY_DN12385_c0_g1_i8	YP_008437740.2	27.7	336	167	15	966	1904	833	1115	1.34e-15	86.3	YP_008437740.2 serine-threonine kinase [Pandoravirus salinus]
TRINITY_DN12385_c0_g1_i8	YP_009481583.1	28.5	312	164	13	978	1889	892	1152	3.06e-15	85.1	YP_009481583.1 serine-threonine kinase [Pandoravirus macleodensis]
TRINITY_DN12385_c0_g1_i8	YP_009482569.1	27.9	315	170	13	978	1901	881	1145	6.87e-15	84.0	YP_009482569.1 serine-threonine kinase [Pandoravirus neocaledonia]
TRINITY_DN12385_c0_g1_i8	YP_009481511.1	27.7	311	179	10	975	1883	843	1115	1.53e-14	82.8	YP_009481511.1 serine-threonine kinase [Pandoravirus macleodensis]
TRINITY_DN12385_c0_g1_i8	YP_009483688.1	27.1	317	172	13	975	1883	825	1096	4.50e-14	81.3	YP_009483688.1 serine-threonine kinase [Pandoravirus quercus]
TRINITY_DN12375_c0_g1_i15	YP_008052569.1	27.8	342	231	10	1360	2361	11	344	7.85e-28	119	YP_008052569.1 ubiquitin specific peptidase C19 [Phaeocystis globosa virus]
TRINITY_DN12375_c0_g1_i15	YP_010804501.1	25.4	343	190	15	1372	2352	5	297	3.50e-16	83.6	YP_010804501.1 hypothetical protein QKU58_gp033 [Pyramimonas orientalis virus]
TRINITY_DN12375_c0_g1_i15	YP_010803251.1	25.9	193	98	7	1276	1725	2	192	5.30e-11	69.3	YP_010803251.1 peptidase C19 ubiquitin carboxyl-terminal hydrolase [Fadolivirus algeromassiliense]
TRINITY_DN12375_c0_g1_i15	YP_009507638.1	23.2	237	147	7	1366	2070	3	206	1.10e-07	57.8	YP_009507638.1 putative ubiquitin carboxyl-terminal hydrolase 8-like isoform X1 [Heterosigma akashiwo virus 01]
TRINITY_DN12375_c0_g1_i3	YP_008052569.1	27.8	342	231	10	869	1870	11	344	5.71e-28	119	YP_008052569.1 ubiquitin specific peptidase C19 [Phaeocystis globosa virus]
TRINITY_DN12375_c0_g1_i3	YP_010804501.1	25.4	343	190	15	881	1861	5	297	2.66e-16	83.6	YP_010804501.1 hypothetical protein QKU58_gp033 [Pyramimonas orientalis virus]
TRINITY_DN12375_c0_g1_i3	YP_010803251.1	25.4	169	88	5	836	1234	26	192	1.15e-09	64.7	YP_010803251.1 peptidase C19 ubiquitin carboxyl-terminal hydrolase [Fadolivirus algeromassiliense]
TRINITY_DN12375_c0_g1_i3	YP_009507638.1	23.2	237	147	7	875	1579	3	206	8.48e-08	57.8	YP_009507638.1 putative ubiquitin carboxyl-terminal hydrolase 8-like isoform X1 [Heterosigma akashiwo virus 01]
TRINITY_DN41469_c0_g1_i11	YP_010804091.1	29.0	145	99	3	1386	1811	88	231	2.84e-07	55.5	YP_010804091.1 prolyl 4-hydroxylase alpha subunit [Fadolivirus algeromassiliense]
TRINITY_DN41469_c0_g1_i20	YP_010804091.1	29.0	145	99	3	1338	1763	88	231	2.76e-07	55.5	YP_010804091.1 prolyl 4-hydroxylase alpha subunit [Fadolivirus algeromassiliense]
TRINITY_DN80324_c0_g4_i1	YP_004061441.1	44.2	563	290	10	317	1987	112	656	2.80e-128	407	YP_004061441.1 hypothetical protein BpV1_011c [Bathycoccus sp. RCC1105 virus BpV1]
TRINITY_DN80324_c0_g4_i1	YP_009172504.1	40.3	578	291	11	317	1990	29	572	5.04e-120	382	YP_009172504.1 hypothetical protein APZ24_gp013 [Ostreococcus lucimarinus virus 2]
TRINITY_DN80324_c0_g4_i1	YP_007676316.1	45.5	470	231	6	593	1984	121	571	2.55e-119	380	YP_007676316.1 ATP-dependent metalloprotease FtsH [Micromonas pusilla virus 12T]
TRINITY_DN80324_c0_g4_i1	YP_003212838.1	40.0	578	293	10	317	1990	29	572	7.96e-119	379	YP_003212838.1 hypothetical protein OTV1_014 [Ostreococcus tauri virus 1]
TRINITY_DN80324_c0_g4_i1	YP_009172777.1	40.0	578	293	10	317	1990	29	572	1.56e-118	378	YP_009172777.1 hypothetical protein AP053_gp017 [Ostreococcus mediterraneus virus 1]
TRINITY_DN79335_c0_g1_i1	NP_056848.1	35.7	129	78	2	380	6	243	370	4.28e-16	76.3	NP_056848.1 aspartic protease/reverse transcriptase [Cassava vein mosaic virus]
TRINITY_DN79335_c0_g1_i1	YP_004300274.1	35.9	131	78	2	386	6	224	352	2.40e-14	71.2	YP_004300274.1 replicase [Sweet potato vein clearing virus]
TRINITY_DN79335_c0_g1_i1	YP_010087807.1	34.9	129	79	2	380	6	241	368	4.49e-14	70.5	YP_010087807.1 replicase [Epiphyllum virus 4]
TRINITY_DN79335_c0_g1_i1	NP_569141.1	33.6	131	81	2	386	6	239	367	8.32e-14	69.7	NP_569141.1 polyprotein [Tobacco vein clearing virus]
TRINITY_DN79335_c0_g1_i1	YP_004347415.1	33.3	129	81	2	380	6	239	366	3.93e-13	67.8	YP_004347415.1 replicase [Sweet potato collusive virus]
TRINITY_DN16267_c0_g1_i2	YP_013610496.1	38.2	484	262	11	781	2205	17	472	5.46e-98	319	YP_013610496.1 1,4-alpha-glucan-branching protein, partial [Yasminevirus sp. GU-2018]
TRINITY_DN16267_c0_g1_i2	YP_013611677.1	30.5	646	353	19	220	1962	31	645	1.88e-74	268	YP_013611677.1 family 13 glycoside hydrolase [Yasminevirus sp. GU-2018]
TRINITY_DN16267_c0_g1_i8	YP_013610496.1	39.3	471	262	11	781	2166	17	472	1.47e-99	323	YP_013610496.1 1,4-alpha-glucan-branching protein, partial [Yasminevirus sp. GU-2018]
TRINITY_DN16267_c0_g1_i8	YP_013611677.1	30.5	646	353	19	220	1962	31	645	1.53e-74	268	YP_013611677.1 family 13 glycoside hydrolase [Yasminevirus sp. GU-2018]
TRINITY_DN16267_c2_g1_i1	YP_009163818.1	58.7	155	64	0	100	564	4	158	3.05e-55	185	YP_009163818.1 ORF_057R [Scale drop disease virus]
TRINITY_DN16267_c2_g1_i3	YP_009163818.1	57.6	191	69	1	100	672	4	182	3.03e-72	225	YP_009163818.1 ORF_057R [Scale drop disease virus]
TRINITY_DN16267_c2_g1_i4	YP_009163818.1	63.0	54	20	0	100	261	4	57	8.35e-16	72.8	YP_009163818.1 ORF_057R [Scale drop disease virus]
TRINITY_DN16267_c2_g1_i9	YP_009163818.1	57.6	191	69	1	100	672	4	182	3.23e-70	224	YP_009163818.1 ORF_057R [Scale drop disease virus]
TRINITY_DN16276_c1_g1_i8	YP_013611121.1	46.1	219	110	4	89	727	4	220	2.74e-58	198	YP_013611121.1 hypothetical protein YASMINEVIRUS_766 [Yasminevirus sp. GU-2018]
TRINITY_DN16276_c1_g1_i8	YP_013611720.1	44.0	207	105	4	131	727	7	210	2.14e-53	185	YP_013611720.1 Ras-related protein Rab-1A [Yasminevirus sp. GU-2018]
TRINITY_DN16276_c1_g1_i8	YP_010780883.1	49.7	167	83	1	131	628	3	169	1.77e-51	179	YP_010780883.1 rab family small GTPase [Tupanvirus deep ocean]
TRINITY_DN16276_c1_g1_i8	YP_010782189.1	48.5	171	87	1	131	640	3	173	3.42e-49	173	YP_010782189.1 rab family small GTPase [Tupanvirus soda lake]
TRINITY_DN16276_c1_g1_i8	YP_013611857.1	41.5	188	109	1	134	697	3	189	7.53e-39	145	YP_013611857.1 ras-related protein RABB1b [Yasminevirus sp. GU-2018]
TRINITY_DN24248_c0_g1_i19	YP_009448906.1	39.3	244	134	5	848	1552	49	287	5.49e-41	155	YP_009448906.1 Negative regulator of the PHO system [Orpheovirus IHUMI-LCC2]
TRINITY_DN24248_c0_g1_i19	YP_009448822.1	38.5	247	131	6	851	1543	51	292	8.48e-39	149	YP_009448822.1 Protein kinase [Orpheovirus IHUMI-LCC2]
TRINITY_DN24248_c0_g1_i19	YP_009448911.1	38.1	247	134	8	851	1552	42	282	4.03e-38	147	YP_009448911.1 Negative regulator of the PHO system [Orpheovirus IHUMI-LCC2]
TRINITY_DN24248_c0_g1_i19	YP_009449315.1	36.4	217	115	5	704	1318	1	206	3.01e-35	144	YP_009449315.1 serine-threonine kinase [Orpheovirus IHUMI-LCC2]
TRINITY_DN24248_c0_g1_i19	YP_010779868.1	32.4	287	171	9	677	1507	250	523	2.16e-28	124	YP_010779868.1 hypothetical protein QJ854_gp149 [Moumouvirus goulette]
TRINITY_DN43220_c1_g3_i3	YP_004061441.1	36.9	255	139	9	643	1386	224	463	2.29e-34	143	YP_004061441.1 hypothetical protein BpV1_011c [Bathycoccus sp. RCC1105 virus BpV1]
TRINITY_DN43220_c1_g3_i3	YP_008052571.1	35.9	270	149	11	643	1395	135	399	9.42e-34	140	YP_008052571.1 ATP-dependent zinc metalloprotease [Phaeocystis globosa virus]
TRINITY_DN43220_c1_g3_i3	YP_003212838.1	35.8	232	133	9	646	1314	143	367	1.47e-29	127	YP_003212838.1 hypothetical protein OTV1_014 [Ostreococcus tauri virus 1]
TRINITY_DN43220_c1_g3_i3	YP_009172777.1	35.8	232	133	9	646	1314	143	367	1.47e-29	127	YP_009172777.1 hypothetical protein AP053_gp017 [Ostreococcus mediterraneus virus 1]
TRINITY_DN43220_c1_g3_i3	YP_001648090.1	35.8	232	133	9	646	1314	143	367	1.47e-29	127	YP_001648090.1 putative cell division protein FtsH2 [Ostreococcus tauri virus OtV5]
TRINITY_DN43233_c0_g2_i6	YP_010780181.1	31.5	524	312	12	181	1743	4	483	3.40e-64	236	YP_010780181.1 hypothetical protein QJ856_gp1184 [Tupanvirus deep ocean]
TRINITY_DN43233_c0_g2_i6	YP_010781461.1	27.7	622	379	16	178	2028	3	558	2.59e-59	222	YP_010781461.1 aminopeptidase M1-like [Tupanvirus soda lake]
TRINITY_DN11558_c0_g2_i12	YP_004821511.1	31.1	106	67	2	191	493	5	109	1.39e-06	54.3	YP_004821511.1 BTB kelch domain protein [Yokapox virus]
TRINITY_DN40507_c0_g1_i15	YP_009094648.1	39.8	364	202	8	756	1823	4	358	1.11e-67	229	YP_009094648.1 conserved putative translation elongation factor 1-alpha [Marseillevirus sp. 'Melbournevirus']
TRINITY_DN40507_c0_g1_i15	YP_003406906.1	39.6	364	203	8	756	1823	4	358	4.24e-67	228	YP_003406906.1 translation elongation factor EF-1alpha [Marseillevirus marseillevirus]
TRINITY_DN40507_c0_g1_i15	YP_009254947.1	38.7	364	206	8	756	1823	4	358	4.39e-66	225	YP_009254947.1 conserved putative translation elongation factor 1-alpha [Tokyovirus A1]
TRINITY_DN40507_c0_g1_i15	YP_004347016.1	39.4	368	190	11	759	1823	3	350	1.83e-65	223	YP_004347016.1 translation elongation factor [Lausannevirus]
TRINITY_DN40507_c0_g1_i15	YP_009238667.1	37.2	360	210	8	759	1823	3	351	2.04e-65	223	YP_009238667.1 translation elongation factor [Brazilian marseillevirus]
TRINITY_DN40507_c0_g1_i9	YP_009094648.1	40.1	426	240	9	759	2030	4	416	2.87e-79	271	YP_009094648.1 conserved putative translation elongation factor 1-alpha [Marseillevirus sp. 'Melbournevirus']
TRINITY_DN40507_c0_g1_i9	YP_003406906.1	39.9	426	241	9	759	2030	4	416	9.82e-79	270	YP_003406906.1 translation elongation factor EF-1alpha [Marseillevirus marseillevirus]
TRINITY_DN40507_c0_g1_i9	YP_009238667.1	38.1	428	243	11	762	2030	3	413	7.29e-78	267	YP_009238667.1 translation elongation factor [Brazilian marseillevirus]
TRINITY_DN40507_c0_g1_i9	YP_009254947.1	39.0	426	245	9	759	2030	4	416	1.56e-77	266	YP_009254947.1 conserved putative translation elongation factor 1-alpha [Tokyovirus A1]
TRINITY_DN40507_c0_g1_i9	YP_004347016.1	39.2	436	223	13	762	2030	3	409	2.22e-77	266	YP_004347016.1 translation elongation factor [Lausannevirus]
TRINITY_DN39040_c0_g1_i1	YP_009448556.1	26.1	241	131	5	419	1141	22	215	1.88e-19	90.9	YP_009448556.1 G protein alpha subunit [Orpheovirus IHUMI-LCC2]
TRINITY_DN39040_c0_g1_i1	YP_009449160.1	21.9	352	211	8	413	1351	15	341	3.44e-19	91.7	YP_009449160.1 Guanine nucleotide-binding protein alpha subunit [Orpheovirus IHUMI-LCC2]
TRINITY_DN57914_c0_g1_i10	YP_009483690.1	34.4	215	129	5	81	704	40	249	4.34e-27	120	YP_009483690.1 Carboxylic ester hydrolase [Pandoravirus quercus]
TRINITY_DN57914_c0_g1_i10	YP_009165167.1	35.5	220	119	9	63	701	44	247	1.37e-25	115	YP_009165167.1 Carboxylesterase [Mollivirus sibericum]
TRINITY_DN57914_c0_g1_i10	YP_009481512.1	33.8	216	129	6	81	704	32	241	2.12e-25	115	YP_009481512.1 Carboxylic ester hydrolase [Pandoravirus macleodensis]
TRINITY_DN57914_c0_g1_i10	YP_004895032.1	35.0	240	125	9	45	701	19	248	7.50e-22	104	YP_004895032.1 putative cholinesterase [Megavirus chiliensis]
TRINITY_DN57914_c0_g1_i10	YP_010788378.1	33.5	266	143	10	45	779	19	271	3.04e-21	102	YP_010788378.1 cholinesterase [Megavirus baoshan]
TRINITY_DN87166_c0_g1_i7	YP_007005925.1	24.7	223	153	5	1267	1935	91	298	3.77e-07	57.4	YP_007005925.1 DNA helicase [Bacillus phage BCD7]
TRINITY_DN87120_c0_g1_i1	YP_009508582.1	25.6	129	89	3	381	1	759	882	2.46e-07	54.3	YP_009508582.1 pol protein [Yellow-breasted capuchin simian foamy virus]
TRINITY_DN87120_c0_g1_i1	YP_009513242.1	27.9	122	78	3	351	1	766	882	2.46e-07	54.3	YP_009513242.1 pol [Rhesus macaque simian foamy virus]
TRINITY_DN87120_c0_g1_i1	YP_009508556.1	27.9	122	78	3	351	1	766	882	3.30e-07	53.9	YP_009508556.1 pol protein [Japanese macaque simian foamy virus]
TRINITY_DN87120_c0_g1_i1	YP_010790456.1	27.9	122	78	3	351	1	766	882	5.96e-07	53.1	YP_010790456.1 pol protein [Simiispumavirus macfas]
TRINITY_DN87120_c0_g1_i1	YP_009508561.1	29.5	122	76	3	351	1	763	879	8.00e-07	52.8	YP_009508561.1 pol [Spider monkey simian foamy virus]
TRINITY_DN23004_c0_g1_i13	YP_009001498.1	30.7	212	129	4	265	891	481	677	1.74e-19	97.8	YP_009001498.1 ABC transporter [Alphaentomopoxvirus acuprea]
TRINITY_DN23063_c0_g1_i4	YP_011372038.1	37.8	267	150	7	273	1046	24	283	1.43e-35	140	YP_011372038.1 methenyltetrahydrofolate cyclohydrolase/ methylenetetrahydrofolate dehydrogenase (NADP+) [Enterococcus phage EF1]
TRINITY_DN23063_c0_g1_i4	YP_012883146.1	37.8	267	150	7	273	1046	24	283	1.43e-35	140	YP_012883146.1 tetrahydrofolate dehydrogenase/cyclohydrase [Enterococcus phage H1]
TRINITY_DN3203_c1_g1_i18	YP_009408106.1	32.1	112	72	2	127	450	4	115	1.22e-08	61.6	YP_009408106.1 BTB kelch-domain protein [Eptesipox virus]
TRINITY_DN3203_c1_g1_i18	NP_073525.1	31.2	109	70	3	133	447	7	114	6.70e-08	59.3	NP_073525.1 140R protein [Yaba-like disease virus]
TRINITY_DN3203_c1_g1_i18	YP_005296202.1	41.9	74	37	2	160	378	34	102	2.30e-07	56.2	YP_005296202.1 kelch-like protein [Cotia virus SPAn232]
TRINITY_DN3203_c1_g1_i18	YP_005296360.1	41.9	74	37	2	160	378	34	102	2.30e-07	56.2	YP_005296360.1 kelch-like protein [Cotia virus SPAn232]
TRINITY_DN3203_c1_g1_i24	YP_009665180.1	29.7	165	109	5	756	283	885	1049	1.62e-11	67.4	YP_009665180.1 pol polyprotein, partial [Walleye epidermal hyperplasia virus 2]
TRINITY_DN3203_c1_g1_i24	NP_045937.2	28.0	186	118	9	756	229	1435	1614	1.51e-08	58.5	NP_045937.2 Pr gag-pro-pol [Walleye dermal sarcoma virus]
TRINITY_DN3203_c1_g1_i24	YP_009665179.1	29.2	168	104	8	756	289	839	1003	3.62e-07	54.3	YP_009665179.1 pol polyprotein, partial [Walleye epidermal hyperplasia virus 1]
TRINITY_DN3273_c0_g1_i18	YP_004894652.1	31.5	292	154	10	238	1017	14	291	4.79e-22	101	YP_004894652.1 putative protein phosphatase 2c [Megavirus chiliensis]
TRINITY_DN3273_c0_g1_i18	YP_010776457.1	33.3	234	128	7	238	885	14	237	1.32e-20	97.1	YP_010776457.1 putative protein phosphatase 2c [Powai lake megavirus]
TRINITY_DN3273_c0_g1_i18	YP_010789843.1	29.0	290	159	10	244	1014	25	300	2.15e-20	96.7	YP_010789843.1 serine/threonine protein phosphatase [Moumouvirus australiensis]
TRINITY_DN3273_c0_g1_i18	YP_010788756.1	32.8	238	120	8	244	885	16	237	8.06e-20	94.7	YP_010788756.1 protein phosphatase 2c [Megavirus baoshan]
TRINITY_DN3273_c0_g1_i18	YP_003970108.1	29.3	283	159	7	220	1002	3	266	1.77e-19	93.2	YP_003970108.1 putative family 2C serine/threonine phosphatase [Cafeteria roenbergensis virus BV-PW1]
TRINITY_DN3225_c1_g1_i3	YP_013611253.1	33.9	316	178	7	555	1412	118	432	3.28e-41	159	YP_013611253.1 methionyl aminopeptidase [Yasminevirus sp. GU-2018]
TRINITY_DN3228_c0_g1_i5	YP_013611589.1	37.9	95	55	1	113	385	11	105	1.55e-12	73.2	YP_013611589.1 hypothetical protein YASMINEVIRUS_1303 [Yasminevirus sp. GU-2018]
TRINITY_DN3228_c0_g1_i5	YP_003986758.1	43.4	76	42	1	116	343	9	83	8.45e-12	71.2	YP_003986758.1 DnaJ-like protein [Acanthamoeba polyphaga mimivirus]
TRINITY_DN3228_c0_g1_i5	YP_010777173.1	43.4	76	42	1	116	343	9	83	8.45e-12	71.2	YP_010777173.1 DnaJ-like protein [Acanthamoeba polyphaga mimivirus]
TRINITY_DN3228_c0_g1_i5	YP_010780872.1	48.7	76	37	1	116	343	10	83	1.66e-11	70.5	YP_010780872.1 DnaJ-like protein [Tupanvirus deep ocean]
TRINITY_DN3228_c0_g1_i5	YP_010782179.1	44.2	86	45	2	116	373	10	92	3.87e-11	69.3	YP_010782179.1 DnaJ-like protein [Tupanvirus soda lake]
TRINITY_DN3206_c0_g1_i11	YP_010780181.1	27.4	569	362	15	53	1690	237	777	5.85e-56	209	YP_010780181.1 hypothetical protein QJ856_gp1184 [Tupanvirus deep ocean]
TRINITY_DN3206_c0_g1_i11	YP_010781461.1	27.0	567	360	13	65	1690	241	778	5.34e-52	198	YP_010781461.1 aminopeptidase M1-like [Tupanvirus soda lake]
TRINITY_DN3232_c4_g1_i2	YP_009482569.1	27.2	301	172	9	872	1747	884	1146	1.82e-22	107	YP_009482569.1 serine-threonine kinase [Pandoravirus neocaledonia]
TRINITY_DN3232_c4_g1_i2	YP_004347043.1	27.3	300	170	9	860	1741	756	1013	3.82e-22	106	YP_004347043.1 serine-threonine kinase [Lausannevirus]
TRINITY_DN3232_c4_g1_i2	YP_009481583.1	27.5	309	175	10	854	1747	887	1157	5.46e-22	105	YP_009481583.1 serine-threonine kinase [Pandoravirus macleodensis]
TRINITY_DN3232_c4_g1_i2	YP_003987364.1	25.9	297	176	10	860	1726	785	1045	2.71e-21	103	YP_003987364.1 serine-threonine kinase [Acanthamoeba polyphaga mimivirus]
TRINITY_DN3232_c4_g1_i2	YP_010777739.1	25.9	297	176	10	860	1726	788	1048	4.69e-21	102	YP_010777739.1 putative serine/threonine-protein kinase receptor [Acanthamoeba polyphaga mimivirus]
TRINITY_DN3207_c0_g1_i10	YP_011561059.1	36.2	141	85	3	1455	1033	18	153	2.64e-14	77.8	YP_011561059.1 ATP-dependent RecD-like DNA helicase [Escherichia phage vB_EcoM-ECP26]
TRINITY_DN3207_c0_g1_i10	YP_007006388.1	36.2	141	85	3	1455	1033	18	153	2.67e-13	77.8	YP_007006388.1 helicase [Escherichia phage FV3]
TRINITY_DN3207_c0_g1_i10	YP_011561451.1	36.2	141	85	3	1455	1033	18	153	2.67e-13	77.8	YP_011561451.1 ATP-dependent RecD-like DNA helicase [Escherichia phage vB_EcoM-ECP32]
TRINITY_DN3207_c0_g1_i10	YP_013420525.1	36.2	141	85	3	1455	1033	18	153	2.67e-13	77.8	YP_013420525.1 helicase [Escherichia phage vB_EcoM_SYGMH1]
TRINITY_DN3207_c0_g1_i10	YP_012789547.1	36.2	141	85	3	1455	1033	18	153	2.67e-13	77.8	YP_012789547.1 AAA family ATPase [Escherichia phage YP-6]
TRINITY_DN3207_c0_g1_i19	YP_009591141.1	36.4	118	70	1	574	236	145	262	2.98e-10	64.7	YP_009591141.1 helicase [Flavobacterium phage FCV-1]
TRINITY_DN3207_c0_g1_i19	YP_009855816.1	31.4	121	74	2	577	236	269	387	6.86e-07	55.5	YP_009855816.1 helicase [Alteromonas phage vB_AmeM_PT11-V22]
TRINITY_DN3207_c0_g1_i3	YP_011561059.1	36.2	141	85	3	1833	1411	18	153	2.05e-14	77.8	YP_011561059.1 ATP-dependent RecD-like DNA helicase [Escherichia phage vB_EcoM-ECP26]
TRINITY_DN3207_c0_g1_i3	YP_007006388.1	36.2	141	85	3	1833	1411	18	153	2.03e-13	77.8	YP_007006388.1 helicase [Escherichia phage FV3]
TRINITY_DN3207_c0_g1_i3	YP_011561451.1	36.2	141	85	3	1833	1411	18	153	2.03e-13	77.8	YP_011561451.1 ATP-dependent RecD-like DNA helicase [Escherichia phage vB_EcoM-ECP32]
TRINITY_DN3207_c0_g1_i3	YP_013420525.1	36.2	141	85	3	1833	1411	18	153	2.03e-13	77.8	YP_013420525.1 helicase [Escherichia phage vB_EcoM_SYGMH1]
TRINITY_DN3207_c0_g1_i3	YP_012789547.1	36.2	141	85	3	1833	1411	18	153	2.03e-13	77.8	YP_012789547.1 AAA family ATPase [Escherichia phage YP-6]
TRINITY_DN3224_c2_g1_i17	YP_009507248.1	30.2	1022	587	28	1900	4701	95	1078	1.98e-122	417	YP_009507248.1 ORF B [Trichoplusia ni TED virus]
TRINITY_DN3224_c2_g1_i17	YP_009666308.1	31.7	758	451	14	2089	4326	341	1043	2.18e-102	358	YP_009666308.1 Reverse Transcriptase, partial [Cladosporium fulvum T-1 virus]
TRINITY_DN3224_c2_g1_i17	NP_043933.1	31.8	468	306	6	1903	3273	237	702	4.29e-64	236	NP_043933.1 hypothetical protein [Strawberry vein banding virus]
TRINITY_DN3224_c2_g1_i17	NP_056728.1	30.5	547	353	10	1699	3273	131	672	3.67e-63	233	NP_056728.1 reverse transcriptase [Cauliflower mosaic virus]
TRINITY_DN3224_c2_g1_i17	YP_002519387.1	34.2	406	254	6	2089	3273	291	694	2.62e-61	228	YP_002519387.1 putative enzymatic polyprotein [Rudbeckia flower distortion virus]
TRINITY_DN64716_c0_g1_i9	YP_010803647.1	46.3	462	227	9	74	1429	3	453	1.12e-139	431	YP_010803647.1 alanyl-tRNA synthetase [Fadolivirus algeromassiliense]
TRINITY_DN64716_c0_g1_i9	YP_010780251.1	47.1	463	217	11	86	1429	7	456	4.01e-128	400	YP_010780251.1 alanyl-tRNA synthetase [Tupanvirus deep ocean]
TRINITY_DN64716_c0_g1_i9	YP_010781535.1	46.9	448	217	7	86	1402	7	442	1.78e-127	399	YP_010781535.1 alanyl-tRNA synthetase [Tupanvirus soda lake]
TRINITY_DN64716_c0_g1_i9	YP_013610462.1	42.9	354	180	7	77	1081	34	384	4.09e-79	271	YP_013610462.1 alanyl-trna synthetase [Yasminevirus sp. GU-2018]
TRINITY_DN28880_c0_g1_i1	YP_003969699.1	26.5	669	425	20	210	2168	2	619	4.05e-54	200	YP_003969699.1 putative metalloendopeptidase [Cafeteria roenbergensis virus BV-PW1]
TRINITY_DN28880_c0_g1_i1	YP_013611623.1	26.4	698	449	17	195	2162	19	693	7.15e-53	199	YP_013611623.1 M13 family peptidase [Yasminevirus sp. GU-2018]
TRINITY_DN28880_c0_g1_i1	YP_013611756.1	25.5	623	362	18	561	2168	153	760	1.66e-39	159	YP_013611756.1 peptidase M13 [Yasminevirus sp. GU-2018]
TRINITY_DN29221_c0_g1_i18	YP_009797038.1	49.5	386	169	7	411	1523	4	378	1.39e-111	348	YP_009797038.1 methionine adenosyltransferase [Faecalibacterium phage FP_Brigit]
TRINITY_DN29221_c0_g1_i28	YP_009797038.1	45.8	249	114	5	411	1121	4	243	5.99e-60	202	YP_009797038.1 methionine adenosyltransferase [Faecalibacterium phage FP_Brigit]
TRINITY_DN29221_c0_g1_i7	YP_009797038.1	50.0	386	167	7	406	1518	4	378	8.06e-114	353	YP_009797038.1 methionine adenosyltransferase [Faecalibacterium phage FP_Brigit]
TRINITY_DN29221_c0_g2_i1	YP_009797038.1	62.9	35	13	0	285	389	16	50	2.69e-06	48.1	YP_009797038.1 methionine adenosyltransferase [Faecalibacterium phage FP_Brigit]
TRINITY_DN29223_c0_g1_i7	YP_010803678.1	38.1	514	288	9	353	1861	5	499	2.93e-106	337	YP_010803678.1 ABC transporter [Fadolivirus algeromassiliense]
TRINITY_DN29223_c0_g1_i7	YP_010781718.1	36.6	522	299	7	377	1912	27	526	7.06e-103	329	YP_010781718.1 ATP binding cassette sub family F [Tupanvirus soda lake]
TRINITY_DN29223_c0_g1_i7	YP_010780426.1	36.6	516	305	6	380	1912	33	531	8.15e-103	329	YP_010780426.1 ATP binding cassette sub family F [Tupanvirus deep ocean]
TRINITY_DN29223_c0_g1_i7	YP_013610715.1	34.8	540	308	9	377	1912	86	609	2.84e-92	304	YP_013610715.1 ATP binding cassette sub family F [Yasminevirus sp. GU-2018]
TRINITY_DN29223_c0_g1_i7	YP_010778497.1	28.2	543	339	12	377	1924	17	535	7.76e-55	200	YP_010778497.1 ABC transporter protein [Bodo saltans virus]
TRINITY_DN29272_c0_g2_i1	NP_065037.1	54.3	151	65	3	142	591	2	149	2.70e-44	152	NP_065037.1 superoxide dismutase precursor [Betaentomopoxvirus amoorei]
TRINITY_DN29272_c0_g2_i1	YP_010802541.1	53.0	151	67	3	142	591	2	149	7.33e-44	150	YP_010802541.1 SOD [Chrysodeixis includens nucleopolyhedrovirus]
TRINITY_DN29272_c0_g2_i1	YP_008004361.1	52.3	151	68	3	142	591	2	149	2.98e-43	149	YP_008004361.1 superoxide dismutase precursor [Choristoneura biennis entomopoxvirus]
TRINITY_DN29272_c0_g2_i1	YP_008004053.1	51.7	151	69	3	142	591	2	149	1.14e-42	147	YP_008004053.1 superoxide dismutase precursor [Adoxophyes honmai entomopoxvirus 'L']
TRINITY_DN29272_c0_g2_i1	YP_009666643.1	49.7	155	74	3	142	603	2	153	9.74e-42	145	YP_009666643.1 sod [Oxyplax ochracea nucleopolyhedrovirus]
TRINITY_DN29272_c0_g2_i2	NP_065037.1	54.3	151	65	3	142	591	2	149	2.63e-44	152	NP_065037.1 superoxide dismutase precursor [Betaentomopoxvirus amoorei]
TRINITY_DN29272_c0_g2_i2	YP_010802541.1	53.0	151	67	3	142	591	2	149	7.15e-44	150	YP_010802541.1 SOD [Chrysodeixis includens nucleopolyhedrovirus]
TRINITY_DN29272_c0_g2_i2	YP_008004361.1	52.3	151	68	3	142	591	2	149	2.91e-43	149	YP_008004361.1 superoxide dismutase precursor [Choristoneura biennis entomopoxvirus]
TRINITY_DN29272_c0_g2_i2	YP_008004053.1	51.7	151	69	3	142	591	2	149	1.11e-42	147	YP_008004053.1 superoxide dismutase precursor [Adoxophyes honmai entomopoxvirus 'L']
TRINITY_DN29272_c0_g2_i2	YP_002854714.1	50.0	150	71	3	142	588	2	148	2.40e-41	144	YP_002854714.1 sod [Euproctis pseudoconspersa nucleopolyhedrovirus]
TRINITY_DN73842_c0_g1_i1	YP_010796961.1	54.8	104	46	1	5	316	594	696	3.90e-31	118	YP_010796961.1 PolB [Mayetiola barley midge adintovirus]
TRINITY_DN8822_c0_g3_i1	YP_009165762.1	32.3	403	220	13	420	1535	43	423	3.81e-34	144	YP_009165762.1 hypothetical protein APL35_gp011 [Apis mellifera filamentous virus]
TRINITY_DN79460_c2_g1_i2	YP_024726.1	26.8	194	98	7	849	1367	8	178	9.67e-06	52.0	YP_024726.1 O-acetyltransferase [Burkholderia phage BcepMu]
TRINITY_DN40149_c1_g1_i1	YP_009801023.1	28.0	200	106	7	185	778	1	164	8.32e-06	50.1	YP_009801023.1 FabG-like 3-oxoacyl-(acyl-carrier-protein) reductase [Xanthomonas phage Carpasina]
TRINITY_DN28307_c0_g1_i1	YP_010796970.1	54.2	306	136	3	2772	1861	6	309	2.14e-96	309	YP_010796970.1 integrase [Mayetiola barley midge adintovirus]
TRINITY_DN28307_c0_g1_i1	YP_010796965.1	43.2	222	123	3	1782	1123	12	232	6.04e-65	221	YP_010796965.1 FtsK [Mayetiola barley midge adintovirus]
TRINITY_DN28307_c0_g1_i1	YP_184883.1	51.1	188	91	1	1731	1168	27	213	3.24e-64	227	YP_184883.1 unnamed protein product [Bracoviriform congregatae]
TRINITY_DN28307_c0_g1_i1	YP_010796949.1	40.5	311	166	7	2760	1864	55	358	6.72e-61	214	YP_010796949.1 integrase [Terrapene box turtle adintovirus]
TRINITY_DN28307_c0_g1_i1	YP_184882.1	49.1	212	104	3	2772	2140	8	216	3.32e-52	185	YP_184882.1 hypothetical protein CcBV_31.2 [Bracoviriform congregatae]
TRINITY_DN28307_c0_g2_i4	YP_184883.1	51.9	160	77	0	1068	1547	27	186	3.37e-55	199	YP_184883.1 unnamed protein product [Bracoviriform congregatae]
TRINITY_DN28307_c0_g2_i4	YP_010796965.1	43.6	172	95	2	1017	1529	12	182	1.77e-49	176	YP_010796965.1 FtsK [Mayetiola barley midge adintovirus]
TRINITY_DN28307_c0_g2_i4	YP_010796970.1	57.4	101	43	0	636	938	209	309	7.17e-30	123	YP_010796970.1 integrase [Mayetiola barley midge adintovirus]
TRINITY_DN28307_c0_g2_i4	YP_184882.1	51.2	121	57	2	98	457	8	127	3.05e-27	113	YP_184882.1 hypothetical protein CcBV_31.2 [Bracoviriform congregatae]
TRINITY_DN28307_c0_g2_i4	YP_010796949.1	50.0	58	29	0	454	627	170	227	3.36e-11	68.9	YP_010796949.1 integrase [Terrapene box turtle adintovirus]
TRINITY_DN7418_c1_g1_i1	YP_009665762.1	29.3	150	97	4	437	9	215	362	7.20e-15	73.9	YP_009665762.1 19.5g1 protein [Bracoviriform inaniti]
TRINITY_DN7424_c0_g1_i2	YP_009173244.1	50.9	112	49	4	72	395	3	112	1.71e-30	110	YP_009173244.1 hypothetical protein AP054_gp176 [Ostreococcus lucimarinus virus 7]
TRINITY_DN7478_c0_g1_i10	YP_009593504.1	32.2	152	86	6	636	1076	2	141	2.04e-15	78.6	YP_009593504.1 amidase [Paracoccus phage Shpa]
TRINITY_DN7478_c0_g1_i10	YP_009208305.1	32.9	164	96	7	567	1049	3	155	5.25e-15	80.9	YP_009208305.1 endolysin [Streptomyces phage Amela]
TRINITY_DN7478_c0_g1_i10	YP_010055001.1	31.1	164	99	7	567	1049	3	155	2.52e-14	79.3	YP_010055001.1 endolysin [Streptomyces phage Janus]
TRINITY_DN7478_c0_g1_i10	YP_003347926.1	37.2	113	68	3	717	1046	28	140	1.38e-13	72.4	YP_003347926.1 amidase [Vibrio phage N4]
TRINITY_DN7478_c0_g1_i10	YP_004251275.1	37.2	113	68	3	717	1046	28	140	1.38e-13	72.4	YP_004251275.1 amidase [Vibrio phage ICP3]
TRINITY_DN9312_c0_g1_i14	YP_009173309.1	61.2	147	57	0	312	752	1	147	5.10e-59	199	YP_009173309.1 ubiquitin conjugating enzyme E2 [Chrysochromulina ericina virus]
TRINITY_DN9312_c0_g1_i14	YP_010803386.1	56.6	143	62	0	324	752	8	150	9.08e-55	189	YP_010803386.1 ubiquitin-conjugating enzyme E2 [Fadolivirus algeromassiliense]
TRINITY_DN9312_c0_g1_i14	YP_003969734.1	56.6	143	61	1	327	752	7	149	4.24e-49	172	YP_003969734.1 putative ubiquitin-conjugating enzyme E2 [Cafeteria roenbergensis virus BV-PW1]
TRINITY_DN9312_c0_g1_i14	YP_013610861.1	57.0	142	61	0	327	752	6	147	7.27e-48	169	YP_013610861.1 ubiquitin-conjugating enzyme E2 E1 [Yasminevirus sp. GU-2018]
TRINITY_DN9312_c0_g1_i14	YP_010780768.1	39.9	148	85	2	321	752	20	167	2.30e-29	117	YP_010780768.1 putative ubiquitin-conjugating enzyme E2 [Tupanvirus deep ocean]
TRINITY_DN9304_c0_g1_i7	NP_395469.1	30.2	242	154	8	3392	2697	201	437	4.85e-16	87.0	NP_395469.1 putative reverse transcriptase [Blueberry red ringspot virus]
TRINITY_DN9304_c0_g2_i1	NP_395469.1	27.9	462	259	13	3337	4530	201	652	3.56e-30	132	NP_395469.1 putative reverse transcriptase [Blueberry red ringspot virus]
TRINITY_DN18062_c0_g3_i4	YP_013611042.1	47.3	207	98	2	167	772	6	206	1.02e-54	189	YP_013611042.1 Rab GTPase 2d (macronuclear) [Yasminevirus sp. GU-2018]
TRINITY_DN18062_c0_g3_i4	YP_013611857.1	49.1	214	102	4	161	796	1	209	1.02e-54	189	YP_013611857.1 ras-related protein RABB1b [Yasminevirus sp. GU-2018]
TRINITY_DN18062_c0_g3_i4	YP_010778822.1	45.2	186	93	2	176	709	3	187	1.40e-46	167	YP_010778822.1 rab domain-containing protein [Bodo saltans virus]
TRINITY_DN18062_c0_g3_i4	YP_013611121.1	47.6	170	87	2	164	673	18	185	1.84e-43	159	YP_013611121.1 hypothetical protein YASMINEVIRUS_766 [Yasminevirus sp. GU-2018]
TRINITY_DN18062_c0_g3_i4	YP_013610421.1	34.6	185	115	2	173	712	11	194	9.33e-29	118	YP_013610421.1 GTP-binding protein ypt5 [Yasminevirus sp. GU-2018]
TRINITY_DN18045_c0_g1_i1	YP_010114486.1	52.8	532	244	4	452	2029	2	532	9.05e-176	515	YP_010114486.1 chaperonin groEL [Flavobacterium phage vB_FspM_immuto_2-6A]
TRINITY_DN18045_c0_g1_i1	YP_009845790.1	42.3	544	292	8	440	2011	1	542	2.38e-129	397	YP_009845790.1 chaperonin groEL [Vibrio phage VAP7]
TRINITY_DN18045_c0_g1_i1	YP_009838324.1	39.5	532	313	7	455	2023	3	534	1.42e-116	363	YP_009838324.1 chaperonin groEL [Vibrio phage YC]
TRINITY_DN18045_c0_g1_i1	YP_010356503.1	38.2	524	311	8	446	2008	1	514	4.69e-110	345	YP_010356503.1 chaperonin groEL [Flavobacterium phage vB_FspP_elemoC_14-1A]
TRINITY_DN18045_c0_g1_i1	YP_010356144.1	38.2	524	311	8	446	2008	1	514	4.69e-110	345	YP_010356144.1 chaperonin groEL [Flavobacterium phage vB_FspP_elemoB_14-3B]
TRINITY_DN72183_c0_g1_i23	YP_001426544.1	31.6	136	61	3	5935	6339	62	166	2.79e-06	54.7	YP_001426544.1 hypothetical protein ATCV1_Z063L [Acanthocystis turfacea chlorella virus 1]
TRINITY_DN72183_c0_g1_i23	YP_009465831.1	36.9	84	52	1	5926	6174	26	109	4.37e-06	53.5	YP_009465831.1 hypothetical protein C5Y57_gp114 [Dishui lake phycodnavirus 1]
TRINITY_DN72183_c0_g1_i23	YP_003212948.1	26.6	154	80	3	5884	6339	9	131	6.76e-06	53.1	YP_003212948.1 hypothetical protein OTV1_125 [Ostreococcus tauri virus 1]
TRINITY_DN72183_c0_g1_i23	YP_009172893.1	26.6	154	80	3	5884	6339	9	131	6.76e-06	53.1	YP_009172893.1 hypothetical protein AP053_gp133 [Ostreococcus mediterraneus virus 1]
TRINITY_DN72183_c0_g1_i23	YP_001648222.1	26.6	154	80	3	5884	6339	9	131	6.83e-06	53.1	YP_001648222.1 putative ribonuclease III [Ostreococcus tauri virus OtV5]
TRINITY_DN14173_c0_g1_i5	YP_010803173.1	31.3	428	263	11	160	1392	7	420	1.23e-53	195	YP_010803173.1 transcription factor GTP-binding domain protein [Fadolivirus algeromassiliense]
TRINITY_DN14173_c0_g1_i5	YP_010803214.1	29.1	494	282	13	355	1734	1	460	2.56e-53	194	YP_010803214.1 GTP binding translation elongation factor [Fadolivirus algeromassiliense]
TRINITY_DN14173_c0_g1_i5	YP_010781338.1	28.1	448	253	11	502	1731	29	445	4.79e-42	162	YP_010781338.1 putative GTP-binding translation elongation/initiation factor [Tupanvirus soda lake]
TRINITY_DN14173_c0_g1_i5	YP_010780064.1	28.1	442	261	12	502	1731	34	450	1.00e-41	161	YP_010780064.1 mimivirus GTP-binding translation elongation/initiation factor [Tupanvirus deep ocean]
TRINITY_DN14173_c0_g1_i5	YP_010778410.1	24.6	492	260	14	496	1713	42	508	6.57e-27	118	YP_010778410.1 putative GTP-binding translation elongation/initiation factor [Bodo saltans virus]
TRINITY_DN14181_c0_g1_i1	YP_009507248.1	32.8	290	190	2	15	869	154	443	1.47e-43	173	YP_009507248.1 ORF B [Trichoplusia ni TED virus]
TRINITY_DN14181_c0_g1_i1	YP_009666308.1	28.3	438	280	10	871	2157	623	1035	9.18e-38	155	YP_009666308.1 Reverse Transcriptase, partial [Cladosporium fulvum T-1 virus]
TRINITY_DN14181_c0_g1_i1	YP_009041481.1	30.0	303	198	3	24	893	1384	1685	2.45e-36	151	YP_009041481.1 polyprotein [Pagoda yellow mosaic associated virus]
TRINITY_DN14181_c0_g1_i1	YP_009666830.1	30.4	309	199	5	9	893	1299	1605	9.27e-35	146	YP_009666830.1 ORF3 polyprotein [Cacao swollen shoot Ghana Q virus]
TRINITY_DN14181_c0_g1_i1	YP_010798182.1	30.7	306	196	4	18	893	1386	1689	9.67e-35	146	YP_010798182.1 polyprotein [Green Sichuan pepper vein clearing-associated virus]
TRINITY_DN14181_c0_g1_i6	YP_009666308.1	30.2	732	465	11	9	2159	335	1035	3.97e-101	338	YP_009666308.1 Reverse Transcriptase, partial [Cladosporium fulvum T-1 virus]
TRINITY_DN14181_c0_g1_i6	YP_009507248.1	35.5	425	269	2	15	1274	154	578	1.53e-75	268	YP_009507248.1 ORF B [Trichoplusia ni TED virus]
TRINITY_DN14181_c0_g1_i6	NP_127504.1	32.4	398	258	7	51	1220	1413	1807	2.50e-50	195	NP_127504.1 ORF I polyprotein [Petunia vein clearing virus]
TRINITY_DN14181_c0_g1_i6	YP_010796425.1	29.7	444	283	8	18	1274	1385	1824	4.26e-43	172	YP_010796425.1 ORF3 [Codonopsis vein clearing virus]
TRINITY_DN14181_c0_g1_i6	YP_009229919.1	29.1	437	279	9	18	1250	1357	1788	5.53e-43	172	YP_009229919.1 polyprotein [Blackberry virus F]
TRINITY_DN53868_c0_g1_i11	YP_803294.1	24.2	198	139	6	185	772	13	201	4.22e-07	55.5	YP_803294.1 FabG-like 3-oxoacyl-(acyl-carrier-protein) reductase [Trichoplusia ni ascovirus 2c]
TRINITY_DN21626_c0_g1_i1	YP_009015561.1	37.7	438	189	6	511	1812	58	415	3.08e-85	278	YP_009015561.1 gp258 [Bacillus phage G]
TRINITY_DN21626_c0_g1_i1	YP_010678985.1	35.5	442	180	8	517	1818	63	407	2.52e-73	246	YP_010678985.1 porphyrin biosynthesis [Pseudomonas phage vB_PaeM_PA5oct]
TRINITY_DN21626_c0_g1_i1	YP_009611667.1	34.8	437	190	7	517	1800	61	411	3.88e-69	235	YP_009611667.1 ATP-dependent Clp protease ATP-binding subunit [Agrobacterium phage Atu_ph07]
TRINITY_DN21626_c0_g1_i1	YP_009278753.1	42.7	75	36	1	769	993	38	105	3.23e-06	53.9	YP_009278753.1 putative heat shock protein [Erwinia phage vB_EamM_Kwan]
TRINITY_DN21626_c0_g1_i1	YP_009806632.1	42.7	75	36	1	769	993	38	105	3.23e-06	53.9	YP_009806632.1 putative heat shock protein ATPase subunit HsIU domain-containing protein [Erwinia phage Wellington]
TRINITY_DN21626_c0_g1_i18	YP_009015561.1	37.9	438	188	6	491	1792	58	415	4.53e-86	280	YP_009015561.1 gp258 [Bacillus phage G]
TRINITY_DN21626_c0_g1_i18	YP_010678985.1	35.7	442	179	8	497	1798	63	407	3.88e-74	248	YP_010678985.1 porphyrin biosynthesis [Pseudomonas phage vB_PaeM_PA5oct]
TRINITY_DN21626_c0_g1_i18	YP_009611667.1	34.8	437	190	7	497	1780	61	411	8.49e-70	236	YP_009611667.1 ATP-dependent Clp protease ATP-binding subunit [Agrobacterium phage Atu_ph07]
TRINITY_DN21626_c0_g1_i18	YP_009278753.1	42.7	75	36	1	749	973	38	105	3.17e-06	53.9	YP_009278753.1 putative heat shock protein [Erwinia phage vB_EamM_Kwan]
TRINITY_DN21626_c0_g1_i18	YP_009806632.1	42.7	75	36	1	749	973	38	105	3.17e-06	53.9	YP_009806632.1 putative heat shock protein ATPase subunit HsIU domain-containing protein [Erwinia phage Wellington]
TRINITY_DN21620_c0_g1_i5	YP_009342217.1	28.1	302	158	12	901	1725	37	306	5.53e-18	90.1	YP_009342217.1 hypothetical protein BZK12_gp149 [Lymphocystis disease virus Sa]
TRINITY_DN21620_c0_g1_i5	YP_073684.1	27.9	298	170	10	886	1719	31	303	2.07e-15	82.4	YP_073684.1 hypothetical protein LDVICp179 [lymphocystis disease virus-China]
TRINITY_DN21676_c2_g1_i1	YP_010789907.1	34.0	103	66	1	149	451	2	104	4.68e-16	78.2	YP_010789907.1 thioredoxin [Moumouvirus australiensis]
TRINITY_DN21676_c2_g1_i1	YP_010779379.1	33.3	102	66	1	149	448	2	103	1.62e-15	76.6	YP_010779379.1 hypothetical protein QJ854_gp638 [Moumouvirus goulette]
TRINITY_DN21676_c2_g1_i1	YP_007354550.1	31.4	102	68	1	149	448	2	103	3.64e-14	72.8	YP_007354550.1 thioredoxin [Acanthamoeba polyphaga moumouvirus]
TRINITY_DN64476_c0_g1_i1	YP_009666148.1	36.4	99	63	0	2	298	281	379	1.02e-13	68.2	YP_009666148.1 hypothetical protein FLA14_p101 [Diachasmimorpha longicaudata entomopoxvirus]
TRINITY_DN64476_c0_g1_i1	YP_010796805.1	36.4	99	63	0	2	298	281	379	1.02e-13	68.2	YP_010796805.1 putative RNA helicase [Diachasmimorpha longicaudata entomopoxvirus]
TRINITY_DN64476_c0_g1_i1	YP_010803108.1	37.6	85	53	0	11	265	298	382	3.69e-13	66.6	YP_010803108.1 ATP-dependent RNA helicase DEAD-box [Fadolivirus algeromassiliense]
TRINITY_DN64476_c0_g1_i1	YP_009173589.1	35.6	87	56	0	11	271	303	389	6.22e-12	63.2	YP_009173589.1 Helicase 45 [Chrysochromulina ericina virus]
TRINITY_DN64476_c0_g1_i1	YP_003970003.1	32.1	81	55	0	2	244	282	362	8.39e-12	62.8	YP_003970003.1 putative superfamily II helicase/eIF-4AIII [Cafeteria roenbergensis virus BV-PW1]
TRINITY_DN53973_c0_g1_i1	YP_012611759.1	39.4	71	41	1	147	353	4	74	2.61e-10	56.2	YP_012611759.1 SSU ribosomal protein [Escherichia phage vB_EcoM-613R3]
TRINITY_DN4322_c0_g1_i23	YP_012611753.1	31.3	211	135	3	108	740	66	266	1.33e-24	105	YP_012611753.1 NAD kinase [Escherichia phage vB_EcoM-613R3]
TRINITY_DN4322_c0_g1_i23	YP_009949250.1	30.8	201	129	3	138	740	90	280	1.77e-21	97.1	YP_009949250.1 NAD(+) kinase [Escherichia phage 500465-1]
TRINITY_DN4334_c0_g2_i1	YP_013610990.1	30.8	266	163	7	316	1095	13	263	1.10e-26	113	YP_013610990.1 hypothetical protein YASMINEVIRUS_635 [Yasminevirus sp. GU-2018]
TRINITY_DN4334_c0_g2_i1	YP_010781643.1	28.3	286	165	8	349	1095	15	297	9.46e-19	94.0	YP_010781643.1 putative serine threonine-protein kinase [Tupanvirus soda lake]
TRINITY_DN4334_c0_g2_i1	YP_010780357.1	28.7	286	164	9	349	1095	15	297	2.82e-18	92.4	YP_010780357.1 putative serine threonine-protein kinase [Tupanvirus deep ocean]
TRINITY_DN4334_c0_g2_i1	YP_010800416.1	24.4	176	118	1	454	981	78	238	4.30e-15	79.7	YP_010800416.1 protein kinase 1 [Spodoptera eridania nucleopolyhedrovirus]
TRINITY_DN4334_c0_g2_i1	YP_009165603.1	26.7	165	106	1	514	1008	69	218	1.37e-13	74.7	YP_009165603.1 Protein kinase-1 [Perigonia lusca single nucleopolyhedrovirus]
TRINITY_DN4364_c1_g1_i11	YP_010778573.1	20.2	321	225	10	591	1541	257	550	6.49e-12	72.4	YP_010778573.1 putative Non-LTR retrotransposon [Bodo saltans virus]
TRINITY_DN4378_c1_g1_i3	YP_013611687.1	39.5	243	134	5	369	1061	162	403	1.22e-19	95.9	YP_013611687.1 hypothetical protein YASMINEVIRUS_1401 [Yasminevirus sp. GU-2018]
TRINITY_DN87825_c1_g2_i3	YP_009507248.1	32.8	528	324	9	2772	1246	87	602	1.74e-73	271	YP_009507248.1 ORF B [Trichoplusia ni TED virus]
TRINITY_DN87825_c1_g2_i3	YP_009182100.1	25.8	466	329	10	2796	1429	1650	2108	2.60e-28	128	YP_009182100.1 polyprotein [Vaccinivirus cadovaccinii]
TRINITY_DN87825_c1_g2_i3	YP_010087856.1	31.4	220	142	6	2526	1882	1529	1744	3.85e-18	95.1	YP_010087856.1 polyprotein [Camellia lemon glow virus]
TRINITY_DN87825_c1_g2_i3	NP_042513.1	23.6	356	252	12	2631	1603	194	542	4.22e-15	84.3	NP_042513.1 reverse transcriptase [Peanut chlorotic streak virus]
TRINITY_DN11398_c0_g1_i1	YP_010841664.1	50.0	70	35	0	135	344	1205	1274	4.15e-11	62.8	YP_010841664.1 DNA topoisomerase 2 [Cotonvirus japonicus]
TRINITY_DN11398_c0_g1_i1	YP_007354303.1	50.0	56	28	0	144	311	1166	1221	9.14e-08	53.1	YP_007354303.1 DNA topoisomerase II [Acanthamoeba polyphaga moumouvirus]
TRINITY_DN11398_c0_g1_i1	YP_010789653.1	48.2	56	29	0	144	311	1169	1224	2.30e-07	52.0	YP_010789653.1 DNA topoisomerase 2 [Moumouvirus australiensis]
TRINITY_DN11398_c0_g1_i1	YP_010776268.1	37.5	80	50	0	138	377	1170	1249	4.25e-07	51.2	YP_010776268.1 hypothetical protein QJ849_gp355 [Powai lake megavirus]
TRINITY_DN11398_c0_g1_i1	YP_010788955.1	37.5	80	50	0	138	377	1171	1250	5.77e-07	50.8	YP_010788955.1 DNA topoisomerase 2 [Megavirus baoshan]
TRINITY_DN3851_c2_g1_i2	YP_009507248.1	41.4	232	136	0	735	40	326	557	4.00e-51	181	YP_009507248.1 ORF B [Trichoplusia ni TED virus]
TRINITY_DN3851_c2_g1_i2	NP_612577.1	29.2	240	159	4	732	37	417	653	9.48e-29	117	NP_612577.1 Enzymatic polyprotein [Contains: Aspartic protease; Endonuclease; Reverse transcriptase] [Carnation etched ring virus]
TRINITY_DN3851_c2_g1_i2	YP_006907834.1	31.5	248	147	7	732	40	433	674	2.11e-23	101	YP_006907834.1 polyprotein [Horseradish latent virus]
TRINITY_DN3851_c2_g1_i2	NP_056728.1	32.1	246	146	8	732	40	433	672	5.27e-23	100	NP_056728.1 reverse transcriptase [Cauliflower mosaic virus]
TRINITY_DN3851_c2_g1_i2	NP_043933.1	27.6	239	163	4	732	40	466	702	5.36e-23	100	NP_043933.1 hypothetical protein [Strawberry vein banding virus]
TRINITY_DN3879_c0_g1_i6	YP_009666308.1	26.3	954	613	26	5215	7935	111	1021	1.39e-75	278	YP_009666308.1 Reverse Transcriptase, partial [Cladosporium fulvum T-1 virus]
TRINITY_DN3879_c0_g1_i6	NP_043933.1	30.3	412	278	3	5821	7029	291	702	1.61e-53	205	NP_043933.1 hypothetical protein [Strawberry vein banding virus]
TRINITY_DN3879_c0_g1_i6	NP_056728.1	31.3	418	268	9	5821	7029	259	672	6.67e-51	197	NP_056728.1 reverse transcriptase [Cauliflower mosaic virus]
TRINITY_DN3879_c0_g1_i6	YP_002519387.1	29.0	411	278	8	5830	7029	287	694	3.11e-49	192	YP_002519387.1 putative enzymatic polyprotein [Rudbeckia flower distortion virus]
TRINITY_DN3879_c0_g1_i6	YP_001931961.1	28.6	406	279	5	5839	7029	283	686	7.47e-47	185	YP_001931961.1 replicase [Lamium leaf distortion virus]
TRINITY_DN3828_c0_g1_i10	NP_955595.1	45.0	260	132	6	3415	4185	134	385	3.35e-53	204	NP_955595.1 ABL [Abelson murine leukemia virus]
TRINITY_DN3828_c0_g1_i10	NP_057866.1	45.0	260	132	6	3415	4185	369	620	3.30e-52	204	NP_057866.1 p120 Gag-Abl polyprotein [Abelson murine leukemia virus]
TRINITY_DN3828_c0_g1_i10	NP_042289.1	37.0	311	171	8	3412	4284	253	558	4.14e-45	177	NP_042289.1 P68 protein [UR2 sarcoma virus]
TRINITY_DN3828_c0_g1_i10	NP_955606.1	35.5	259	158	4	3379	4146	606	858	1.62e-40	166	NP_955606.1 FBS [Fujinami sarcoma virus]
TRINITY_DN3828_c0_g1_i10	NP_056889.1	35.5	259	158	4	3379	4146	915	1167	3.93e-40	166	NP_056889.1 p140 polyprotein [Fujinami sarcoma virus]
TRINITY_DN3807_c3_g1_i1	YP_010842031.1	27.1	683	346	23	285	1943	7	667	1.60e-45	176	YP_010842031.1 glucose-methanol-choline oxidoreductase [Cotonvirus japonicus]
TRINITY_DN3807_c3_g1_i1	YP_010780147.1	27.1	602	305	25	474	1943	106	685	4.09e-36	148	YP_010780147.1 putative oxireductase [Tupanvirus deep ocean]
TRINITY_DN3807_c3_g1_i1	YP_010781422.1	27.7	603	300	26	474	1943	106	685	7.38e-36	147	YP_010781422.1 glucose-methanol-choline oxidoreductase [Tupanvirus soda lake]
TRINITY_DN3807_c3_g1_i1	YP_010841410.1	25.0	620	359	24	177	1931	8	556	1.79e-35	145	YP_010841410.1 putative GMC-type oxidoreductase [Cotonvirus japonicus]
TRINITY_DN3807_c3_g1_i1	YP_010779322.1	28.3	593	300	24	474	1937	103	675	3.87e-34	142	YP_010779322.1 oxidoreductase [Moumouvirus goulette]
TRINITY_DN17808_c1_g2_i8	YP_010803265.1	31.5	267	160	10	706	1467	7	263	3.55e-25	110	YP_010803265.1 protein phosphatase 2c family protein [Fadolivirus algeromassiliense]
TRINITY_DN17808_c1_g2_i8	YP_003986808.1	30.6	248	142	9	811	1476	48	291	2.19e-24	108	YP_003986808.1 putative protein phosphatase 2C [Acanthamoeba polyphaga mimivirus]
TRINITY_DN17808_c1_g2_i8	YP_004894652.1	27.7	296	172	8	676	1467	3	288	1.32e-23	106	YP_004894652.1 putative protein phosphatase 2c [Megavirus chiliensis]
TRINITY_DN17808_c1_g2_i8	YP_010776457.1	32.3	248	136	10	811	1470	46	289	4.44e-23	105	YP_010776457.1 putative protein phosphatase 2c [Powai lake megavirus]
TRINITY_DN17808_c1_g2_i8	YP_007354495.1	27.5	309	193	8	631	1476	2	306	4.45e-23	105	YP_007354495.1 Serine/Threonine protein phosphatase [Acanthamoeba polyphaga moumouvirus]
TRINITY_DN17888_c0_g1_i1	YP_010114486.1	48.9	538	267	5	547	2139	2	538	1.40e-164	500	YP_010114486.1 chaperonin groEL [Flavobacterium phage vB_FspM_immuto_2-6A]
TRINITY_DN17888_c0_g1_i1	YP_009845790.1	43.3	540	284	7	547	2106	5	542	4.38e-124	395	YP_009845790.1 chaperonin groEL [Vibrio phage VAP7]
TRINITY_DN17888_c0_g1_i1	YP_009838324.1	40.8	542	298	8	550	2127	3	537	5.55e-115	370	YP_009838324.1 chaperonin groEL [Vibrio phage YC]
TRINITY_DN17888_c0_g1_i1	YP_010356503.1	38.0	524	312	7	541	2103	1	514	9.12e-102	334	YP_010356503.1 chaperonin groEL [Flavobacterium phage vB_FspP_elemoC_14-1A]
TRINITY_DN17888_c0_g1_i1	YP_010356144.1	38.0	524	312	7	541	2103	1	514	9.12e-102	334	YP_010356144.1 chaperonin groEL [Flavobacterium phage vB_FspP_elemoB_14-3B]
TRINITY_DN17899_c0_g1_i1	YP_010796966.1	51.1	45	21	1	132	1	296	340	1.79e-06	48.5	YP_010796966.1 PLA2X-adenain [Mayetiola barley midge adintovirus]
TRINITY_DN99024_c0_g1_i2	YP_001497339.1	33.4	686	352	23	348	2369	1	593	2.38e-93	310	YP_001497339.1 hypothetical protein NY2A_B143R [Paramecium bursaria Chlorella virus NY2A]
TRINITY_DN99024_c0_g1_i2	YP_013610518.1	32.3	684	389	15	348	2372	1	619	1.67e-92	308	YP_013610518.1 glucosamine-fructose-6-phosphate aminotransferase [Yasminevirus sp. GU-2018]
TRINITY_DN99024_c0_g1_i2	YP_009665259.1	33.0	685	356	21	348	2369	1	593	1.26e-91	305	YP_009665259.1 glucosamine--fructose-6-phosphate aminotransferase [Paramecium bursaria Chlorella virus NYs1]
TRINITY_DN99024_c0_g1_i2	YP_009325557.1	32.0	693	352	19	348	2369	1	593	1.26e-91	305	YP_009325557.1 Glucosamine--fructose-6-phosphate aminotransferase [Only Syngen Nebraska virus 5]
TRINITY_DN99024_c0_g1_i2	YP_001498214.1	32.9	686	355	22	348	2369	1	593	3.40e-91	304	YP_001498214.1 hypothetical protein AR158_C132R [Paramecium bursaria Chlorella virus AR158]
TRINITY_DN99024_c0_g1_i4	YP_001497339.1	32.6	703	352	23	348	2420	1	593	1.23e-90	303	YP_001497339.1 hypothetical protein NY2A_B143R [Paramecium bursaria Chlorella virus NY2A]
TRINITY_DN99024_c0_g1_i4	YP_009665259.1	32.2	702	356	21	348	2420	1	593	4.60e-89	299	YP_009665259.1 glucosamine--fructose-6-phosphate aminotransferase [Paramecium bursaria Chlorella virus NYs1]
TRINITY_DN99024_c0_g1_i4	YP_009325557.1	31.3	710	352	19	348	2420	1	593	4.60e-89	299	YP_009325557.1 Glucosamine--fructose-6-phosphate aminotransferase [Only Syngen Nebraska virus 5]
TRINITY_DN99024_c0_g1_i4	YP_001498214.1	32.1	703	355	22	348	2420	1	593	1.23e-88	298	YP_001498214.1 hypothetical protein AR158_C132R [Paramecium bursaria Chlorella virus AR158]
TRINITY_DN99024_c0_g1_i4	NP_048448.2	31.3	699	366	20	348	2420	1	593	1.71e-87	295	NP_048448.2 Glutamine:fructose-6-phosphate amidotransferase [Paramecium bursaria Chlorella virus 1]
TRINITY_DN4820_c0_g1_i6	YP_009665923.1	35.6	270	152	8	470	1243	48	307	4.16e-39	151	YP_009665923.1 PTP8 [Bracoviriform indiense]
TRINITY_DN4820_c0_g1_i6	YP_010802902.1	36.5	249	136	6	506	1231	165	398	6.63e-38	150	YP_010802902.1 protein-tyrosine phosphatase [Fadolivirus algeromassiliense]
TRINITY_DN4820_c0_g1_i6	YP_239383.1	32.6	307	156	10	413	1228	18	308	2.68e-31	128	YP_239383.1 PTP 3 [Bracoviriform demolitoris]
TRINITY_DN4820_c0_g1_i6	YP_009665914.1	32.4	296	161	9	434	1234	29	314	3.62e-31	128	YP_009665914.1 protein tyrosine phosphatase [Bracoviriform indiense]
TRINITY_DN4820_c0_g1_i6	YP_001029442.1	35.1	265	144	7	494	1237	44	297	8.59e-31	126	YP_001029442.1 GfV-C8-ORF1 [Ichnoviriform fumiferanae]
TRINITY_DN4820_c0_g1_i9	NP_955595.1	32.1	134	84	5	23	421	4	131	1.38e-10	66.6	NP_955595.1 ABL [Abelson murine leukemia virus]
TRINITY_DN4820_c0_g1_i9	NP_057866.1	32.1	134	84	5	23	421	239	366	1.53e-10	66.6	NP_057866.1 p120 Gag-Abl polyprotein [Abelson murine leukemia virus]
TRINITY_DN4820_c0_g1_i9	YP_001029351.1	39.6	101	56	2	497	799	38	133	9.55e-10	62.4	YP_001029351.1 GfV-B7-ORF1 [Ichnoviriform fumiferanae]
TRINITY_DN4820_c0_g1_i9	YP_001029347.1	40.2	97	53	2	506	793	71	163	1.30e-08	59.3	YP_001029347.1 GfV-A10-ORF1 [Ichnoviriform fumiferanae]
TRINITY_DN4820_c0_g1_i9	YP_009508242.1	31.1	135	60	5	56	394	248	371	3.60e-07	55.5	YP_009508242.1 p47(gag-crk) [Avian sarcoma virus CT10]
TRINITY_DN4861_c0_g1_i1	YP_009448170.1	27.8	158	77	4	446	823	281	433	4.63e-06	53.5	YP_009448170.1 ankyrin repeat family protein [Flamingopox virus FGPVKD09]
TRINITY_DN4861_c0_g2_i6	YP_010841334.1	31.1	347	181	14	3562	4581	1355	1650	2.80e-27	125	YP_010841334.1 putative serine/threonine-protein kinase [Cotonvirus japonicus]
TRINITY_DN4861_c0_g2_i6	YP_013612310.1	31.0	306	161	12	3649	4551	1307	1567	2.33e-24	115	YP_013612310.1 Serine/Threonine-protein kinase [Brazilian cedratvirus IHUMI]
TRINITY_DN4861_c0_g2_i6	YP_010777726.1	30.6	307	153	11	3649	4551	1388	1640	2.02e-21	106	YP_010777726.1 putative serine/threonine-protein kinase/receptor [Acanthamoeba polyphaga mimivirus]
TRINITY_DN4861_c0_g2_i6	YP_003987350.1	30.5	308	152	12	3649	4551	1386	1638	7.79e-21	104	YP_003987350.1 serine-threonine kinase [Acanthamoeba polyphaga mimivirus]
TRINITY_DN4861_c0_g2_i6	YP_009000988.1	30.4	312	157	11	3649	4563	1371	1629	1.75e-20	103	YP_009000988.1 serine-threonine kinase [Pithovirus sibericum]
TRINITY_DN4833_c0_g1_i11	YP_184809.1	37.5	152	92	1	703	1158	30	178	4.48e-28	115	YP_184809.1 PTPN [Bracoviriform congregatae]
TRINITY_DN4833_c0_g1_i11	YP_009665786.1	41.9	124	70	1	763	1134	5	126	1.07e-26	110	YP_009665786.1 protein tyrosine phosphatase, partial [Bracoviriform flavipedis]
TRINITY_DN4833_c0_g1_i11	YP_239400.1	34.9	149	94	3	703	1146	30	176	4.84e-25	107	YP_239400.1 PTP 2 [Bracoviriform demolitoris]
TRINITY_DN4833_c0_g1_i11	YP_001029349.1	39.7	131	76	2	766	1152	67	196	3.69e-22	99.0	YP_001029349.1 GfV-B6-ORF1 [Ichnoviriform fumiferanae]
TRINITY_DN4833_c0_g1_i11	YP_009665907.1	34.0	147	91	2	700	1140	29	169	8.28e-21	95.1	YP_009665907.1 protein tyrosine phosphatase [Bracoviriform facetosae]
TRINITY_DN4833_c0_g1_i14	YP_239382.1	39.7	287	167	5	1116	1970	13	295	8.07e-65	222	YP_239382.1 PTP 2 [Bracoviriform demolitoris]
TRINITY_DN4833_c0_g1_i14	YP_009665786.1	41.7	254	141	4	1224	1979	5	253	6.62e-59	203	YP_009665786.1 protein tyrosine phosphatase, partial [Bracoviriform flavipedis]
TRINITY_DN4833_c0_g1_i14	YP_009665916.1	37.9	272	161	3	1155	1970	27	290	2.34e-57	201	YP_009665916.1 PTP1 [Bracoviriform indiense]
TRINITY_DN4833_c0_g1_i14	YP_009665923.1	39.1	274	159	4	1164	1979	39	306	6.09e-57	200	YP_009665923.1 PTP8 [Bracoviriform indiense]
TRINITY_DN4833_c0_g1_i14	YP_009665914.1	35.0	309	178	6	1107	1976	10	314	3.29e-56	199	YP_009665914.1 protein tyrosine phosphatase [Bracoviriform indiense]
TRINITY_DN4833_c0_g1_i24	YP_239382.1	39.7	287	167	5	856	1710	13	295	2.10e-65	222	YP_239382.1 PTP 2 [Bracoviriform demolitoris]
TRINITY_DN4833_c0_g1_i24	YP_009665786.1	41.7	254	141	4	964	1719	5	253	2.12e-59	203	YP_009665786.1 protein tyrosine phosphatase, partial [Bracoviriform flavipedis]
TRINITY_DN4833_c0_g1_i24	YP_009665916.1	37.9	272	161	3	895	1710	27	290	7.73e-58	201	YP_009665916.1 PTP1 [Bracoviriform indiense]
TRINITY_DN4833_c0_g1_i24	YP_009665923.1	39.1	274	159	4	904	1719	39	306	2.02e-57	200	YP_009665923.1 PTP8 [Bracoviriform indiense]
TRINITY_DN4833_c0_g1_i24	YP_009665914.1	35.0	309	178	6	847	1716	10	314	1.11e-56	199	YP_009665914.1 protein tyrosine phosphatase [Bracoviriform indiense]
TRINITY_DN4839_c0_g1_i2	YP_009448636.1	22.0	463	317	14	363	1718	12	441	5.14e-26	115	YP_009448636.1 Cytochrome P450-like protein E-class [Orpheovirus IHUMI-LCC2]
TRINITY_DN4839_c0_g1_i2	YP_009165152.1	28.0	211	142	4	1110	1739	287	488	3.62e-16	85.9	YP_009165152.1 Cytochrome P450 [Mollivirus sibericum]
TRINITY_DN4839_c0_g1_i3	YP_009448636.1	23.2	439	286	16	698	1969	37	439	1.53e-24	110	YP_009448636.1 Cytochrome P450-like protein E-class [Orpheovirus IHUMI-LCC2]
TRINITY_DN4839_c0_g1_i3	YP_009165152.1	28.0	211	142	4	1367	1996	287	488	5.87e-16	84.7	YP_009165152.1 Cytochrome P450 [Mollivirus sibericum]
TRINITY_DN5432_c0_g2_i7	YP_010778573.1	32.8	122	77	3	472	113	374	492	9.11e-10	60.5	YP_010778573.1 putative Non-LTR retrotransposon [Bodo saltans virus]
TRINITY_DN5445_c0_g1_i11	YP_010796961.1	47.3	296	144	3	23	877	495	789	3.17e-80	267	YP_010796961.1 PolB [Mayetiola barley midge adintovirus]
TRINITY_DN5445_c0_g1_i8	YP_010796961.1	52.7	91	42	1	2	274	700	789	2.91e-26	105	YP_010796961.1 PolB [Mayetiola barley midge adintovirus]
TRINITY_DN5478_c0_g1_i4	YP_010796957.1	33.8	1264	702	39	909	4529	152	1337	5.03e-201	636	YP_010796957.1 PolB [Terrapene box turtle adintovirus]
TRINITY_DN5478_c0_g1_i4	YP_002302517.1	22.8	404	225	13	3096	4259	216	548	3.75e-11	71.6	YP_002302517.1 DNA polymerase [Bacillus phage AP50]
TRINITY_DN5478_c0_g1_i4	YP_009281725.1	26.1	326	181	11	3180	4124	272	548	4.90e-09	64.7	YP_009281725.1 DNA polymerase [Bacillus phage Stitch]
TRINITY_DN5478_c0_g1_i4	YP_010803306.1	33.0	112	66	3	2787	3095	345	456	1.04e-08	63.2	YP_010803306.1 restriction endonuclease type II-like protein [Fadolivirus algeromassiliense]
TRINITY_DN5478_c0_g1_i4	YP_010113581.1	25.9	328	179	12	3180	4124	272	548	5.70e-08	61.2	YP_010113581.1 DNA polymerase [Bacillus phage Baseball_field]
TRINITY_DN5571_c0_g2_i4	YP_010803678.1	41.3	554	290	9	1093	2736	1	525	4.30e-119	377	YP_010803678.1 ABC transporter [Fadolivirus algeromassiliense]
TRINITY_DN5571_c0_g2_i4	YP_010781718.1	39.8	515	280	6	1162	2694	38	526	2.83e-108	348	YP_010781718.1 ATP binding cassette sub family F [Tupanvirus soda lake]
TRINITY_DN5571_c0_g2_i4	YP_010780426.1	39.4	515	282	6	1162	2694	43	531	3.58e-106	343	YP_010780426.1 ATP binding cassette sub family F [Tupanvirus deep ocean]
TRINITY_DN5571_c0_g2_i4	YP_013610715.1	38.4	568	290	12	1117	2727	82	620	1.86e-98	325	YP_013610715.1 ATP binding cassette sub family F [Yasminevirus sp. GU-2018]
TRINITY_DN5571_c0_g2_i4	YP_010778497.1	30.4	552	325	12	1129	2706	17	535	6.52e-64	228	YP_010778497.1 ABC transporter protein [Bodo saltans virus]
TRINITY_DN5580_c0_g1_i2	YP_009352567.1	26.5	465	258	16	1248	2468	60	498	2.94e-27	120	YP_009352567.1 Peroxinectin [Kaumoebavirus]
TRINITY_DN5580_c0_g1_i2	YP_009449024.1	24.6	574	309	18	792	2294	27	549	1.36e-22	107	YP_009449024.1 Haem peroxidase [Orpheovirus IHUMI-LCC2]
TRINITY_DN22053_c1_g1_i5	YP_009507788.1	34.1	173	106	3	329	829	45	215	1.08e-23	101	YP_009507788.1 protein p30 [Harvey murine sarcoma virus]
TRINITY_DN22053_c1_g1_i5	YP_009507789.1	35.2	165	99	3	353	829	1	163	1.20e-23	99.8	YP_009507789.1 p21 v-has transforming protein [Harvey murine sarcoma virus]
TRINITY_DN9034_c0_g3_i1	YP_009665791.1	86.5	89	12	0	170	436	53	141	1.99e-47	154	YP_009665791.1 putative histone 4 [Bracoviriform glomeratae]
TRINITY_DN9034_c0_g3_i1	YP_184795.1	81.6	87	16	0	173	433	68	154	1.33e-43	144	YP_184795.1 Histone [Bracoviriform congregatae]
TRINITY_DN17924_c0_g1_i3	YP_013610519.1	27.0	341	210	15	158	1114	3	326	5.49e-20	97.8	YP_013610519.1 thioredoxin reductase TR1 [Yasminevirus sp. GU-2018]
TRINITY_DN47295_c0_g1_i10	YP_010796949.1	24.6	207	149	4	1689	1078	18	220	2.33e-08	60.1	YP_010796949.1 integrase [Terrapene box turtle adintovirus]
TRINITY_DN47295_c0_g1_i2	YP_010796949.1	24.6	207	149	4	1689	1078	18	220	3.22e-08	60.1	YP_010796949.1 integrase [Terrapene box turtle adintovirus]
TRINITY_DN47295_c1_g2_i13	YP_009213665.1	49.9	353	171	4	1056	2111	7	354	1.77e-93	306	YP_009213665.1 putative fructose-1,6-bisphosphate aldolase [Prochlorococcus phage P-TIM68]
TRINITY_DN47295_c1_g2_i5	YP_009213665.1	51.7	296	141	2	117	1001	7	301	2.63e-89	278	YP_009213665.1 putative fructose-1,6-bisphosphate aldolase [Prochlorococcus phage P-TIM68]
TRINITY_DN47295_c1_g2_i8	YP_009213665.1	49.6	260	129	2	117	893	7	265	4.93e-73	233	YP_009213665.1 putative fructose-1,6-bisphosphate aldolase [Prochlorococcus phage P-TIM68]
TRINITY_DN23130_c0_g1_i1	YP_013611042.1	47.7	174	91	0	289	810	6	179	1.98e-51	177	YP_013611042.1 Rab GTPase 2d (macronuclear) [Yasminevirus sp. GU-2018]
TRINITY_DN23130_c0_g1_i1	YP_010780883.1	41.8	177	102	1	283	810	2	178	1.17e-43	156	YP_010780883.1 rab family small GTPase [Tupanvirus deep ocean]
TRINITY_DN23130_c0_g1_i1	YP_013611720.1	46.4	168	86	2	268	762	1	167	3.75e-43	155	YP_013611720.1 Ras-related protein Rab-1A [Yasminevirus sp. GU-2018]
TRINITY_DN23130_c0_g1_i1	YP_013611121.1	44.8	174	93	3	259	780	10	180	1.94e-42	154	YP_013611121.1 hypothetical protein YASMINEVIRUS_766 [Yasminevirus sp. GU-2018]
TRINITY_DN23130_c0_g1_i1	YP_010782189.1	40.7	177	104	1	283	810	2	178	8.68e-42	151	YP_010782189.1 rab family small GTPase [Tupanvirus soda lake]
TRINITY_DN23130_c0_g1_i13	YP_013611042.1	47.7	174	91	0	289	810	6	179	1.72e-50	177	YP_013611042.1 Rab GTPase 2d (macronuclear) [Yasminevirus sp. GU-2018]
TRINITY_DN23130_c0_g1_i13	YP_010780883.1	41.8	177	102	1	283	810	2	178	6.32e-43	156	YP_010780883.1 rab family small GTPase [Tupanvirus deep ocean]
TRINITY_DN23130_c0_g1_i13	YP_013611720.1	46.4	168	86	2	268	762	1	167	2.00e-42	155	YP_013611720.1 Ras-related protein Rab-1A [Yasminevirus sp. GU-2018]
TRINITY_DN23130_c0_g1_i13	YP_013611121.1	44.8	174	93	3	259	780	10	180	9.97e-42	154	YP_013611121.1 hypothetical protein YASMINEVIRUS_766 [Yasminevirus sp. GU-2018]
TRINITY_DN23130_c0_g1_i13	YP_010782189.1	40.7	177	104	1	283	810	2	178	4.16e-41	151	YP_010782189.1 rab family small GTPase [Tupanvirus soda lake]
TRINITY_DN23104_c0_g1_i3	YP_009283132.1	26.8	123	84	3	158	508	22	144	4.21e-06	50.1	YP_009283132.1 chaperonin groEL [Bacillus phage AR9]
TRINITY_DN23104_c0_g1_i3	YP_009664321.1	26.8	123	84	3	158	508	22	144	4.21e-06	50.1	YP_009664321.1 chaperonin groEL [Bacillus phage PBS1]
TRINITY_DN23170_c0_g1_i4	YP_009173653.1	38.3	1502	838	23	67	4485	4	1446	0.0	966	YP_009173653.1 DNA-directed RNA polymerase II, subunit RpB1 [Chrysochromulina ericina virus]
TRINITY_DN23170_c0_g1_i4	YP_010783546.1	39.7	1490	794	31	94	4476	13	1426	0.0	963	YP_010783546.1 DNA-directed RNA polymerase II subunit Rpb1 [Tetraselmis virus 1]
TRINITY_DN23170_c0_g1_i4	YP_008052581.1	38.1	1495	827	26	112	4485	15	1447	2.37e-306	928	YP_008052581.1 DNA-directed RNA polymerase II subunit RPB1 [Phaeocystis globosa virus]
TRINITY_DN23170_c0_g1_i4	YP_010803459.1	35.6	1529	836	36	94	4482	12	1458	7.91e-261	808	YP_010803459.1 DNA-directed RNA polymerase subunit 1 [Fadolivirus algeromassiliense]
TRINITY_DN23170_c0_g1_i4	YP_010780850.1	33.1	1520	890	34	94	4491	15	1461	1.46e-237	746	YP_010780850.1 dna-directed rna polymerase subunit 1 [Tupanvirus deep ocean]
TRINITY_DN2544_c0_g1_i10	YP_004895060.1	36.5	282	151	8	815	1630	1337	1600	2.98e-50	197	YP_004895060.1 serine-threonine kinase [Megavirus chiliensis]
TRINITY_DN2544_c0_g1_i10	YP_010779989.1	36.5	296	161	8	755	1630	1325	1597	8.43e-49	193	YP_010779989.1 tyrosine kinase family protein [Moumouvirus goulette]
TRINITY_DN2544_c0_g1_i10	YP_010776821.1	35.5	282	154	8	815	1630	1338	1601	2.57e-48	191	YP_010776821.1 putative serine/threonine protein kinase receptor [Powai lake megavirus]
TRINITY_DN2544_c0_g1_i10	YP_010788353.1	37.0	262	147	6	857	1630	1353	1600	7.82e-48	190	YP_010788353.1 serine/threonine protein kinase receptor [Megavirus baoshan]
TRINITY_DN2544_c0_g1_i10	YP_009483283.1	37.3	279	151	7	824	1639	1450	1711	8.50e-45	180	YP_009483283.1 serine-threonine kinase [Pandoravirus quercus]
TRINITY_DN2543_c0_g2_i2	YP_010299256.1	32.1	137	85	5	305	712	25	154	7.31e-06	49.7	YP_010299256.1 FabG-like 3-oxoacyl-(acyl-carrier-protein) reductase [Pseudomonas phage AIIMS-Pa-B1]
TRINITY_DN2572_c0_g1_i2	YP_009448636.1	26.9	360	228	10	431	1498	113	441	4.70e-28	121	YP_009448636.1 Cytochrome P450-like protein E-class [Orpheovirus IHUMI-LCC2]
TRINITY_DN2572_c0_g1_i2	YP_008319316.1	25.7	187	128	2	968	1504	321	504	1.67e-14	80.1	YP_008319316.1 Cytochrome P450 [Pandoravirus dulcis]
TRINITY_DN2572_c0_g1_i6	YP_009448636.1	27.5	367	231	10	454	1542	106	441	3.26e-30	127	YP_009448636.1 Cytochrome P450-like protein E-class [Orpheovirus IHUMI-LCC2]
TRINITY_DN2572_c0_g1_i6	YP_008319316.1	25.7	187	128	2	1012	1548	321	504	1.76e-14	80.1	YP_008319316.1 Cytochrome P450 [Pandoravirus dulcis]
TRINITY_DN2572_c0_g3_i1	YP_009448636.1	34.3	134	85	2	32	433	311	441	1.79e-18	84.3	YP_009448636.1 Cytochrome P450-like protein E-class [Orpheovirus IHUMI-LCC2]
TRINITY_DN2550_c0_g1_i3	NP_659397.1	29.8	409	272	8	1320	2510	258	663	4.75e-47	184	NP_659397.1 hypothetical protein [Mirabilis mosaic virus]
TRINITY_DN2550_c0_g1_i3	YP_006907834.1	28.7	477	315	11	1140	2510	203	674	9.43e-46	180	YP_006907834.1 polyprotein [Horseradish latent virus]
TRINITY_DN2550_c0_g1_i3	YP_009182100.1	29.2	463	306	11	1173	2510	1665	2122	2.47e-43	177	YP_009182100.1 polyprotein [Vaccinivirus cadovaccinii]
TRINITY_DN2550_c0_g1_i3	YP_004347415.1	31.6	443	266	16	1281	2522	201	635	1.64e-40	163	YP_004347415.1 replicase [Sweet potato collusive virus]
TRINITY_DN2550_c0_g1_i3	NP_056848.1	28.6	416	276	11	1323	2510	223	637	6.15e-37	152	NP_056848.1 aspartic protease/reverse transcriptase [Cassava vein mosaic virus]
TRINITY_DN64570_c0_g1_i1	YP_010804803.1	67.6	102	33	0	2	307	340	441	1.91e-43	150	YP_010804803.1 ribonucleotide reductase large subunit, partial [Acanthamoeba castellanii medusavirus]
TRINITY_DN64570_c0_g1_i1	NP_258291.1	68.0	103	33	0	2	310	589	691	4.42e-42	149	NP_258291.1 RR1 [Spodoptera litura nucleopolyhedrovirus]
TRINITY_DN64570_c0_g1_i1	YP_294186.1	66.0	103	35	0	2	310	582	684	2.75e-41	146	YP_294186.1 ribonucleotide reductase [Emiliania huxleyi virus 86]
TRINITY_DN64570_c0_g1_i1	YP_009505829.1	67.0	103	34	0	2	310	633	735	4.48e-41	146	YP_009505829.1 RR1 [Spodoptera littoralis nucleopolyhedrovirus]
TRINITY_DN64570_c0_g1_i1	YP_009408251.1	72.0	100	27	1	8	307	578	676	5.43e-41	145	YP_009408251.1 ribonucleotide reductase [Murmansk poxvirus]
TRINITY_DN56353_c0_g1_i6	NP_127504.1	33.8	204	126	5	1241	639	1617	1814	1.28e-20	98.6	NP_127504.1 ORF I polyprotein [Petunia vein clearing virus]
TRINITY_DN56353_c0_g1_i6	YP_007761644.1	33.2	217	125	8	1280	678	603	815	9.13e-16	83.2	YP_007761644.1 reverse transcriptase [Rose yellow vein virus]
TRINITY_DN56353_c0_g1_i6	NP_861410.1	26.5	226	151	5	1301	669	416	641	3.09e-13	75.1	NP_861410.1 putative multifunctional pol protein [Cestrum yellow leaf curling virus]
TRINITY_DN56353_c0_g1_i6	YP_009254008.1	25.1	259	138	7	1286	672	417	673	2.12e-10	66.2	YP_009254008.1 putative aspartic protease [Water chestnut soymovirus 1]
TRINITY_DN56353_c0_g1_i6	YP_008992013.1	28.4	208	134	8	1277	678	1558	1758	2.85e-10	66.2	YP_008992013.1 polyprotein [Citrus endogenous pararetrovirus]
TRINITY_DN39641_c0_g1_i1	YP_009483690.1	28.8	475	275	16	309	1706	40	460	5.81e-41	164	YP_009483690.1 Carboxylic ester hydrolase [Pandoravirus quercus]
TRINITY_DN39641_c0_g1_i1	YP_009481512.1	28.2	486	264	17	309	1706	32	452	8.89e-40	160	YP_009481512.1 Carboxylic ester hydrolase [Pandoravirus macleodensis]
TRINITY_DN39641_c0_g1_i1	YP_009165167.1	29.9	334	185	12	297	1292	39	325	1.56e-27	122	YP_009165167.1 Carboxylesterase [Mollivirus sibericum]
TRINITY_DN40713_c0_g1_i3	NP_872543.1	37.1	62	38	1	1186	1371	194	254	2.27e-07	55.5	NP_872543.1 iap-3 [Adoxophyes orana granulovirus]
TRINITY_DN40710_c0_g1_i3	YP_009352567.1	30.9	417	225	14	994	2112	65	462	6.37e-37	149	YP_009352567.1 Peroxinectin [Kaumoebavirus]
TRINITY_DN3396_c6_g1_i3	YP_008357343.1	44.1	136	71	2	249	653	19	150	1.22e-27	113	YP_008357343.1 Putative dual specificity phosphatase 13 [Invertebrate iridescent virus 22]
TRINITY_DN3396_c6_g1_i3	YP_009010807.1	42.6	136	73	2	249	653	19	150	2.01e-26	109	YP_009010807.1 Putative dual specificity phosphatase 13 [Invertebrate iridescent virus 22]
TRINITY_DN3396_c6_g1_i3	YP_009010339.1	42.6	136	73	2	249	653	19	150	4.98e-26	108	YP_009010339.1 Putative dual specificity phosphatase 13 [Invertebrate iridescent virus 30]
TRINITY_DN3396_c6_g1_i3	YP_004732955.1	42.1	140	76	2	249	665	20	155	1.03e-25	107	YP_004732955.1 hypothetical protein WIV_gp172 [Wiseana iridescent virus]
TRINITY_DN3396_c6_g1_i3	YP_009010582.1	37.7	159	84	4	222	665	3	157	1.13e-23	102	YP_009010582.1 Dual specificity protein phosphatase 3 [Invertebrate iridovirus 25]
TRINITY_DN3371_c0_g1_i5	YP_009001498.1	33.2	217	124	6	535	1176	466	664	8.31e-24	112	YP_009001498.1 ABC transporter [Alphaentomopoxvirus acuprea]
TRINITY_DN3371_c1_g1_i6	YP_010780645.1	45.9	403	203	6	136	1320	171	566	9.18e-111	355	YP_010780645.1 catalase HPII [Tupanvirus deep ocean]
TRINITY_DN3371_c1_g1_i6	YP_010781946.1	45.2	416	213	6	136	1359	174	582	8.00e-109	350	YP_010781946.1 catalase [Tupanvirus soda lake]
TRINITY_DN25892_c0_g1_i3	YP_009255292.1	32.1	365	178	8	266	1219	5	346	1.10e-44	164	YP_009255292.1 ORF_35 [Catopsilia pomona nucleopolyhedrovirus]
TRINITY_DN46710_c0_g1_i2	YP_013610861.1	34.5	139	91	0	225	641	9	147	6.31e-22	94.0	YP_013610861.1 ubiquitin-conjugating enzyme E2 E1 [Yasminevirus sp. GU-2018]
TRINITY_DN46710_c0_g1_i2	YP_010803386.1	30.8	146	101	0	207	644	6	151	2.45e-21	93.6	YP_010803386.1 ubiquitin-conjugating enzyme E2 [Fadolivirus algeromassiliense]
TRINITY_DN46710_c0_g1_i2	YP_003969913.1	34.2	146	92	2	207	638	4	147	1.12e-18	85.1	YP_003969913.1 putative ubiquitin-conjugating enzyme E2 [Cafeteria roenbergensis virus BV-PW1]
TRINITY_DN4727_c1_g1_i2	YP_004061438.1	65.5	632	202	6	88	1950	4	630	2.93e-284	812	YP_004061438.1 hypothetical protein BpV1_008c [Bathycoccus sp. RCC1105 virus BpV1]
TRINITY_DN4727_c1_g1_i2	YP_007676312.1	65.3	622	214	2	88	1950	4	624	6.82e-273	783	YP_007676312.1 heat shock protein 70 [Micromonas pusilla virus 12T]
TRINITY_DN4727_c1_g1_i2	YP_009173627.1	65.6	610	206	3	70	1890	3	611	1.10e-272	785	YP_009173627.1 Hsp70 protein [Chrysochromulina ericina virus]
TRINITY_DN4727_c1_g1_i2	YP_010776364.1	61.8	639	230	5	73	1950	1	638	7.50e-268	771	YP_010776364.1 hypothetical protein QJ849_gp451 [Powai lake megavirus]
TRINITY_DN4727_c1_g1_i2	YP_003986897.1	61.9	630	230	4	88	1950	6	634	5.21e-267	768	YP_003986897.1 heat shock 70 kDa protein-like protein [Acanthamoeba polyphaga mimivirus]
TRINITY_DN4791_c9_g1_i4	YP_010789881.1	27.2	239	133	9	378	1028	15	234	3.24e-10	65.9	YP_010789881.1 serine/threonine protein kinase [Moumouvirus australiensis]
TRINITY_DN4791_c9_g1_i4	YP_009448801.1	28.3	219	127	9	357	1010	3	192	4.18e-09	62.8	YP_009448801.1 serine-threonine kinase [Orpheovirus IHUMI-LCC2]
TRINITY_DN4742_c0_g1_i5	YP_013610660.1	22.3	488	281	16	361	1590	75	542	4.15e-11	69.7	YP_013610660.1 AMP-binding enzyme [Yasminevirus sp. GU-2018]
TRINITY_DN4709_c3_g1_i1	YP_010778819.1	26.6	541	350	15	147	1679	41	564	8.78e-47	182	YP_010778819.1 dynamin-like protein [Bodo saltans virus]
TRINITY_DN4709_c3_g1_i1	YP_010803668.1	27.2	551	357	16	132	1694	26	562	8.74e-45	176	YP_010803668.1 dynamin GTPase [Fadolivirus algeromassiliense]
TRINITY_DN4709_c3_g1_i1	YP_010778181.1	27.6	391	232	17	198	1286	86	453	1.42e-25	117	YP_010778181.1 putative dynamin-1-like protein [Bodo saltans virus]
TRINITY_DN4709_c3_g1_i1	YP_010803032.1	26.8	310	194	10	213	1136	83	361	1.06e-19	98.6	YP_010803032.1 dynamin superfamily protein [Fadolivirus algeromassiliense]
TRINITY_DN4794_c0_g1_i1	YP_009448801.1	29.2	284	187	5	216	1061	2	273	4.86e-35	143	YP_009448801.1 serine-threonine kinase [Orpheovirus IHUMI-LCC2]
TRINITY_DN4794_c0_g1_i1	YP_009448511.1	30.7	300	166	11	222	1058	5	283	7.98e-30	129	YP_009448511.1 serine-threonine kinase [Orpheovirus IHUMI-LCC2]
TRINITY_DN4794_c0_g1_i1	YP_009448722.1	29.3	283	183	6	222	1061	4	272	2.84e-29	126	YP_009448722.1 serine-threonine kinase [Orpheovirus IHUMI-LCC2]
TRINITY_DN4794_c0_g1_i1	YP_009448713.1	29.1	289	178	8	216	1061	2	270	6.14e-28	121	YP_009448713.1 serine-threonine kinase [Orpheovirus IHUMI-LCC2]
TRINITY_DN4794_c0_g1_i1	YP_009448508.1	26.5	313	199	9	165	1058	1	297	1.84e-22	105	YP_009448508.1 serine-threonine kinase [Orpheovirus IHUMI-LCC2]
TRINITY_DN4717_c0_g1_i6	YP_025203.1	30.9	249	141	9	501	1229	30	253	4.71e-24	105	YP_025203.1 unknown [Neodiprion lecontei nucleopolyhedrovirus]
TRINITY_DN4717_c0_g1_i6	YP_667874.1	30.1	249	143	9	501	1229	30	253	2.93e-23	103	YP_667874.1 trypsin-like protein [Neodiprion abietis nucleopolyhedrovirus]
TRINITY_DN4717_c0_g1_i6	YP_002296247.1	27.3	253	138	10	597	1229	59	307	2.57e-15	82.0	YP_002296247.1 putative serine protease [Emiliania huxleyi virus 86]
TRINITY_DN4717_c0_g1_i6	YP_294119.1	27.3	253	138	10	597	1229	123	371	4.04e-15	82.0	YP_294119.1 putative serine protease [Emiliania huxleyi virus 86]
TRINITY_DN4717_c0_g1_i6	YP_009337442.1	27.4	223	111	9	591	1244	42	218	1.77e-13	74.3	YP_009337442.1 hypothetical protein [Hubei virga-like virus 23]
TRINITY_DN10189_c0_g1_i1	YP_010796966.1	50.4	115	56	1	377	36	296	410	3.48e-37	134	YP_010796966.1 PLA2X-adenain [Mayetiola barley midge adintovirus]
TRINITY_DN10159_c0_g1_i9	YP_803355.1	30.0	223	137	6	187	840	91	299	2.10e-22	102	YP_803355.1 hypothetical protein TNAV2c_gp132 [Trichoplusia ni ascovirus 2c]
TRINITY_DN10153_c0_g1_i12	YP_013022811.1	28.6	213	134	7	73	681	1302	1506	8.60e-20	95.9	YP_013022811.1 serine/Threonine-protein kinase with PBP type 2 domain [Cedratvirus kamchatka]
TRINITY_DN10153_c0_g1_i12	YP_009448911.1	28.1	260	141	9	211	882	39	288	1.20e-16	83.2	YP_009448911.1 Negative regulator of the PHO system [Orpheovirus IHUMI-LCC2]
TRINITY_DN10153_c0_g1_i12	YP_001427090.1	26.6	267	179	7	73	855	24	279	2.66e-16	82.0	YP_001427090.1 serine-threonine kinase [Acanthocystis turfacea chlorella virus 1]
TRINITY_DN10153_c0_g1_i12	YP_009325598.1	26.4	269	178	8	79	855	26	284	1.66e-13	73.9	YP_009325598.1 serine-threonine kinase [Only Syngen Nebraska virus 5]
TRINITY_DN10153_c0_g1_i12	NP_048597.1	25.2	270	183	9	76	855	44	304	1.30e-11	68.6	NP_048597.1 serine-threonine kinase [Paramecium bursaria Chlorella virus 1]
TRINITY_DN10153_c0_g1_i7	YP_013022811.1	28.6	213	134	7	73	681	1302	1506	7.52e-20	95.9	YP_013022811.1 serine/Threonine-protein kinase with PBP type 2 domain [Cedratvirus kamchatka]
TRINITY_DN10153_c0_g1_i7	YP_009448911.1	28.1	260	141	9	211	882	39	288	1.12e-16	83.2	YP_009448911.1 Negative regulator of the PHO system [Orpheovirus IHUMI-LCC2]
TRINITY_DN10153_c0_g1_i7	YP_001427090.1	26.6	267	179	7	73	855	24	279	2.49e-16	82.0	YP_001427090.1 serine-threonine kinase [Acanthocystis turfacea chlorella virus 1]
TRINITY_DN10153_c0_g1_i7	YP_009325598.1	26.4	269	178	8	79	855	26	284	1.57e-13	73.9	YP_009325598.1 serine-threonine kinase [Only Syngen Nebraska virus 5]
TRINITY_DN10153_c0_g1_i7	NP_048597.1	25.2	270	183	9	76	855	44	304	1.23e-11	68.6	NP_048597.1 serine-threonine kinase [Paramecium bursaria Chlorella virus 1]
TRINITY_DN10153_c0_g1_i8	YP_013022811.1	28.6	213	134	7	73	681	1302	1506	2.05e-19	95.9	YP_013022811.1 serine/Threonine-protein kinase with PBP type 2 domain [Cedratvirus kamchatka]
TRINITY_DN10153_c0_g1_i8	YP_009448911.1	28.1	260	141	9	211	882	39	288	1.81e-16	83.2	YP_009448911.1 Negative regulator of the PHO system [Orpheovirus IHUMI-LCC2]
TRINITY_DN10153_c0_g1_i8	YP_001427090.1	26.6	267	179	7	73	855	24	279	3.96e-16	82.0	YP_001427090.1 serine-threonine kinase [Acanthocystis turfacea chlorella virus 1]
TRINITY_DN10153_c0_g1_i8	YP_009325598.1	26.4	269	178	8	79	855	26	284	2.34e-13	73.9	YP_009325598.1 serine-threonine kinase [Only Syngen Nebraska virus 5]
TRINITY_DN10153_c0_g1_i8	NP_048597.1	25.2	270	183	9	76	855	44	304	1.81e-11	68.6	NP_048597.1 serine-threonine kinase [Paramecium bursaria Chlorella virus 1]
TRINITY_DN10121_c1_g1_i6	YP_010802958.1	47.9	146	75	1	247	684	7	151	3.20e-36	133	YP_010802958.1 pyruvate carboxyltransferase [Fadolivirus algeromassiliense]
TRINITY_DN6469_c0_g1_i6	YP_009481436.1	63.4	161	52	2	134	601	10	168	9.55e-60	195	YP_009481436.1 S-phase kinase-associated protein 1 [Pandoravirus macleodensis]
TRINITY_DN6469_c0_g1_i6	YP_009482443.1	64.4	160	51	2	134	601	69	226	1.53e-59	197	YP_009482443.1 S-phase kinase-associated protein 1 [Pandoravirus neocaledonia]
TRINITY_DN6469_c0_g1_i6	YP_008319792.1	61.7	167	51	2	134	601	5	169	8.50e-58	190	YP_008319792.1 S-phase kinase-associated protein 1 [Pandoravirus dulcis]
TRINITY_DN6469_c0_g1_i6	YP_009483693.1	61.0	164	54	2	134	601	5	166	1.53e-57	189	YP_009483693.1 S-phase kinase-associated protein 1 [Pandoravirus quercus]
TRINITY_DN6469_c0_g1_i6	YP_008438509.1	61.0	164	54	2	134	601	5	166	4.27e-57	188	YP_008438509.1 S-phase kinase-associated protein 1 [Pandoravirus salinus]
TRINITY_DN6408_c0_g1_i11	YP_009666308.1	27.7	981	626	18	2862	82	84	1035	1.04e-101	355	YP_009666308.1 Reverse Transcriptase, partial [Cladosporium fulvum T-1 virus]
TRINITY_DN6408_c0_g1_i11	NP_127504.1	30.9	417	275	8	2241	1018	1395	1807	2.65e-48	194	NP_127504.1 ORF I polyprotein [Petunia vein clearing virus]
TRINITY_DN6408_c0_g1_i11	YP_003208050.1	28.8	451	283	10	2286	1024	1380	1822	1.10e-44	182	YP_003208050.1 putative polyprotein [Pelargonium vein banding virus]
TRINITY_DN6408_c0_g1_i11	YP_009666830.1	26.8	641	393	21	2781	1024	1102	1721	3.12e-44	180	YP_009666830.1 ORF3 polyprotein [Cacao swollen shoot Ghana Q virus]
TRINITY_DN6408_c0_g1_i11	NP_149413.1	29.4	462	284	13	2286	997	1264	1715	9.42e-44	179	NP_149413.1 polyprotein [Sugarcane bacilliform IM virus]
TRINITY_DN6408_c0_g1_i2	YP_009666126.1	28.8	285	192	7	912	67	759	1035	4.62e-23	105	YP_009666126.1 pol protein [Guenon simian foamy virus]
TRINITY_DN6408_c0_g1_i2	YP_001956722.2	28.4	285	193	7	912	67	759	1035	2.01e-22	103	YP_001956722.2 Pol precursor [African green monkey simian foamy virus]
TRINITY_DN6408_c0_g1_i2	YP_009513242.1	27.9	294	195	6	924	67	751	1035	4.86e-22	102	YP_009513242.1 pol [Rhesus macaque simian foamy virus]
TRINITY_DN6408_c0_g1_i2	YP_009508561.1	29.7	273	181	7	912	103	756	1020	1.57e-21	100	YP_009508561.1 pol [Spider monkey simian foamy virus]
TRINITY_DN6408_c0_g1_i2	YP_009508556.1	27.6	294	196	6	924	67	751	1035	1.57e-21	100	YP_009508556.1 pol protein [Japanese macaque simian foamy virus]
TRINITY_DN6408_c0_g1_i4	YP_009508556.1	30.1	146	99	2	444	7	825	967	3.24e-15	74.7	YP_009508556.1 pol protein [Japanese macaque simian foamy virus]
TRINITY_DN6408_c0_g1_i4	YP_009513242.1	30.1	146	99	2	444	7	825	967	3.24e-15	74.7	YP_009513242.1 pol [Rhesus macaque simian foamy virus]
TRINITY_DN6408_c0_g1_i4	YP_001956722.2	30.1	146	99	2	444	7	825	967	6.01e-15	73.9	YP_001956722.2 Pol precursor [African green monkey simian foamy virus]
TRINITY_DN6408_c0_g1_i4	YP_010790456.1	30.1	146	99	2	444	7	825	967	6.02e-15	73.9	YP_010790456.1 pol protein [Simiispumavirus macfas]
TRINITY_DN6408_c0_g1_i4	YP_009508582.1	30.1	146	99	2	444	7	825	967	6.02e-15	73.9	YP_009508582.1 pol protein [Yellow-breasted capuchin simian foamy virus]
TRINITY_DN6408_c0_g1_i7	YP_001956722.2	28.1	196	133	4	598	11	780	967	3.24e-17	82.4	YP_001956722.2 Pol precursor [African green monkey simian foamy virus]
TRINITY_DN6408_c0_g1_i7	YP_009666126.1	28.6	196	132	5	598	11	780	967	4.40e-17	82.0	YP_009666126.1 pol protein [Guenon simian foamy virus]
TRINITY_DN6408_c0_g1_i7	YP_009508888.1	29.5	176	118	3	529	11	795	967	8.11e-17	81.3	YP_009508888.1 polymerase [Simian foamy virus Pongo pygmaeus pygmaeus]
TRINITY_DN6408_c0_g1_i7	YP_009508582.1	27.5	178	123	3	544	11	796	967	2.76e-16	79.7	YP_009508582.1 pol protein [Yellow-breasted capuchin simian foamy virus]
TRINITY_DN6408_c0_g1_i7	YP_009508571.1	29.0	176	119	3	529	11	797	969	5.08e-16	79.0	YP_009508571.1 pol protein [Western lowland gorilla simian foamy virus]
TRINITY_DN6408_c2_g1_i1	YP_010088024.1	34.3	99	53	3	261	1	1544	1642	9.18e-10	59.3	YP_010088024.1 polyprotein [Ivy ringspot-associated virus]
TRINITY_DN6408_c2_g1_i1	YP_009259698.1	37.9	95	47	3	249	1	1133	1227	3.09e-09	57.8	YP_009259698.1 polyprotein [Canna yellow mottle associated virus]
TRINITY_DN6408_c2_g1_i1	NP_149413.1	33.7	101	55	3	267	1	1264	1364	7.80e-09	56.6	NP_149413.1 polyprotein [Sugarcane bacilliform IM virus]
TRINITY_DN6408_c2_g1_i1	YP_009506264.1	37.4	99	50	3	261	1	1247	1345	1.95e-08	55.5	YP_009506264.1 polyprotein [Canna yellow mottle virus]
TRINITY_DN6408_c2_g1_i1	YP_003284237.1	35.4	99	52	3	261	1	1209	1307	3.60e-08	54.7	YP_003284237.1 ORF3 protein [Sugarcane bacilliform Guadeloupe D virus]
TRINITY_DN6420_c0_g1_i2	YP_010803955.1	28.2	287	165	9	106	954	3	252	2.67e-21	97.8	YP_010803955.1 aldo/keto reductase [Fadolivirus algeromassiliense]
TRINITY_DN70437_c0_g1_i1	YP_009408106.1	25.7	342	226	6	534	1550	6	322	7.85e-27	120	YP_009408106.1 BTB kelch-domain protein [Eptesipox virus]
TRINITY_DN70437_c0_g1_i1	NP_073525.1	28.0	321	212	3	546	1508	10	311	2.47e-26	119	NP_073525.1 140R protein [Yaba-like disease virus]
TRINITY_DN70437_c0_g1_i1	NP_051854.1	27.4	340	223	6	534	1550	5	321	2.61e-22	106	NP_051854.1 m140R [Myxoma virus]
TRINITY_DN70437_c0_g1_i1	YP_004821511.1	23.7	372	248	9	534	1553	6	373	7.16e-18	92.8	YP_004821511.1 BTB kelch domain protein [Yokapox virus]
TRINITY_DN70437_c0_g1_i1	NP_051721.1	24.2	356	213	11	582	1547	14	346	3.50e-15	84.0	NP_051721.1 m8 [Myxoma virus]
TRINITY_DN52554_c0_g2_i2	YP_010796969.1	31.2	157	105	3	36	506	81	234	6.02e-26	104	YP_010796969.1 hexon [Mayetiola barley midge adintovirus]
TRINITY_DN31713_c0_g1_i15	NP_203208.1	24.8	475	319	11	589	1953	22	478	5.63e-37	150	NP_203208.1 GTA [Epiphyas postvittana nucleopolyhedrovirus]
TRINITY_DN31713_c0_g1_i15	YP_473296.1	26.5	486	316	13	616	2025	29	489	9.26e-37	149	YP_473296.1 Global transactivator [Hyphantria cunea nucleopolyhedrovirus]
TRINITY_DN31713_c0_g1_i15	YP_008992197.1	26.8	489	313	14	616	2025	29	491	2.33e-36	148	YP_008992197.1 gta [Choristoneura murinana nucleopolyhedrovirus]
TRINITY_DN31713_c0_g1_i15	YP_009118582.1	26.1	498	328	13	583	2025	17	491	3.13e-36	147	YP_009118582.1 global transactivator-like protein [Condylorrhiza vestigialis mutiple nucleopolyhedrovirus]
TRINITY_DN31713_c0_g1_i15	YP_008378458.1	25.7	483	328	13	616	2025	29	493	3.45e-35	144	YP_008378458.1 GTA [Choristoneura rosaceana nucleopolyhedrovirus]
TRINITY_DN96649_c0_g1_i3	YP_010788717.1	29.9	224	133	5	246	860	15	233	2.32e-20	98.2	YP_010788717.1 serine/threonine-protein kinase [Megavirus baoshan]
TRINITY_DN96649_c0_g1_i3	YP_010776489.1	29.9	224	133	6	246	860	15	233	1.59e-19	95.5	YP_010776489.1 putative serine/threonine protein kinase [Powai lake megavirus]
TRINITY_DN96649_c0_g1_i3	YP_004894687.1	29.9	224	133	6	246	860	18	236	1.69e-19	95.5	YP_004894687.1 serine-threonine kinase [Megavirus chiliensis]
TRINITY_DN96649_c0_g1_i3	YP_007354522.1	28.9	225	135	5	246	860	15	234	5.15e-19	94.0	YP_007354522.1 serine-threonine kinase [Acanthamoeba polyphaga moumouvirus]
TRINITY_DN96649_c0_g1_i3	YP_010789881.1	28.5	239	142	6	204	860	5	234	3.87e-18	91.3	YP_010789881.1 serine/threonine protein kinase [Moumouvirus australiensis]
TRINITY_DN51348_c0_g1_i2	YP_184882.1	56.4	55	24	0	412	248	3	57	1.78e-14	71.2	YP_184882.1 hypothetical protein CcBV_31.2 [Bracoviriform congregatae]
TRINITY_DN51348_c0_g1_i2	YP_010796970.1	58.0	50	21	0	397	248	6	55	7.20e-12	65.1	YP_010796970.1 integrase [Mayetiola barley midge adintovirus]
TRINITY_DN51357_c0_g1_i1	YP_009218156.1	76.8	112	26	0	3	338	56	167	3.39e-53	172	YP_009218156.1 UvsX-like recombinase [Bacillus phage phi4J1]
TRINITY_DN51357_c0_g1_i1	YP_010013577.1	68.8	112	35	0	3	338	51	162	1.57e-47	157	YP_010013577.1 UvsX-like recombinase [Mycobacterium phage Kumao]
TRINITY_DN51357_c0_g1_i1	YP_009608047.1	68.8	112	35	0	3	338	43	154	1.44e-46	154	YP_009608047.1 UvsX-like recombinase [Mycobacterium phage SirDuracell]
TRINITY_DN51357_c0_g1_i1	YP_008409510.1	68.8	112	35	0	3	338	43	154	1.44e-46	154	YP_008409510.1 UvsX-like recombinase [Mycobacterium phage DrDrey]
TRINITY_DN51357_c0_g1_i1	YP_009591277.1	68.8	112	35	0	3	338	43	154	1.44e-46	154	YP_009591277.1 UvsX-like recombinase [Mycobacterium phage Bask21]
TRINITY_DN40822_c0_g1_i1	YP_009612341.1	55.8	129	55	1	3	383	70	198	5.64e-43	142	YP_009612341.1 head maturation protease [Agrobacterium phage Atu_ph07]
TRINITY_DN40822_c0_g1_i1	YP_009015560.1	42.3	130	72	1	3	383	66	195	3.77e-29	107	YP_009015560.1 head maturation protease [Bacillus phage G]
TRINITY_DN40822_c0_g1_i1	YP_010679002.1	40.1	137	70	2	3	377	80	216	1.46e-27	103	YP_010679002.1 head maturation protease [Pseudomonas phage vB_PaeM_PA5oct]
TRINITY_DN40822_c0_g1_i1	YP_010772292.1	32.6	132	79	6	3	374	65	194	2.99e-10	58.2	YP_010772292.1 MAG: ATP-dependent Clp protease proteolytic subunit [Methanophagales virus GBV302]
TRINITY_DN40822_c0_g1_i1	YP_010772094.1	29.5	132	83	5	3	374	61	190	2.08e-07	50.4	YP_010772094.1 MAG: ATP-dependent Clp protease proteolytic subunit [Methanophagales virus GBV301]
TRINITY_DN40835_c1_g1_i2	YP_007354613.1	28.7	463	276	11	542	1798	20	472	1.14e-48	181	YP_007354613.1 asparaginyl t-RNA synthetase [Acanthamoeba polyphaga moumouvirus]
TRINITY_DN40835_c1_g1_i2	YP_010780494.1	30.6	454	276	13	533	1804	53	497	3.39e-48	180	YP_010780494.1 aspartyl-tRNA synthetase [Tupanvirus deep ocean]
TRINITY_DN40835_c1_g1_i2	YP_010779309.1	28.9	463	275	11	542	1798	27	479	6.41e-48	179	YP_010779309.1 t-RNA synthetase [Moumouvirus goulette]
TRINITY_DN40835_c1_g1_i2	YP_004894794.1	28.2	465	278	13	542	1801	18	471	4.04e-45	171	YP_004894794.1 asparaginyl-tRNA synthetase [Megavirus chiliensis]
TRINITY_DN40835_c1_g1_i2	YP_010789969.1	26.8	463	285	11	542	1798	18	470	1.94e-44	169	YP_010789969.1 asparaginyl-tRNA synthetase [Moumouvirus australiensis]
TRINITY_DN40806_c0_g2_i1	NP_659397.1	30.5	407	272	5	3289	4479	258	663	1.68e-50	195	NP_659397.1 hypothetical protein [Mirabilis mosaic virus]
TRINITY_DN40806_c0_g2_i1	YP_004347415.1	31.0	468	291	13	3193	4509	177	641	4.45e-44	175	YP_004347415.1 replicase [Sweet potato collusive virus]
TRINITY_DN40806_c0_g2_i1	NP_127504.1	29.2	407	272	8	3289	4479	1404	1804	3.41e-37	158	NP_127504.1 ORF I polyprotein [Petunia vein clearing virus]
TRINITY_DN40806_c0_g2_i1	YP_009506267.1	28.5	421	277	8	3292	4488	1439	1857	2.07e-34	149	YP_009506267.1 ORF3 protein [Dioscorea bacilliform AL virus]
TRINITY_DN40806_c0_g2_i1	YP_006732334.1	28.3	307	214	3	3289	4194	280	585	3.88e-32	138	YP_006732334.1 polyprotein [Dahlia mosaic virus]
TRINITY_DN316_c0_g1_i8	YP_010782365.1	29.6	115	78	2	1230	1574	161	272	4.45e-06	52.8	YP_010782365.1 cytochrome P450 CYP736A12-like protein [Tupanvirus soda lake]
TRINITY_DN360_c4_g1_i3	YP_010803725.1	46.2	1004	511	9	287	3289	2	979	8.00e-307	899	YP_010803725.1 ubiquitin activating enzyme [Fadolivirus algeromassiliense]
TRINITY_DN360_c4_g1_i3	YP_013611381.1	36.8	991	530	24	293	3049	25	991	7.49e-174	555	YP_013611381.1 ubiquitin-activating enzyme E1 [Yasminevirus sp. GU-2018]
TRINITY_DN360_c4_g1_i3	YP_003970068.1	30.3	809	450	24	737	3127	123	829	2.51e-92	323	YP_003970068.1 putative ubiquitin-activating enzyme E1 [Cafeteria roenbergensis virus BV-PW1]
TRINITY_DN342_c1_g1_i4	YP_010782446.1	29.6	463	282	15	558	1844	78	530	3.24e-39	159	YP_010782446.1 putative acyl-CoA oxidase [Tupanvirus soda lake]
TRINITY_DN342_c1_g1_i4	YP_010781061.1	27.7	476	286	12	558	1844	77	541	1.38e-36	151	YP_010781061.1 putative acyl-CoA oxidase [Tupanvirus deep ocean]
TRINITY_DN318_c1_g1_i6	YP_009666308.1	27.9	566	366	12	3034	1373	486	1021	9.63e-57	218	YP_009666308.1 Reverse Transcriptase, partial [Cladosporium fulvum T-1 virus]
TRINITY_DN318_c1_g1_i6	NP_043933.1	31.0	261	175	2	3046	2279	442	702	2.11e-31	136	NP_043933.1 hypothetical protein [Strawberry vein banding virus]
TRINITY_DN318_c1_g1_i6	NP_127504.1	26.5	260	184	5	3046	2279	1548	1804	3.45e-20	101	NP_127504.1 ORF I polyprotein [Petunia vein clearing virus]
TRINITY_DN318_c1_g1_i6	NP_955579.1	28.4	232	160	3	3031	2348	234	463	2.90e-13	78.2	NP_955579.1 reverse transcriptase [Feline leukemia virus]
TRINITY_DN318_c1_g1_i6	NP_955577.1	28.4	232	160	3	3031	2348	359	588	4.15e-13	78.2	NP_955577.1 pol gene polyprotein [Feline leukemia virus]
TRINITY_DN373_c30_g1_i2	YP_009666148.1	59.8	373	148	2	257	1372	8	379	2.86e-154	458	YP_009666148.1 hypothetical protein FLA14_p101 [Diachasmimorpha longicaudata entomopoxvirus]
TRINITY_DN373_c30_g1_i2	YP_010796805.1	59.8	373	148	2	257	1372	8	379	2.86e-154	458	YP_010796805.1 putative RNA helicase [Diachasmimorpha longicaudata entomopoxvirus]
TRINITY_DN373_c30_g1_i2	YP_010803108.1	49.3	379	191	1	239	1372	15	393	1.32e-124	382	YP_010803108.1 ATP-dependent RNA helicase DEAD-box [Fadolivirus algeromassiliense]
TRINITY_DN373_c30_g1_i2	YP_009173589.1	48.5	379	191	3	227	1351	13	391	1.09e-116	362	YP_009173589.1 Helicase 45 [Chrysochromulina ericina virus]
TRINITY_DN373_c30_g1_i2	YP_003970003.1	39.8	377	223	2	251	1372	8	383	4.55e-96	308	YP_003970003.1 putative superfamily II helicase/eIF-4AIII [Cafeteria roenbergensis virus BV-PW1]
TRINITY_DN373_c30_g1_i6	YP_009666148.1	59.8	373	148	2	257	1372	8	379	1.77e-157	458	YP_009666148.1 hypothetical protein FLA14_p101 [Diachasmimorpha longicaudata entomopoxvirus]
TRINITY_DN373_c30_g1_i6	YP_010796805.1	59.8	373	148	2	257	1372	8	379	1.77e-157	458	YP_010796805.1 putative RNA helicase [Diachasmimorpha longicaudata entomopoxvirus]
TRINITY_DN373_c30_g1_i6	YP_010803108.1	49.3	379	191	1	239	1372	15	393	1.54e-127	382	YP_010803108.1 ATP-dependent RNA helicase DEAD-box [Fadolivirus algeromassiliense]
TRINITY_DN373_c30_g1_i6	YP_009173589.1	48.5	379	191	3	227	1351	13	391	1.57e-119	362	YP_009173589.1 Helicase 45 [Chrysochromulina ericina virus]
TRINITY_DN373_c30_g1_i6	YP_003970003.1	39.8	377	223	2	251	1372	8	383	1.34e-98	308	YP_003970003.1 putative superfamily II helicase/eIF-4AIII [Cafeteria roenbergensis virus BV-PW1]
TRINITY_DN323_c13_g1_i3	YP_011561059.1	33.3	162	93	4	1090	1575	17	163	7.56e-14	75.5	YP_011561059.1 ATP-dependent RecD-like DNA helicase [Escherichia phage vB_EcoM-ECP26]
TRINITY_DN323_c13_g1_i3	YP_007006388.1	33.3	162	93	4	1090	1575	17	163	6.20e-13	75.5	YP_007006388.1 helicase [Escherichia phage FV3]
TRINITY_DN323_c13_g1_i3	YP_011561451.1	33.3	162	93	4	1090	1575	17	163	6.20e-13	75.5	YP_011561451.1 ATP-dependent RecD-like DNA helicase [Escherichia phage vB_EcoM-ECP32]
TRINITY_DN323_c13_g1_i3	YP_013420525.1	33.3	162	93	4	1090	1575	17	163	6.20e-13	75.5	YP_013420525.1 helicase [Escherichia phage vB_EcoM_SYGMH1]
TRINITY_DN323_c13_g1_i3	YP_012789547.1	33.3	162	93	4	1090	1575	17	163	6.20e-13	75.5	YP_012789547.1 AAA family ATPase [Escherichia phage YP-6]
TRINITY_DN323_c13_g1_i4	YP_009591141.1	61.4	44	17	0	312	443	219	262	5.28e-10	62.0	YP_009591141.1 helicase [Flavobacterium phage FCV-1]
TRINITY_DN323_c13_g1_i4	YP_009855816.1	54.3	46	21	0	306	443	342	387	3.31e-08	57.4	YP_009855816.1 helicase [Alteromonas phage vB_AmeM_PT11-V22]
TRINITY_DN375_c1_g1_i6	YP_239400.1	30.8	273	161	11	345	1118	23	282	9.30e-28	118	YP_239400.1 PTP 2 [Bracoviriform demolitoris]
TRINITY_DN375_c1_g1_i6	YP_010802902.1	29.7	246	156	6	426	1148	165	398	8.00e-27	117	YP_010802902.1 protein-tyrosine phosphatase [Fadolivirus algeromassiliense]
TRINITY_DN375_c1_g1_i6	YP_001029379.1	30.7	257	154	7	423	1151	63	309	2.26e-24	108	YP_001029379.1 GfV-B42-ORF1 [Ichnoviriform fumiferanae]
TRINITY_DN375_c1_g1_i6	YP_009665918.1	26.0	235	151	8	1401	2072	76	298	4.24e-14	77.8	YP_009665918.1 PTP3 [Bracoviriform indiense]
TRINITY_DN375_c1_g1_i6	YP_009665908.1	25.5	208	144	4	531	1133	71	274	3.23e-13	75.1	YP_009665908.1 protein tyrosine phosphatase [Bracoviriform facetosae]
TRINITY_DN382_c2_g2_i2	YP_073712.1	40.8	740	377	12	65	2269	4	687	2.23e-176	535	YP_073712.1 cell division protein 48 [lymphocystis disease virus-China]
TRINITY_DN382_c2_g2_i2	YP_009342207.1	41.0	736	378	12	65	2269	4	684	3.23e-171	521	YP_009342207.1 AAA+ ATPase predicted domain [Lymphocystis disease virus Sa]
TRINITY_DN382_c2_g2_i2	YP_009163787.1	42.3	716	337	17	77	2206	8	653	9.61e-170	516	YP_009163787.1 ORF_026R [Scale drop disease virus]
TRINITY_DN382_c2_g2_i2	YP_010088007.1	40.1	735	386	12	65	2269	4	684	7.67e-169	515	YP_010088007.1 hypothetical protein KM759_gp134 [Lymphocystis disease virus 4]
TRINITY_DN382_c2_g2_i2	YP_010778137.1	36.7	684	390	15	68	2077	3	657	2.96e-131	417	YP_010778137.1 Vesicular-fusion ATPase [Bodo saltans virus]
TRINITY_DN317_c0_g1_i5	YP_009448636.1	31.3	182	119	3	1041	1586	264	439	2.99e-20	97.8	YP_009448636.1 Cytochrome P450-like protein E-class [Orpheovirus IHUMI-LCC2]
TRINITY_DN317_c0_g1_i5	YP_010788704.1	24.9	193	136	5	1026	1592	247	434	9.74e-12	71.2	YP_010788704.1 cytochrome p450-like protein [Megavirus baoshan]
TRINITY_DN317_c0_g1_i5	YP_010841939.1	25.1	191	137	4	1026	1592	250	436	5.72e-08	59.3	YP_010841939.1 cytochrome 450-like protein [Cotonvirus japonicus]
TRINITY_DN336_c2_g1_i17	YP_009448911.1	33.8	198	119	4	987	1562	24	215	8.34e-27	113	YP_009448911.1 Negative regulator of the PHO system [Orpheovirus IHUMI-LCC2]
TRINITY_DN336_c2_g1_i17	YP_009176949.1	30.7	215	141	4	891	1535	15	221	1.52e-23	104	YP_009176949.1 serine/threonine protein kinase US3B [Testudinid alphaherpesvirus 3]
TRINITY_DN336_c2_g1_i17	YP_010780370.1	30.8	227	150	4	891	1568	267	487	4.33e-23	106	YP_010780370.1 hypothetical protein QJ856_gp0995 [Tupanvirus deep ocean]
TRINITY_DN336_c2_g1_i17	YP_009448289.1	30.6	216	138	5	891	1538	10	213	1.29e-21	102	YP_009448289.1 serine-threonine kinase [Orpheovirus IHUMI-LCC2]
TRINITY_DN336_c2_g1_i17	YP_007354705.1	31.1	222	142	7	891	1550	260	472	2.28e-21	101	YP_007354705.1 cyclin-domain fused to serine-threonine kinase [Acanthamoeba polyphaga moumouvirus]
TRINITY_DN8171_c2_g1_i10	YP_009640097.1	50.2	291	140	3	1015	1875	1	290	9.78e-94	307	YP_009640097.1 hypothetical protein AV955_gp109 [Diadromus pulchellus ascovirus 4a]
TRINITY_DN8171_c2_g1_i7	YP_009640097.1	46.0	213	111	2	308	934	1	213	9.23e-67	214	YP_009640097.1 hypothetical protein AV955_gp109 [Diadromus pulchellus ascovirus 4a]
TRINITY_DN8105_c0_g1_i3	YP_009666308.1	26.1	954	615	26	3494	774	111	1021	4.63e-75	276	YP_009666308.1 Reverse Transcriptase, partial [Cladosporium fulvum T-1 virus]
TRINITY_DN8105_c0_g1_i3	NP_043933.1	30.3	412	278	3	2888	1680	291	702	1.11e-53	205	NP_043933.1 hypothetical protein [Strawberry vein banding virus]
TRINITY_DN8105_c0_g1_i3	NP_056728.1	29.1	502	331	14	3125	1680	176	672	1.92e-51	197	NP_056728.1 reverse transcriptase [Cauliflower mosaic virus]
TRINITY_DN8105_c0_g1_i3	YP_002519387.1	29.0	411	278	8	2879	1680	287	694	2.15e-49	192	YP_002519387.1 putative enzymatic polyprotein [Rudbeckia flower distortion virus]
TRINITY_DN8105_c0_g1_i3	YP_001931961.1	28.6	406	279	5	2870	1680	283	686	5.18e-47	184	YP_001931961.1 replicase [Lamium leaf distortion virus]
TRINITY_DN8106_c0_g1_i2	YP_004347415.1	31.2	308	191	10	45	920	148	450	1.52e-31	127	YP_004347415.1 replicase [Sweet potato collusive virus]
TRINITY_DN8106_c0_g1_i2	NP_861410.1	30.8	250	160	8	195	914	204	450	3.97e-27	114	NP_861410.1 putative multifunctional pol protein [Cestrum yellow leaf curling virus]
TRINITY_DN8106_c0_g1_i2	YP_010790456.1	31.5	241	161	4	201	920	166	403	2.68e-25	109	YP_010790456.1 pol protein [Simiispumavirus macfas]
TRINITY_DN8106_c0_g1_i2	YP_009513242.1	31.1	241	162	3	201	920	166	403	3.63e-25	108	YP_009513242.1 pol [Rhesus macaque simian foamy virus]
TRINITY_DN8106_c0_g1_i2	YP_001956722.2	29.9	244	161	3	201	920	166	403	2.22e-24	106	YP_001956722.2 Pol precursor [African green monkey simian foamy virus]
TRINITY_DN8106_c0_g2_i1	YP_004347415.1	37.8	98	60	1	317	27	353	450	1.56e-13	68.6	YP_004347415.1 replicase [Sweet potato collusive virus]
TRINITY_DN8106_c0_g2_i1	YP_010085997.1	36.7	90	55	1	302	39	1	90	1.74e-13	66.2	YP_010085997.1 polyprotein, partial [Schefflera ringspot virus]
TRINITY_DN8106_c0_g2_i1	YP_010790456.1	35.8	106	67	1	326	9	305	409	3.04e-13	67.8	YP_010790456.1 pol protein [Simiispumavirus macfas]
TRINITY_DN8106_c0_g2_i1	YP_010088024.1	35.5	93	58	1	311	39	1708	1800	3.13e-13	67.8	YP_010088024.1 polyprotein [Ivy ringspot-associated virus]
TRINITY_DN8106_c0_g2_i1	YP_009513242.1	35.3	102	66	0	314	9	308	409	5.66e-13	67.0	YP_009513242.1 pol [Rhesus macaque simian foamy virus]
TRINITY_DN136_c10_g1_i2	YP_628286.1	64.2	441	147	5	516	1820	86	521	1.28e-191	566	YP_628286.1 protein-tyrosine kinase [Y73 sarcoma virus]
TRINITY_DN136_c10_g1_i2	NP_955616.1	62.3	446	157	5	516	1835	85	525	1.54e-186	550	NP_955616.1 pp60 SRC [Rous sarcoma virus]
TRINITY_DN136_c10_g1_i2	NP_056888.1	62.3	446	157	5	516	1835	86	526	1.59e-186	550	NP_056888.1 p60 src [Rous sarcoma virus]
TRINITY_DN136_c10_g1_i2	NP_955595.1	46.6	386	201	4	666	1817	1	383	1.45e-109	358	NP_955595.1 ABL [Abelson murine leukemia virus]
TRINITY_DN136_c10_g1_i2	NP_057866.1	46.6	386	201	4	666	1817	236	618	2.74e-107	358	NP_057866.1 p120 Gag-Abl polyprotein [Abelson murine leukemia virus]
TRINITY_DN150_c0_g1_i3	YP_013611524.1	58.4	377	150	4	132	1247	2	376	1.56e-160	466	YP_013611524.1 actin-like [Yasminevirus sp. GU-2018]
TRINITY_DN150_c0_g1_i8	YP_013611524.1	58.6	377	149	4	130	1245	2	376	9.06e-159	466	YP_013611524.1 actin-like [Yasminevirus sp. GU-2018]
TRINITY_DN150_c0_g2_i1	YP_013611524.1	58.6	372	147	4	115	1215	7	376	9.21e-160	462	YP_013611524.1 actin-like [Yasminevirus sp. GU-2018]
TRINITY_DN181_c0_g1_i2	YP_010780597.1	80.9	68	13	0	1151	1354	1	68	9.64e-29	117	YP_010780597.1 putative heat shock 70 kDa protein [Tupanvirus deep ocean]
TRINITY_DN181_c0_g1_i2	YP_010781892.1	79.4	68	14	0	1151	1354	1	68	1.13e-27	114	YP_010781892.1 putative heat shock 70 kDa protein [Tupanvirus soda lake]
TRINITY_DN181_c0_g1_i2	YP_010788858.1	76.5	68	16	0	1151	1354	1	68	4.68e-27	113	YP_010788858.1 heat shock 70 kDa protein-like protein [Megavirus baoshan]
TRINITY_DN181_c0_g1_i2	YP_013611657.1	83.9	62	10	0	1166	1351	7	68	6.36e-27	112	YP_013611657.1 heat shock-like protein [Yasminevirus sp. GU-2018]
TRINITY_DN181_c0_g1_i2	YP_010779557.1	82.5	63	11	0	1166	1354	5	67	9.03e-27	112	YP_010779557.1 hypothetical protein QJ854_gp460 [Moumouvirus goulette]
TRINITY_DN181_c0_g1_i4	YP_010780597.1	80.9	68	13	0	1151	1354	1	68	8.29e-29	117	YP_010780597.1 putative heat shock 70 kDa protein [Tupanvirus deep ocean]
TRINITY_DN181_c0_g1_i4	YP_010781892.1	79.4	68	14	0	1151	1354	1	68	9.75e-28	114	YP_010781892.1 putative heat shock 70 kDa protein [Tupanvirus soda lake]
TRINITY_DN181_c0_g1_i4	YP_010788858.1	76.5	68	16	0	1151	1354	1	68	4.02e-27	113	YP_010788858.1 heat shock 70 kDa protein-like protein [Megavirus baoshan]
TRINITY_DN181_c0_g1_i4	YP_013611657.1	83.9	62	10	0	1166	1351	7	68	5.47e-27	112	YP_013611657.1 heat shock-like protein [Yasminevirus sp. GU-2018]
TRINITY_DN181_c0_g1_i4	YP_010779557.1	82.5	63	11	0	1166	1354	5	67	7.77e-27	112	YP_010779557.1 hypothetical protein QJ854_gp460 [Moumouvirus goulette]
TRINITY_DN181_c0_g2_i2	YP_009173627.1	70.8	607	176	1	138	1955	6	612	1.11e-302	849	YP_009173627.1 Hsp70 protein [Chrysochromulina ericina virus]
TRINITY_DN181_c0_g2_i2	YP_004061438.1	68.8	647	180	4	147	2081	4	630	3.40e-302	846	YP_004061438.1 hypothetical protein BpV1_008c [Bathycoccus sp. RCC1105 virus BpV1]
TRINITY_DN181_c0_g2_i2	YP_007676312.1	69.2	607	176	3	147	1964	4	600	6.51e-286	804	YP_007676312.1 heat shock protein 70 [Micromonas pusilla virus 12T]
TRINITY_DN181_c0_g2_i2	YP_004894551.1	64.3	611	218	0	132	1964	1	611	1.08e-280	791	YP_004894551.1 heat shock 70 kDa protein-like protein [Megavirus chiliensis]
TRINITY_DN181_c0_g2_i2	YP_010777306.1	64.6	611	216	0	132	1964	1	611	1.33e-280	791	YP_010777306.1 HSP70 [Acanthamoeba polyphaga mimivirus]
TRINITY_DN181_c0_g2_i3	YP_010779557.1	85.7	70	10	0	118	327	117	186	1.23e-33	120	YP_010779557.1 hypothetical protein QJ854_gp460 [Moumouvirus goulette]
TRINITY_DN181_c0_g2_i3	YP_007354398.1	75.6	82	19	1	118	363	117	197	4.07e-33	119	YP_007354398.1 HSP70-like protein [Acanthamoeba polyphaga moumouvirus]
TRINITY_DN181_c0_g2_i3	YP_010780597.1	75.6	82	19	1	118	363	118	198	7.51e-33	118	YP_010780597.1 putative heat shock 70 kDa protein [Tupanvirus deep ocean]
TRINITY_DN181_c0_g2_i3	YP_010781892.1	75.6	82	19	1	118	363	118	198	7.51e-33	118	YP_010781892.1 putative heat shock 70 kDa protein [Tupanvirus soda lake]
TRINITY_DN181_c0_g2_i3	YP_010788858.1	74.4	82	20	1	118	363	118	198	5.05e-32	116	YP_010788858.1 heat shock 70 kDa protein-like protein [Megavirus baoshan]
TRINITY_DN160_c0_g2_i7	NP_048401.1	31.9	260	153	5	666	1400	104	354	1.82e-28	122	NP_048401.1 hypothetical protein PBCV1_A053R [Paramecium bursaria Chlorella virus 1]
TRINITY_DN160_c0_g2_i7	YP_009325533.1	30.6	291	178	5	573	1400	73	354	2.41e-28	121	YP_009325533.1 D-lactate dehydrogenase [Only Syngen Nebraska virus 5]
TRINITY_DN120_c0_g1_i1	YP_013022811.1	27.2	301	210	6	686	1582	769	1062	3.36e-23	109	YP_013022811.1 serine/Threonine-protein kinase with PBP type 2 domain [Cedratvirus kamchatka]
TRINITY_DN120_c0_g1_i1	YP_013612776.1	27.3	286	197	7	695	1543	771	1048	1.22e-21	104	YP_013612776.1 putative serine/threonine-protein kinase/receptor [Cedratvirus lausannensis]
TRINITY_DN120_c0_g1_i1	YP_009329205.1	31.7	240	154	6	695	1405	778	1010	1.22e-21	104	YP_009329205.1 serine-threonine kinase [Cedratvirus A11]
TRINITY_DN120_c0_g1_i1	YP_010790095.1	28.4	264	171	10	713	1498	1357	1604	7.64e-20	98.6	YP_010790095.1 putative serine/threonine protein kinase receptor [Moumouvirus australiensis]
TRINITY_DN120_c0_g1_i1	YP_010803051.1	27.5	276	173	7	731	1516	16	278	3.14e-19	94.0	YP_010803051.1 serine/threonine-protein kinase [Fadolivirus algeromassiliense]
TRINITY_DN120_c0_g1_i2	YP_013022811.1	27.2	301	210	6	656	1552	769	1062	3.22e-23	109	YP_013022811.1 serine/Threonine-protein kinase with PBP type 2 domain [Cedratvirus kamchatka]
TRINITY_DN120_c0_g1_i2	YP_013612776.1	27.3	286	197	7	665	1513	771	1048	1.17e-21	104	YP_013612776.1 putative serine/threonine-protein kinase/receptor [Cedratvirus lausannensis]
TRINITY_DN120_c0_g1_i2	YP_009329205.1	31.7	240	154	6	665	1375	778	1010	1.17e-21	104	YP_009329205.1 serine-threonine kinase [Cedratvirus A11]
TRINITY_DN120_c0_g1_i2	YP_010790095.1	28.4	264	171	10	683	1468	1357	1604	7.38e-20	98.6	YP_010790095.1 putative serine/threonine protein kinase receptor [Moumouvirus australiensis]
TRINITY_DN120_c0_g1_i2	YP_010803051.1	27.5	276	173	7	701	1486	16	278	3.07e-19	94.0	YP_010803051.1 serine/threonine-protein kinase [Fadolivirus algeromassiliense]
TRINITY_DN116_c1_g1_i12	YP_010782412.1	35.1	211	129	4	6163	6783	3	209	5.99e-28	124	YP_010782412.1 hypothetical protein QJ857_gp0295 [Tupanvirus soda lake]
TRINITY_DN116_c1_g1_i12	YP_010781034.1	34.8	207	124	5	6208	6810	18	219	1.40e-25	115	YP_010781034.1 putative SNF1-related protein kinase catalytic subunit alpha KIN11-like [Tupanvirus deep ocean]
TRINITY_DN116_c1_g1_i12	NP_077596.1	27.0	322	161	8	6181	6954	3	314	8.17e-22	104	NP_077596.1 serine-threonine kinase [Ectocarpus siliculosus virus 1]
TRINITY_DN116_c1_g1_i12	YP_010803051.1	25.3	269	176	7	6205	6957	16	277	6.75e-21	101	YP_010803051.1 serine/threonine-protein kinase [Fadolivirus algeromassiliense]
TRINITY_DN116_c1_g1_i12	YP_002154675.1	25.7	307	162	9	6208	6981	11	300	4.62e-20	99.0	YP_002154675.1 serine-threonine kinase [Feldmannia species virus]
TRINITY_DN116_c10_g1_i1	YP_010796961.1	35.1	194	109	4	1	540	987	1177	6.07e-21	95.5	YP_010796961.1 PolB [Mayetiola barley midge adintovirus]
TRINITY_DN187_c0_g1_i11	YP_009177060.1	44.5	137	74	2	276	683	4	139	3.76e-31	116	YP_009177060.1 glutathione peroxidase [Turkeypox virus]
TRINITY_DN187_c0_g1_i18	YP_009177060.1	44.5	137	74	2	276	683	4	139	3.70e-29	116	YP_009177060.1 glutathione peroxidase [Turkeypox virus]
TRINITY_DN176_c1_g2_i1	YP_001031223.1	38.3	355	210	3	289	1341	1	350	1.39e-78	266	YP_001031223.1 innexin Vnx-c16 [Ichnoviriform fugitivi]
TRINITY_DN176_c1_g2_i1	YP_001031226.1	37.6	356	216	3	292	1353	5	356	5.26e-74	254	YP_001031226.1 innexin Vnx-b7 [Ichnoviriform fugitivi]
TRINITY_DN176_c1_g2_i1	YP_001031233.1	35.9	354	225	2	289	1347	1	353	1.15e-71	246	YP_001031233.1 innexin Vnx-b17 [Ichnoviriform fugitivi]
TRINITY_DN176_c1_g2_i1	YP_001031352.1	34.8	351	225	3	289	1341	1	347	1.19e-62	221	YP_001031352.1 viral innexin-g1.2 [Ichnoviriform fugitivi]
TRINITY_DN176_c1_g2_i1	YP_001031350.1	30.5	351	229	4	289	1338	1	337	6.91e-55	198	YP_001031350.1 viral innexin-g1.1 [Ichnoviriform fugitivi]
TRINITY_DN171_c1_g1_i5	YP_009448911.1	24.8	262	185	7	491	1267	30	282	1.16e-19	94.0	YP_009448911.1 Negative regulator of the PHO system [Orpheovirus IHUMI-LCC2]
TRINITY_DN171_c1_g1_i5	YP_009448511.1	27.5	302	176	10	398	1240	4	283	4.55e-19	96.3	YP_009448511.1 serine-threonine kinase [Orpheovirus IHUMI-LCC2]
TRINITY_DN171_c1_g1_i5	YP_009448508.1	26.5	298	181	11	401	1240	20	297	1.47e-17	90.9	YP_009448508.1 serine-threonine kinase [Orpheovirus IHUMI-LCC2]
TRINITY_DN171_c1_g1_i5	YP_010803051.1	23.7	295	176	9	416	1255	16	276	1.15e-14	80.9	YP_010803051.1 serine/threonine-protein kinase [Fadolivirus algeromassiliense]
TRINITY_DN171_c1_g1_i5	YP_009448289.1	33.6	116	74	2	692	1039	101	213	2.77e-13	77.4	YP_009448289.1 serine-threonine kinase [Orpheovirus IHUMI-LCC2]
TRINITY_DN182_c0_g1_i10	YP_874214.1	39.7	58	35	0	111	284	15	72	3.79e-06	49.7	YP_874214.1 ubiquitin [Ectropis obliqua nucleopolyhedrovirus]
TRINITY_DN182_c0_g1_i15	YP_874214.1	39.7	58	35	0	111	284	15	72	5.36e-07	49.7	YP_874214.1 ubiquitin [Ectropis obliqua nucleopolyhedrovirus]
TRINITY_DN182_c0_g1_i7	YP_874214.1	39.7	58	35	0	111	284	15	72	3.55e-07	49.7	YP_874214.1 ubiquitin [Ectropis obliqua nucleopolyhedrovirus]
TRINITY_DN138_c6_g1_i21	NP_077480.2	31.4	118	77	2	591	935	97	213	1.18e-07	56.6	NP_077480.2 serine/threonine protein kinase US3 [Cercopithecine alphaherpesvirus 9]
TRINITY_DN138_c6_g1_i21	YP_004894875.1	29.5	122	72	3	600	929	254	373	2.62e-07	55.8	YP_004894875.1 putative serine/threonine-protein kinase [Megavirus chiliensis]
TRINITY_DN100_c0_g1_i35	YP_009001498.1	31.0	200	124	6	95	676	466	657	6.93e-20	91.7	YP_009001498.1 ABC transporter [Alphaentomopoxvirus acuprea]
TRINITY_DN100_c0_g1_i35	NP_064912.1	30.1	196	130	4	95	676	407	597	1.19e-17	85.1	NP_064912.1 ABC transporter [Betaentomopoxvirus amoorei]
TRINITY_DN100_c0_g1_i8	NP_064912.1	31.2	170	110	4	8	511	437	601	6.38e-13	75.5	NP_064912.1 ABC transporter [Betaentomopoxvirus amoorei]
TRINITY_DN101_c0_g4_i1	YP_009162415.1	29.7	236	160	4	1128	1829	2	233	2.17e-25	110	YP_009162415.1 serine-threonine kinase [Salmon gill poxvirus]
TRINITY_DN101_c0_g4_i1	YP_013612978.1	31.6	231	146	6	1149	1826	1157	1380	1.61e-23	110	YP_013612978.1 serine/threonine protein kinase [Cedratvirus lausannensis]
TRINITY_DN101_c0_g4_i1	YP_009329013.1	31.6	231	146	6	1149	1826	1157	1380	2.12e-23	110	YP_009329013.1 serine-threonine kinase [Cedratvirus A11]
TRINITY_DN101_c0_g4_i1	YP_013612139.1	31.5	241	151	7	1122	1826	1150	1382	2.79e-23	110	YP_013612139.1 5'-nucleotidase/apyrase [Brazilian cedratvirus IHUMI]
TRINITY_DN101_c0_g4_i1	YP_010841334.1	30.8	221	139	6	1143	1775	1396	1612	3.94e-23	109	YP_010841334.1 putative serine/threonine-protein kinase [Cotonvirus japonicus]
TRINITY_DN144_c0_g3_i2	YP_293831.1	37.7	252	141	5	543	1259	37	285	6.50e-45	164	YP_293831.1 putative transmembrane fatty acid elongation protein [Emiliania huxleyi virus 86]
TRINITY_DN89484_c0_g1_i3	YP_009015548.1	28.7	174	110	3	1705	2220	2	163	4.05e-12	69.7	YP_009015548.1 ABC transporter [Bacillus phage G]
TRINITY_DN89484_c0_g1_i3	YP_013610715.1	28.5	207	108	6	1672	2244	385	567	9.79e-07	56.2	YP_013610715.1 ATP binding cassette sub family F [Yasminevirus sp. GU-2018]
TRINITY_DN64344_c0_g1_i1	YP_009282949.1	39.0	331	184	5	81	1043	3	325	7.20e-70	236	YP_009282949.1 DNA topoisomerase II [Bacillus phage AR9]
TRINITY_DN64344_c0_g1_i1	YP_009015557.1	38.7	359	195	7	66	1079	14	368	1.67e-68	233	YP_009015557.1 DNA topoisomerase II [Bacillus phage G]
TRINITY_DN64344_c0_g1_i1	YP_009223776.1	40.1	342	191	8	72	1085	651	982	2.39e-63	221	YP_009223776.1 DNA topoisomerase II [Geobacillus virus E3]
TRINITY_DN64344_c0_g1_i1	YP_010679559.1	37.8	336	196	8	90	1085	4	330	5.24e-59	205	YP_010679559.1 DNA gyrase/topoisomerase IV, subunit A [Bacillus phage Kirov]
TRINITY_DN64344_c0_g1_i1	YP_010679304.1	36.9	336	199	8	90	1085	4	330	2.67e-57	201	YP_010679304.1 DNA topoisomerase [Bacillus phage PBC2]
TRINITY_DN7539_c0_g1_i4	YP_013611687.1	32.5	243	130	5	586	1218	162	402	9.64e-14	76.6	YP_013611687.1 hypothetical protein YASMINEVIRUS_1401 [Yasminevirus sp. GU-2018]
TRINITY_DN48970_c0_g2_i4	YP_009046747.1	37.9	169	96	4	705	1199	185	348	3.69e-22	103	YP_009046747.1 Ser/Thr-like protein kinase lyk4 [Armadillidium vulgare iridescent virus]
TRINITY_DN48970_c0_g2_i4	YP_002154675.1	26.9	294	164	9	489	1253	21	302	5.65e-16	85.1	YP_002154675.1 serine-threonine kinase [Feldmannia species virus]
TRINITY_DN48970_c0_g2_i4	YP_009665657.1	27.0	282	154	10	486	1214	21	289	7.13e-15	81.6	YP_009665657.1 serine-threonine kinase [Feldmannia irregularis virus a]
TRINITY_DN48970_c0_g2_i4	YP_010781034.1	24.1	245	170	6	519	1214	28	269	1.06e-13	78.2	YP_010781034.1 putative SNF1-related protein kinase catalytic subunit alpha KIN11-like [Tupanvirus deep ocean]
TRINITY_DN48970_c0_g2_i4	YP_010782412.1	24.7	247	169	7	513	1214	26	268	1.70e-12	74.7	YP_010782412.1 hypothetical protein QJ857_gp0295 [Tupanvirus soda lake]
TRINITY_DN2751_c0_g1_i16	YP_009666148.1	32.6	310	201	2	500	1429	8	309	1.84e-42	163	YP_009666148.1 hypothetical protein FLA14_p101 [Diachasmimorpha longicaudata entomopoxvirus]
TRINITY_DN2751_c0_g1_i16	YP_010796805.1	32.6	310	201	2	500	1429	8	309	1.84e-42	163	YP_010796805.1 putative RNA helicase [Diachasmimorpha longicaudata entomopoxvirus]
TRINITY_DN2751_c0_g1_i16	YP_003970003.1	28.5	312	210	5	500	1429	10	310	2.19e-31	131	YP_003970003.1 putative superfamily II helicase/eIF-4AIII [Cafeteria roenbergensis virus BV-PW1]
TRINITY_DN2751_c0_g1_i16	YP_010803108.1	28.0	314	217	3	491	1429	18	323	2.15e-30	128	YP_010803108.1 ATP-dependent RNA helicase DEAD-box [Fadolivirus algeromassiliense]
TRINITY_DN2751_c0_g1_i5	YP_009666148.1	34.0	379	235	3	500	1636	8	371	1.81e-61	212	YP_009666148.1 hypothetical protein FLA14_p101 [Diachasmimorpha longicaudata entomopoxvirus]
TRINITY_DN2751_c0_g1_i5	YP_010796805.1	34.0	379	235	3	500	1636	8	371	1.81e-61	212	YP_010796805.1 putative RNA helicase [Diachasmimorpha longicaudata entomopoxvirus]
TRINITY_DN2751_c0_g1_i5	YP_003970003.1	31.1	351	229	5	500	1546	10	349	1.42e-47	174	YP_003970003.1 putative superfamily II helicase/eIF-4AIII [Cafeteria roenbergensis virus BV-PW1]
TRINITY_DN2751_c0_g1_i5	YP_010803108.1	30.0	367	248	3	491	1588	18	376	1.72e-46	172	YP_010803108.1 ATP-dependent RNA helicase DEAD-box [Fadolivirus algeromassiliense]
TRINITY_DN2751_c0_g1_i5	YP_013610636.1	31.1	366	238	5	482	1561	258	615	2.63e-46	177	YP_013610636.1 translation initiation factor 4A-III [Yasminevirus sp. GU-2018]
TRINITY_DN2751_c0_g1_i6	YP_009666148.1	32.6	310	201	2	500	1429	8	309	1.82e-42	163	YP_009666148.1 hypothetical protein FLA14_p101 [Diachasmimorpha longicaudata entomopoxvirus]
TRINITY_DN2751_c0_g1_i6	YP_010796805.1	32.6	310	201	2	500	1429	8	309	1.82e-42	163	YP_010796805.1 putative RNA helicase [Diachasmimorpha longicaudata entomopoxvirus]
TRINITY_DN2751_c0_g1_i6	YP_003970003.1	28.5	312	210	5	500	1429	10	310	2.17e-31	131	YP_003970003.1 putative superfamily II helicase/eIF-4AIII [Cafeteria roenbergensis virus BV-PW1]
TRINITY_DN2751_c0_g1_i6	YP_010803108.1	28.0	314	217	3	491	1429	18	323	2.13e-30	128	YP_010803108.1 ATP-dependent RNA helicase DEAD-box [Fadolivirus algeromassiliense]
TRINITY_DN2751_c0_g1_i9	YP_009666148.1	41.4	70	34	1	608	817	309	371	4.34e-07	55.1	YP_009666148.1 hypothetical protein FLA14_p101 [Diachasmimorpha longicaudata entomopoxvirus]
TRINITY_DN2751_c0_g1_i9	YP_010796805.1	41.4	70	34	1	608	817	309	371	4.34e-07	55.1	YP_010796805.1 putative RNA helicase [Diachasmimorpha longicaudata entomopoxvirus]
TRINITY_DN2751_c0_g1_i9	YP_004894480.1	37.1	62	39	0	608	793	450	511	5.35e-06	52.0	YP_004894480.1 putative translation initiation factor 4a [Megavirus chiliensis]
TRINITY_DN2751_c0_g1_i9	YP_010776293.1	37.1	62	39	0	608	793	450	511	5.35e-06	52.0	YP_010776293.1 hypothetical protein QJ849_gp380 [Powai lake megavirus]
TRINITY_DN2751_c0_g1_i9	YP_010788930.1	37.1	62	39	0	608	793	450	511	5.35e-06	52.0	YP_010788930.1 translation initiation factor 4a [Megavirus baoshan]
TRINITY_DN2777_c0_g2_i10	YP_628286.1	47.3	349	174	4	401	1429	26	370	6.84e-102	320	YP_628286.1 protein-tyrosine kinase [Y73 sarcoma virus]
TRINITY_DN2777_c0_g2_i10	NP_955616.1	47.0	349	175	4	401	1429	25	369	2.34e-99	311	NP_955616.1 pp60 SRC [Rous sarcoma virus]
TRINITY_DN2777_c0_g2_i10	NP_056888.1	47.0	349	175	4	401	1429	26	370	2.41e-99	311	NP_056888.1 p60 src [Rous sarcoma virus]
TRINITY_DN2777_c0_g2_i10	YP_010788479.1	34.7	101	62	2	1082	1375	775	874	1.20e-10	67.8	YP_010788479.1 serine/threonine-protein kinase [Megavirus baoshan]
TRINITY_DN2745_c0_g1_i1	YP_009449015.1	47.9	192	94	1	183	740	2	193	7.44e-60	199	YP_009449015.1 GTP ras-related protein Rac1 [Orpheovirus IHUMI-LCC2]
TRINITY_DN2745_c0_g1_i1	YP_013611040.1	30.3	145	80	5	177	563	21	160	1.26e-06	53.1	YP_013611040.1 GTP-binding nuclear protein Ran-1 [Yasminevirus sp. GU-2018]
TRINITY_DN2783_c0_g1_i11	YP_025203.1	39.2	237	134	8	823	1524	30	259	1.44e-36	140	YP_025203.1 unknown [Neodiprion lecontei nucleopolyhedrovirus]
TRINITY_DN2783_c0_g1_i11	YP_667874.1	38.4	237	136	8	823	1524	30	259	6.97e-36	139	YP_667874.1 trypsin-like protein [Neodiprion abietis nucleopolyhedrovirus]
TRINITY_DN2783_c0_g1_i11	YP_025114.1	36.2	246	129	9	823	1524	29	258	5.55e-34	133	YP_025114.1 trypsin-like protein [Neodiprion sertifer nucleopolyhedrovirus]
TRINITY_DN2783_c0_g1_i11	YP_002296247.1	29.1	251	129	9	901	1509	59	308	1.10e-14	79.7	YP_002296247.1 putative serine protease [Emiliania huxleyi virus 86]
TRINITY_DN2783_c0_g1_i11	YP_294119.1	29.1	251	129	9	901	1509	123	372	1.64e-14	79.7	YP_294119.1 putative serine protease [Emiliania huxleyi virus 86]
TRINITY_DN2720_c0_g1_i11	YP_005296202.1	36.0	75	44	1	330	554	34	104	1.90e-07	56.6	YP_005296202.1 kelch-like protein [Cotia virus SPAn232]
TRINITY_DN2720_c0_g1_i11	YP_005296360.1	36.0	75	44	1	330	554	34	104	1.90e-07	56.6	YP_005296360.1 kelch-like protein [Cotia virus SPAn232]
TRINITY_DN2720_c0_g1_i13	YP_005296202.1	36.0	75	44	1	330	554	34	104	5.62e-07	56.6	YP_005296202.1 kelch-like protein [Cotia virus SPAn232]
TRINITY_DN2720_c0_g1_i13	YP_005296360.1	36.0	75	44	1	330	554	34	104	5.62e-07	56.6	YP_005296360.1 kelch-like protein [Cotia virus SPAn232]
TRINITY_DN2720_c0_g1_i4	YP_005296202.1	36.0	75	44	1	330	554	34	104	6.43e-08	56.6	YP_005296202.1 kelch-like protein [Cotia virus SPAn232]
TRINITY_DN2720_c0_g1_i4	YP_005296360.1	36.0	75	44	1	330	554	34	104	6.43e-08	56.6	YP_005296360.1 kelch-like protein [Cotia virus SPAn232]
TRINITY_DN2746_c1_g1_i30	YP_010803923.1	41.3	80	43	3	193	429	22	98	1.03e-08	60.8	YP_010803923.1 RNA 2'-phosphotransferase kptA [Fadolivirus algeromassiliense]
TRINITY_DN3555_c0_g1_i10	YP_008319249.1	43.4	53	30	0	178	336	75	127	6.36e-07	52.0	YP_008319249.1 guanylate kinase [Pandoravirus dulcis]
TRINITY_DN3555_c0_g1_i10	YP_009483076.1	41.1	56	33	0	196	363	30	85	7.63e-07	50.8	YP_009483076.1 guanylate kinase [Pandoravirus quercus]
TRINITY_DN3555_c0_g1_i10	YP_009120260.1	41.1	56	33	0	196	363	1	56	4.73e-06	48.1	YP_009120260.1 guanylate kinase [Pandoravirus inopinatum]
TRINITY_DN3555_c0_g1_i10	YP_008437153.1	43.8	48	27	0	196	339	30	77	6.82e-06	48.1	YP_008437153.1 guanylate kinase [Pandoravirus salinus]
TRINITY_DN3555_c0_g1_i10	YP_009480733.1	47.8	46	24	0	199	336	91	136	9.41e-06	48.5	YP_009480733.1 guanylate kinase [Pandoravirus macleodensis]
TRINITY_DN3537_c0_g1_i18	YP_010781349.1	37.4	382	209	6	1131	2270	2	355	1.16e-76	261	YP_010781349.1 histone deacetylase 6 [Tupanvirus soda lake]
TRINITY_DN3537_c0_g1_i18	YP_010780072.1	37.2	382	210	8	1131	2270	4	357	2.08e-75	257	YP_010780072.1 hypothetical protein QJ856_gp0056 [Tupanvirus deep ocean]
TRINITY_DN3537_c0_g1_i18	YP_010803598.1	33.3	345	189	11	1128	2156	3	308	7.18e-49	179	YP_010803598.1 histone deacetylase [Fadolivirus algeromassiliense]
TRINITY_DN3537_c0_g1_i18	YP_010781583.1	39.2	240	133	6	1440	2156	134	361	4.26e-40	155	YP_010781583.1 histone deacetylase [Tupanvirus soda lake]
TRINITY_DN3537_c0_g1_i18	YP_010780296.1	39.5	238	131	6	1440	2150	134	359	2.64e-39	153	YP_010780296.1 histone deacetylase [Tupanvirus deep ocean]
TRINITY_DN3571_c0_g1_i2	YP_010803532.1	23.7	797	458	28	219	2240	9	778	2.13e-37	155	YP_010803532.1 eukaryotic translation elongation factor 2 [Fadolivirus algeromassiliense]
TRINITY_DN3571_c0_g1_i2	YP_010781262.1	24.9	583	358	18	210	1763	1	568	7.91e-28	124	YP_010781262.1 mimivirus elongation factor aef-2 [Tupanvirus deep ocean]
TRINITY_DN3571_c0_g1_i2	YP_010782648.1	24.7	584	358	20	210	1763	1	568	2.39e-27	123	YP_010782648.1 elongation factor 2 [Tupanvirus soda lake]
TRINITY_DN3539_c1_g2_i2	YP_009666148.1	38.9	72	37	1	214	429	309	373	7.08e-08	54.3	YP_009666148.1 hypothetical protein FLA14_p101 [Diachasmimorpha longicaudata entomopoxvirus]
TRINITY_DN3539_c1_g2_i2	YP_010796805.1	38.9	72	37	1	214	429	309	373	7.08e-08	54.3	YP_010796805.1 putative RNA helicase [Diachasmimorpha longicaudata entomopoxvirus]
TRINITY_DN3539_c1_g2_i2	YP_004894480.1	37.9	58	36	0	214	387	450	507	1.20e-06	50.8	YP_004894480.1 putative translation initiation factor 4a [Megavirus chiliensis]
TRINITY_DN3539_c1_g2_i2	YP_010776293.1	37.9	58	36	0	214	387	450	507	1.20e-06	50.8	YP_010776293.1 hypothetical protein QJ849_gp380 [Powai lake megavirus]
TRINITY_DN3539_c1_g2_i2	YP_010788930.1	37.9	58	36	0	214	387	450	507	1.20e-06	50.8	YP_010788930.1 translation initiation factor 4a [Megavirus baoshan]
TRINITY_DN3539_c1_g2_i4	YP_009666148.1	33.0	382	241	3	584	1729	7	373	1.62e-60	209	YP_009666148.1 hypothetical protein FLA14_p101 [Diachasmimorpha longicaudata entomopoxvirus]
TRINITY_DN3539_c1_g2_i4	YP_010796805.1	33.0	382	241	3	584	1729	7	373	1.62e-60	209	YP_010796805.1 putative RNA helicase [Diachasmimorpha longicaudata entomopoxvirus]
TRINITY_DN3539_c1_g2_i4	YP_010803108.1	31.7	347	228	3	587	1624	21	359	1.83e-49	179	YP_010803108.1 ATP-dependent RNA helicase DEAD-box [Fadolivirus algeromassiliense]
TRINITY_DN3539_c1_g2_i4	YP_013610636.1	32.1	364	233	5	566	1639	257	612	3.83e-47	179	YP_013610636.1 translation initiation factor 4A-III [Yasminevirus sp. GU-2018]
TRINITY_DN3539_c1_g2_i4	YP_003970003.1	29.1	358	241	5	587	1654	10	356	2.57e-46	171	YP_003970003.1 putative superfamily II helicase/eIF-4AIII [Cafeteria roenbergensis virus BV-PW1]
TRINITY_DN3583_c0_g1_i24	YP_008004627.1	28.9	346	195	17	344	1333	90	400	7.27e-12	71.2	YP_008004627.1 helicase [Choristoneura rosaceana entomopoxvirus 'L']
TRINITY_DN3583_c0_g1_i24	YP_008004327.1	27.1	350	196	15	344	1333	90	400	2.26e-11	69.7	YP_008004327.1 helicase [Choristoneura biennis entomopoxvirus]
TRINITY_DN3583_c0_g1_i24	YP_009591141.1	29.6	189	94	6	803	1330	101	263	2.00e-07	56.2	YP_009591141.1 helicase [Flavobacterium phage FCV-1]
TRINITY_DN17715_c0_g2_i1	YP_009133522.1	48.7	78	39	1	177	410	2	78	4.51e-16	75.5	YP_009133522.1 peroxyredoxin antioxidant [Synechococcus phage ACG-2014d]
TRINITY_DN17715_c0_g2_i1	YP_010355350.1	48.7	78	39	1	177	410	2	78	4.51e-16	75.5	YP_010355350.1 peroxyredoxin antioxidant [Synechococcus phage ACG-2014d]
TRINITY_DN17715_c0_g2_i1	YP_007518064.1	53.8	65	30	0	225	419	34	98	1.19e-14	72.0	YP_007518064.1 peroxyredoxin antioxidant [Pelagibacter phage HTVC008M]
TRINITY_DN17715_c0_g2_i1	YP_010669560.1	54.2	59	27	0	249	425	37	95	2.22e-14	71.2	YP_010669560.1 peroxyredoxin antioxidant [Synechococcus phage S-H9-1]
TRINITY_DN17715_c0_g2_i1	YP_010670292.1	39.8	88	51	1	174	431	9	96	4.58e-14	70.5	YP_010670292.1 peroxyredoxin antioxidant [Synechococcus phage S-SRM01]
TRINITY_DN17715_c0_g2_i2	YP_007518064.1	45.8	120	63	2	225	581	34	152	6.35e-24	101	YP_007518064.1 peroxyredoxin antioxidant [Pelagibacter phage HTVC008M]
TRINITY_DN17715_c0_g2_i2	YP_010669560.1	45.7	116	61	2	249	593	37	151	1.14e-23	100	YP_010669560.1 peroxyredoxin antioxidant [Synechococcus phage S-H9-1]
TRINITY_DN17715_c0_g2_i2	YP_010670292.1	39.1	138	80	3	174	578	9	145	2.34e-23	99.8	YP_010670292.1 peroxyredoxin antioxidant [Synechococcus phage S-SRM01]
TRINITY_DN17715_c0_g2_i2	YP_009133522.1	42.4	132	73	3	177	569	2	131	1.40e-21	94.4	YP_009133522.1 peroxyredoxin antioxidant [Synechococcus phage ACG-2014d]
TRINITY_DN17715_c0_g2_i2	YP_010355350.1	42.4	132	73	3	177	569	2	131	1.40e-21	94.4	YP_010355350.1 peroxyredoxin antioxidant [Synechococcus phage ACG-2014d]
TRINITY_DN57387_c0_g1_i1	NP_048517.1	42.6	305	167	3	5911	6819	25	323	2.51e-68	237	NP_048517.1 Aspartate transcarbamylase [Paramecium bursaria Chlorella virus 1]
TRINITY_DN57387_c0_g1_i1	YP_009325590.1	40.7	322	175	4	5860	6819	16	323	4.01e-67	233	YP_009325590.1 Aspartate carbamoyltransferase [Only Syngen Nebraska virus 5]
TRINITY_DN57387_c0_g1_i1	YP_001497418.1	42.8	297	162	3	5911	6795	25	315	6.03e-66	230	YP_001497418.1 hypothetical protein NY2A_B222R [Paramecium bursaria Chlorella virus NY2A]
TRINITY_DN57387_c0_g1_i1	YP_009665296.1	42.8	297	162	3	5911	6795	25	315	6.03e-66	230	YP_009665296.1 aspartate transcarbamylase [Paramecium bursaria Chlorella virus NYs1]
TRINITY_DN57387_c0_g1_i1	YP_001498286.1	42.4	297	163	3	5911	6795	25	315	5.20e-65	227	YP_001498286.1 hypothetical protein AR158_C204R [Paramecium bursaria Chlorella virus AR158]
TRINITY_DN31048_c0_g1_i20	YP_010782621.1	31.1	347	204	8	143	1165	37	354	4.89e-40	150	YP_010782621.1 putative phosphoribosyl pyrophosphate synthetase [Tupanvirus soda lake]
TRINITY_DN31048_c0_g1_i5	YP_010782621.1	31.1	347	204	8	143	1165	37	354	1.11e-39	150	YP_010782621.1 putative phosphoribosyl pyrophosphate synthetase [Tupanvirus soda lake]
TRINITY_DN48374_c0_g1_i8	YP_010803170.1	46.7	75	39	1	114	338	13	86	1.14e-09	64.3	YP_010803170.1 DnaJ chaperone protein [Fadolivirus algeromassiliense]
TRINITY_DN48374_c0_g1_i8	YP_010778702.1	36.8	76	47	1	114	341	3	77	3.28e-09	62.8	YP_010778702.1 molecular chaperone DnaJ/Hsp40 [Bodo saltans virus]
TRINITY_DN48374_c0_g1_i8	YP_010780860.1	47.1	70	33	1	114	323	7	72	8.06e-09	58.5	YP_010780860.1 hypothetical protein QJ856_gp0505 [Tupanvirus deep ocean]
TRINITY_DN48374_c0_g1_i8	YP_010782167.1	45.8	72	35	1	108	323	3	70	1.05e-08	58.2	YP_010782167.1 hypothetical protein QJ857_gp0540 [Tupanvirus soda lake]
TRINITY_DN56090_c0_g1_i5	YP_008992207.1	51.4	37	18	0	626	516	170	206	2.61e-07	53.1	YP_008992207.1 iap-3 [Choristoneura murinana nucleopolyhedrovirus]
TRINITY_DN56090_c0_g1_i5	NP_848342.1	48.6	37	19	0	626	516	166	202	4.22e-07	52.4	NP_848342.1 inhibitor of apoptosis 3 [Choristoneura fumiferana multiple nucleopolyhedrovirus]
TRINITY_DN56090_c0_g1_i5	YP_009116756.1	39.2	51	31	0	629	477	172	222	1.11e-06	51.2	YP_009116756.1 IAP_c [Tipula oleracea nudivirus]
TRINITY_DN56090_c0_g1_i5	YP_008378470.1	45.9	37	20	0	626	516	197	233	2.11e-06	50.4	YP_008378470.1 IAP-3 [Choristoneura rosaceana nucleopolyhedrovirus]
TRINITY_DN56090_c0_g1_i5	NP_818735.1	45.9	37	20	0	626	516	153	189	4.79e-06	49.3	NP_818735.1 inhibitor of apoptosis protein 3 [Adoxophyes honmai nucleopolyhedrovirus]
TRINITY_DN53659_c0_g1_i1	YP_009882647.1	57.8	614	246	4	2196	4028	9	612	1.39e-199	610	YP_009882647.1 RNA polymerase sigma factor [Klebsiella phage ST13-OXA48phi12.1]
TRINITY_DN53659_c0_g1_i1	YP_009882596.1	57.8	614	246	4	2196	4028	9	612	1.39e-199	610	YP_009882596.1 RNA polymerase sigma factor [Klebsiella phage ST147-VIM1phi7.1]
TRINITY_DN53659_c0_g1_i1	YP_009882646.1	42.6	251	122	4	18	743	228	465	2.67e-44	174	YP_009882646.1 DNA primase [Klebsiella phage ST13-OXA48phi12.1]
TRINITY_DN53659_c0_g1_i1	YP_009882597.1	42.6	251	122	4	18	743	228	465	2.67e-44	174	YP_009882597.1 DNA primase [Klebsiella phage ST147-VIM1phi7.1]
TRINITY_DN53659_c0_g1_i1	YP_004421751.1	36.9	233	142	3	3300	3989	54	284	1.96e-33	135	YP_004421751.1 RNA polymerase sigma factor [Synechococcus phage S-CBS3]
TRINITY_DN4695_c0_g2_i19	YP_009408100.1	21.5	400	278	16	129	1247	16	406	1.36e-15	84.0	YP_009408100.1 BTB kelch-domain protein [Eptesipox virus]
TRINITY_DN4695_c0_g2_i19	YP_009282881.1	21.4	299	207	9	288	1118	48	340	1.65e-07	58.2	YP_009282881.1 kelch-like protein [Skunkpox virus]
TRINITY_DN4680_c0_g1_i8	YP_009507248.1	34.2	421	271	3	1248	1	124	543	1.54e-72	249	YP_009507248.1 ORF B [Trichoplusia ni TED virus]
TRINITY_DN4680_c0_g1_i8	YP_009345071.1	28.4	409	268	10	1251	88	1375	1779	5.55e-42	162	YP_009345071.1 polyprotein [Cacao mild mosaic virus]
TRINITY_DN4680_c0_g1_i8	YP_010087807.1	27.4	390	266	10	1191	70	206	594	1.14e-39	153	YP_010087807.1 replicase [Epiphyllum virus 4]
TRINITY_DN4680_c0_g1_i8	YP_009508411.1	27.6	420	272	9	1221	34	1373	1784	5.62e-39	153	YP_009508411.1 ORF3 protein [Dioscorea bacilliform RT virus 2]
TRINITY_DN4680_c0_g1_i8	YP_009259698.1	27.2	404	277	7	1251	88	1116	1518	3.32e-38	150	YP_009259698.1 polyprotein [Canna yellow mottle associated virus]
TRINITY_DN4680_c0_g2_i1	YP_009666308.1	29.9	541	346	9	2	1600	394	909	7.50e-72	251	YP_009666308.1 Reverse Transcriptase, partial [Cladosporium fulvum T-1 virus]
TRINITY_DN4680_c0_g2_i1	NP_127504.1	31.0	345	231	6	14	1036	1466	1807	1.55e-42	167	NP_127504.1 ORF I polyprotein [Petunia vein clearing virus]
TRINITY_DN4680_c0_g2_i1	YP_003208050.1	29.3	386	235	9	2	1069	1470	1847	5.07e-36	147	YP_003208050.1 putative polyprotein [Pelargonium vein banding virus]
TRINITY_DN4680_c0_g2_i1	YP_010798182.1	28.8	389	249	10	2	1111	1453	1832	2.22e-35	145	YP_010798182.1 polyprotein [Green Sichuan pepper vein clearing-associated virus]
TRINITY_DN4680_c0_g2_i1	YP_009229919.1	29.2	367	222	10	2	1030	1424	1776	3.03e-34	142	YP_009229919.1 polyprotein [Blackberry virus F]
TRINITY_DN4682_c0_g1_i10	YP_010804160.1	23.9	440	276	17	762	2000	56	463	1.87e-18	94.7	YP_010804160.1 long-chain fatty acid CoA synthetase [Fadolivirus algeromassiliense]
TRINITY_DN4682_c0_g1_i10	YP_013610660.1	23.3	480	269	18	705	2006	54	480	2.38e-18	94.4	YP_013610660.1 AMP-binding enzyme [Yasminevirus sp. GU-2018]
TRINITY_DN4686_c1_g1_i3	YP_009483690.1	35.3	348	170	17	110	1081	39	355	2.04e-36	149	YP_009483690.1 Carboxylic ester hydrolase [Pandoravirus quercus]
TRINITY_DN4686_c1_g1_i3	YP_003987440.1	33.7	410	198	23	92	1225	15	382	7.51e-30	129	YP_003987440.1 probable cholinesterase [Acanthamoeba polyphaga mimivirus]
TRINITY_DN4686_c1_g1_i3	YP_010788378.1	35.5	318	147	16	131	1012	30	313	2.33e-29	127	YP_010788378.1 cholinesterase [Megavirus baoshan]
TRINITY_DN4686_c1_g1_i3	YP_004895032.1	32.9	389	197	20	131	1219	30	380	7.49e-29	126	YP_004895032.1 putative cholinesterase [Megavirus chiliensis]
TRINITY_DN4686_c1_g1_i3	YP_009483487.1	28.6	325	194	8	95	1045	39	333	2.03e-25	115	YP_009483487.1 Carboxylic ester hydrolase [Pandoravirus quercus]
TRINITY_DN9900_c0_g1_i1	YP_007003813.1	63.1	84	31	0	763	1014	5	88	2.19e-23	98.6	YP_007003813.1 protein ORF151D [Cyprinid herpesvirus 1]
TRINITY_DN9900_c0_g1_i8	YP_007003813.1	63.1	84	31	0	763	1014	5	88	2.17e-23	98.6	YP_007003813.1 protein ORF151D [Cyprinid herpesvirus 1]
TRINITY_DN9904_c1_g2_i1	YP_009015740.1	57.1	35	15	0	206	310	8	42	1.46e-06	47.4	YP_009015740.1 gp437 [Bacillus phage G]
TRINITY_DN32409_c0_g1_i2	YP_009173309.1	33.1	148	92	2	266	709	7	147	7.56e-21	89.7	YP_009173309.1 ubiquitin conjugating enzyme E2 [Chrysochromulina ericina virus]
TRINITY_DN32409_c0_g1_i2	YP_003969913.1	35.7	115	59	5	365	706	47	147	1.78e-12	67.0	YP_003969913.1 putative ubiquitin-conjugating enzyme E2 [Cafeteria roenbergensis virus BV-PW1]
TRINITY_DN32409_c0_g1_i2	YP_003969690.1	25.6	121	83	2	356	700	35	154	7.74e-09	57.0	YP_003969690.1 putative ubiquitin-conjugating enzyme E2 [Cafeteria roenbergensis virus BV-PW1]
TRINITY_DN20611_c0_g1_i5	YP_004894791.1	51.1	47	23	0	2566	2706	17	63	4.96e-08	60.8	YP_004894791.1 putative phosphatidylinositol kinase [Megavirus chiliensis]
TRINITY_DN20611_c0_g1_i5	YP_010776585.1	51.1	47	23	0	2566	2706	17	63	6.52e-08	60.5	YP_010776585.1 hypothetical protein QJ849_gp672 [Powai lake megavirus]
TRINITY_DN20611_c0_g1_i5	YP_010803819.1	51.0	49	24	0	2569	2715	36	84	6.63e-08	60.5	YP_010803819.1 phosphatidylinositol kinase [Fadolivirus algeromassiliense]
TRINITY_DN20611_c0_g1_i5	YP_010788614.1	51.1	47	23	0	2566	2706	17	63	1.13e-07	59.7	YP_010788614.1 phosphatidylinositol kinase [Megavirus baoshan]
TRINITY_DN20611_c0_g1_i5	YP_010789966.1	48.9	47	24	0	2566	2706	17	63	1.94e-07	58.9	YP_010789966.1 putative phosphatidylinositol kinase [Moumouvirus australiensis]
TRINITY_DN31395_c0_g1_i2	YP_009162415.1	30.0	257	160	9	300	1058	6	246	1.78e-16	84.3	YP_009162415.1 serine-threonine kinase [Salmon gill poxvirus]
TRINITY_DN31395_c0_g1_i2	YP_010803051.1	25.7	288	177	11	297	1097	13	284	2.48e-14	79.7	YP_010803051.1 serine/threonine-protein kinase [Fadolivirus algeromassiliense]
TRINITY_DN31395_c0_g1_i2	YP_009310166.1	30.4	161	103	6	585	1061	35	188	3.70e-14	77.8	YP_009310166.1 hypothetical protein GMAR_ORF49 [Golden Marseillevirus]
TRINITY_DN31395_c0_g1_i2	YP_007354741.1	25.7	268	181	10	270	1061	1306	1559	6.53e-13	77.0	YP_007354741.1 serine-threonine kinase [Acanthamoeba polyphaga moumouvirus]
TRINITY_DN31395_c0_g1_i2	YP_010790095.1	26.1	268	180	10	270	1061	1351	1604	1.48e-12	75.9	YP_010790095.1 putative serine/threonine protein kinase receptor [Moumouvirus australiensis]
TRINITY_DN2677_c0_g1_i3	NP_861410.1	27.5	440	294	11	829	2079	204	641	2.21e-42	169	NP_861410.1 putative multifunctional pol protein [Cestrum yellow leaf curling virus]
TRINITY_DN2677_c0_g1_i3	NP_127504.1	28.8	424	287	8	877	2124	1403	1819	3.64e-40	167	NP_127504.1 ORF I polyprotein [Petunia vein clearing virus]
TRINITY_DN2677_c0_g1_i3	YP_004347415.1	28.6	440	285	14	841	2085	201	636	3.22e-37	153	YP_004347415.1 replicase [Sweet potato collusive virus]
TRINITY_DN2677_c0_g1_i3	YP_009254008.1	26.9	465	271	12	877	2076	213	673	5.81e-33	140	YP_009254008.1 putative aspartic protease [Water chestnut soymovirus 1]
TRINITY_DN2677_c0_g1_i3	YP_010088024.1	28.9	429	266	16	874	2070	1565	1984	8.31e-30	133	YP_010088024.1 polyprotein [Ivy ringspot-associated virus]
TRINITY_DN2688_c0_g2_i7	YP_009162415.1	30.1	282	185	5	499	1335	2	274	8.18e-42	157	YP_009162415.1 serine-threonine kinase [Salmon gill poxvirus]
TRINITY_DN2688_c0_g2_i7	YP_009665657.1	29.9	301	155	7	502	1275	5	292	1.69e-35	143	YP_009665657.1 serine-threonine kinase [Feldmannia irregularis virus a]
TRINITY_DN2688_c0_g2_i7	YP_002154675.1	29.3	242	126	2	511	1101	8	249	2.40e-29	125	YP_002154675.1 serine-threonine kinase [Feldmannia species virus]
TRINITY_DN2688_c0_g2_i7	YP_010778841.1	26.0	289	187	7	514	1317	8	290	1.22e-24	110	YP_010778841.1 serine/threonine protein kinase [Bodo saltans virus]
TRINITY_DN2688_c0_g2_i7	NP_203561.1	29.0	193	125	3	529	1101	27	209	7.65e-23	102	NP_203561.1 protein kinase [Helicoverpa armigera nucleopolyhedrovirus]
TRINITY_DN2630_c2_g1_i1	YP_009408555.1	34.0	103	67	1	121	426	4	106	1.09e-06	53.9	YP_009408555.1 BTB kelch domain protein [NY_014 poxvirus]
TRINITY_DN2630_c2_g1_i1	NP_051721.1	31.5	92	62	1	157	432	10	100	4.27e-06	52.0	NP_051721.1 m8 [Myxoma virus]
TRINITY_DN2630_c2_g1_i1	NP_051871.1	31.5	92	62	1	157	432	10	100	4.27e-06	52.0	NP_051871.1 m008L [Myxoma virus]
TRINITY_DN2646_c0_g1_i21	NP_127504.1	28.6	423	287	8	3186	4430	1404	1819	1.06e-40	170	NP_127504.1 ORF I polyprotein [Petunia vein clearing virus]
TRINITY_DN2646_c0_g1_i21	NP_861410.1	26.7	453	307	12	3105	4391	192	643	2.72e-38	158	NP_861410.1 putative multifunctional pol protein [Cestrum yellow leaf curling virus]
TRINITY_DN2646_c0_g1_i21	YP_007761644.1	28.6	419	270	11	3186	4376	404	815	6.85e-34	146	YP_007761644.1 reverse transcriptase [Rose yellow vein virus]
TRINITY_DN2646_c0_g1_i21	YP_009254008.1	24.2	462	287	11	3186	4385	214	674	2.73e-32	140	YP_009254008.1 putative aspartic protease [Water chestnut soymovirus 1]
TRINITY_DN2646_c0_g1_i21	YP_008992013.1	25.2	412	286	9	3180	4376	1356	1758	8.16e-29	131	YP_008992013.1 polyprotein [Citrus endogenous pararetrovirus]
TRINITY_DN35092_c0_g1_i1	YP_003986922.1	28.7	136	90	1	126	533	1	129	1.16e-08	55.1	YP_003986922.1 nucleoside diphosphate kinase [Acanthamoeba polyphaga mimivirus]
TRINITY_DN35092_c0_g1_i1	YP_010777331.1	27.2	136	92	1	126	533	1	129	2.91e-07	51.2	YP_010777331.1 nucleoside diphosphate kinase [Acanthamoeba polyphaga mimivirus]
TRINITY_DN35092_c0_g1_i1	YP_003358229.2	28.6	140	88	4	126	533	1	132	4.47e-06	48.5	YP_003358229.2 nucleoside diphosphate kinase [Anguillid herpesvirus 1]
TRINITY_DN35032_c0_g1_i1	YP_009215918.1	42.4	66	37	1	198	1	14	78	3.78e-06	52.4	YP_009215918.1 membrane protein [Bacillus phage JL]
TRINITY_DN35032_c0_g1_i1	YP_009216138.1	42.4	66	37	1	198	1	14	78	3.78e-06	52.4	YP_009216138.1 membrane protein [Bacillus phage Shanette]
TRINITY_DN35032_c0_g1_i1	YP_009099113.1	42.4	66	37	1	198	1	14	78	5.02e-06	52.0	YP_009099113.1 membrane protein [Bacillus phage CP-51]
TRINITY_DN5647_c0_g1_i10	YP_009133324.1	29.7	209	131	5	1083	463	82	276	4.49e-25	108	YP_009133324.1 transposase mut [Lambdina fiscellaria nucleopolyhedrovirus]
TRINITY_DN5647_c0_g1_i17	YP_009133324.1	33.3	159	100	2	918	442	82	234	2.67e-24	106	YP_009133324.1 transposase mut [Lambdina fiscellaria nucleopolyhedrovirus]
TRINITY_DN35981_c0_g1_i4	YP_013610833.1	43.2	456	239	7	1053	2378	140	589	9.42e-114	362	YP_013610833.1 CYFA0S28e00188g1_1 [Yasminevirus sp. GU-2018]
TRINITY_DN35981_c0_g1_i4	YP_004061896.1	43.6	463	231	9	1053	2423	145	583	3.49e-108	347	YP_004061896.1 hypothetical protein MpV1_013c [Micromonas sp. RCC1109 virus MpV1]
TRINITY_DN35981_c0_g1_i4	YP_009172504.1	37.0	584	321	11	630	2363	28	570	5.17e-108	346	YP_009172504.1 hypothetical protein APZ24_gp013 [Ostreococcus lucimarinus virus 2]
TRINITY_DN35981_c0_g1_i4	YP_007676316.1	40.2	500	268	9	897	2366	94	572	1.89e-107	345	YP_007676316.1 ATP-dependent metalloprotease FtsH [Micromonas pusilla virus 12T]
TRINITY_DN35981_c0_g1_i4	YP_009172777.1	36.0	584	327	12	630	2363	28	570	3.23e-106	341	YP_009172777.1 hypothetical protein AP053_gp017 [Ostreococcus mediterraneus virus 1]
TRINITY_DN10800_c0_g1_i2	YP_073558.1	24.8	318	208	7	3099	4004	144	446	6.84e-11	70.1	YP_073558.1 RNA-dependent DNA polymerase [lymphocystis disease virus-China]
TRINITY_DN16872_c1_g1_i3	YP_009949244.1	100	25	0	0	1	75	31	55	4.21e-10	54.3	YP_009949244.1 hypothetical protein HYO67_gp45 [Escherichia phage 500465-1]
TRINITY_DN18539_c0_g1_i10	NP_048132.1	28.8	299	175	9	2887	3741	129	403	1.63e-24	113	NP_048132.1 Reverse transcriptase [Melanoplus sanguinipes entomopoxvirus]
TRINITY_DN18539_c0_g1_i9	NP_048132.1	29.1	299	174	9	2746	1892	129	403	1.58e-25	116	NP_048132.1 Reverse transcriptase [Melanoplus sanguinipes entomopoxvirus]
TRINITY_DN18598_c0_g2_i6	YP_010803257.1	45.7	199	99	5	566	1153	26	218	8.32e-49	170	YP_010803257.1 serine/threonine-protein kinase [Fadolivirus algeromassiliense]
TRINITY_DN18598_c0_g2_i6	YP_013610845.1	38.5	208	118	6	536	1150	31	231	1.04e-36	143	YP_013610845.1 serine/threonine protein kinase [Yasminevirus sp. GU-2018]
TRINITY_DN18598_c0_g2_i6	YP_010778559.1	38.6	202	116	5	554	1153	18	213	1.20e-35	135	YP_010778559.1 casein kinase [Bodo saltans virus]
TRINITY_DN18598_c0_g2_i6	YP_227529.1	29.9	224	124	8	545	1138	21	237	5.00e-20	92.8	YP_227529.1 Serine/threonine protein kinase [Deerpox virus W-848-83]
TRINITY_DN18598_c0_g2_i6	YP_009177175.1	35.2	159	86	7	692	1147	86	234	1.75e-16	82.4	YP_009177175.1 Ser/Thr protein kinase [Turkeypox virus]
TRINITY_DN4013_c1_g1_i5	YP_010780181.1	26.0	889	571	23	533	3103	3	836	6.59e-76	271	YP_010780181.1 hypothetical protein QJ856_gp1184 [Tupanvirus deep ocean]
TRINITY_DN4013_c1_g1_i5	YP_010781461.1	24.9	896	569	24	539	3103	5	837	1.86e-73	264	YP_010781461.1 aminopeptidase M1-like [Tupanvirus soda lake]
TRINITY_DN4013_c2_g1_i3	YP_227395.1	28.1	367	223	12	262	1323	44	382	8.24e-32	132	YP_227395.1 Serpin-like protein [Deerpox virus W-848-83]
TRINITY_DN4013_c2_g1_i3	YP_009329635.1	28.6	297	188	8	472	1323	20	305	3.73e-28	119	YP_009329635.1 serine proteinase inhibitor 1 [BeAn 58058 virus]
TRINITY_DN4013_c2_g1_i3	YP_227542.1	28.9	360	219	9	250	1323	11	335	1.25e-27	118	YP_227542.1 Serpin-like protein [Deerpox virus W-848-83]
TRINITY_DN4013_c2_g1_i3	YP_010804167.1	28.9	349	214	11	271	1308	54	371	5.65e-26	114	YP_010804167.1 serpin [Fadolivirus algeromassiliense]
TRINITY_DN4013_c2_g1_i3	YP_009447925.1	27.2	360	236	11	253	1314	14	353	9.04e-26	113	YP_009447925.1 serpin family protein [Flamingopox virus FGPVKD09]
TRINITY_DN4058_c0_g1_i32	YP_002321389.1	43.8	404	207	8	759	1964	1	386	3.12e-115	366	YP_002321389.1 semaphorin-like protein [Oryctes rhinoceros nudivirus]
TRINITY_DN4058_c0_g1_i32	YP_002321388.1	40.5	74	44	0	462	683	44	117	1.00e-13	72.0	YP_002321388.1 semaphorin-like protein [Oryctes rhinoceros nudivirus]
TRINITY_DN89289_c0_g1_i1	YP_013611381.1	31.1	103	68	1	4	303	542	644	9.71e-10	57.0	YP_013611381.1 ubiquitin-activating enzyme E1 [Yasminevirus sp. GU-2018]
TRINITY_DN89289_c0_g1_i1	YP_003970068.1	35.0	80	49	2	70	303	424	502	1.40e-07	50.8	YP_003970068.1 putative ubiquitin-activating enzyme E1 [Cafeteria roenbergensis virus BV-PW1]
TRINITY_DN47898_c0_g1_i14	YP_010803516.1	38.5	179	102	4	302	826	381	555	4.78e-27	119	YP_010803516.1 bifunctional sulfate adenylyltransferase/adenylylsulfate kinase [Fadolivirus algeromassiliense]
TRINITY_DN47898_c0_g1_i14	YP_010781806.1	41.1	151	87	2	299	748	479	628	4.55e-26	117	YP_010781806.1 sulfate adenylyltransferase [Tupanvirus soda lake]
TRINITY_DN47898_c0_g1_i14	YP_010780515.1	40.4	151	88	2	299	748	479	628	3.29e-25	114	YP_010780515.1 putative bifunctional SAT/APS kinase 2 [Tupanvirus deep ocean]
TRINITY_DN47898_c0_g1_i14	YP_010841822.1	35.4	175	110	3	299	820	450	622	1.20e-24	112	YP_010841822.1 ATP-sulfurylase [Cotonvirus japonicus]
TRINITY_DN47898_c0_g1_i14	YP_010789776.1	35.0	177	112	3	299	826	467	641	3.79e-23	108	YP_010789776.1 adenylyl-sulfate kinase [Moumouvirus australiensis]
TRINITY_DN47898_c0_g1_i5	YP_010803516.1	38.5	179	102	4	173	697	381	555	5.20e-28	119	YP_010803516.1 bifunctional sulfate adenylyltransferase/adenylylsulfate kinase [Fadolivirus algeromassiliense]
TRINITY_DN47898_c0_g1_i5	YP_010781806.1	41.1	151	87	2	170	619	479	628	4.72e-27	117	YP_010781806.1 sulfate adenylyltransferase [Tupanvirus soda lake]
TRINITY_DN47898_c0_g1_i5	YP_010780515.1	40.4	151	88	2	170	619	479	628	3.75e-26	114	YP_010780515.1 putative bifunctional SAT/APS kinase 2 [Tupanvirus deep ocean]
TRINITY_DN47898_c0_g1_i5	YP_010841822.1	35.4	175	110	3	170	691	450	622	1.52e-25	112	YP_010841822.1 ATP-sulfurylase [Cotonvirus japonicus]
TRINITY_DN47898_c0_g1_i5	YP_010789776.1	35.0	177	112	3	170	697	467	641	5.46e-24	108	YP_010789776.1 adenylyl-sulfate kinase [Moumouvirus australiensis]
TRINITY_DN47872_c0_g1_i19	YP_009015548.1	26.6	188	115	7	1636	2163	13	189	3.12e-08	58.2	YP_009015548.1 ABC transporter [Bacillus phage G]
TRINITY_DN27593_c1_g1_i1	YP_009507248.1	67.2	61	20	0	186	4	229	289	9.67e-22	93.6	YP_009507248.1 ORF B [Trichoplusia ni TED virus]
TRINITY_DN27593_c1_g1_i1	YP_008567619.1	60.0	60	24	0	186	7	1484	1543	3.22e-16	77.8	YP_008567619.1 ORF3 [Piper yellow mottle virus]
TRINITY_DN27593_c1_g1_i1	YP_009553219.1	56.4	55	24	0	186	22	1249	1303	1.77e-14	72.8	YP_009553219.1 ORF3 [Dioscorea nummularia-associated virus]
TRINITY_DN27593_c1_g1_i1	YP_009552737.1	56.7	60	26	0	186	7	1489	1548	2.43e-14	72.4	YP_009552737.1 polyprotein [Birch leaf roll-associated virus]
TRINITY_DN27593_c1_g1_i1	YP_010790446.1	58.3	60	25	0	186	7	1626	1685	3.31e-14	72.0	YP_010790446.1 ORF3 [Dioscorea bacilliform virus]
TRINITY_DN27538_c0_g2_i2	YP_010803819.1	42.6	47	24	1	630	761	35	81	5.03e-06	53.9	YP_010803819.1 phosphatidylinositol kinase [Fadolivirus algeromassiliense]
TRINITY_DN98779_c0_g1_i2	YP_002519387.1	32.5	415	266	7	1879	3090	283	694	3.74e-49	190	YP_002519387.1 putative enzymatic polyprotein [Rudbeckia flower distortion virus]
TRINITY_DN98779_c0_g1_i2	NP_127504.1	31.1	408	263	9	1900	3090	1404	1804	5.66e-46	184	NP_127504.1 ORF I polyprotein [Petunia vein clearing virus]
TRINITY_DN98779_c0_g1_i2	YP_009553669.1	30.3	422	272	8	1867	3090	1206	1619	2.01e-44	179	YP_009553669.1 polyprotein [Pinus nigra virus 1]
TRINITY_DN98779_c0_g1_i2	YP_008992013.1	30.7	414	261	9	1894	3090	1356	1758	1.64e-43	176	YP_008992013.1 polyprotein [Citrus endogenous pararetrovirus]
TRINITY_DN98779_c0_g1_i2	NP_043933.1	29.6	442	293	9	1807	3090	265	702	2.75e-42	169	NP_043933.1 hypothetical protein [Strawberry vein banding virus]
TRINITY_DN61376_c0_g1_i3	YP_009910032.1	62.4	383	114	7	47	1168	19	380	2.04e-157	451	YP_009910032.1 porin OmpC [Escherichia phage 2G7b]
TRINITY_DN61376_c0_g1_i3	YP_009909629.1	62.4	383	114	7	47	1168	19	380	2.04e-157	451	YP_009909629.1 porin OmpC [Escherichia phage ev017]
TRINITY_DN61376_c0_g1_i3	YP_009909700.1	62.4	383	114	7	47	1168	19	380	2.04e-157	451	YP_009909700.1 porin OmpC [Escherichia phage ev207]
TRINITY_DN61376_c0_g1_i3	YP_009909485.1	62.6	382	112	8	50	1168	1	360	5.82e-157	449	YP_009909485.1 porin OmpC [Escherichia phage 4A7]
TRINITY_DN61376_c0_g1_i3	YP_009909961.1	60.7	382	119	8	50	1168	1	360	3.63e-153	439	YP_009909961.1 porin OmpD [Escherichia phage ev099]
TRINITY_DN61360_c0_g1_i8	YP_013611121.1	60.3	121	46	1	171	527	18	138	8.83e-45	150	YP_013611121.1 hypothetical protein YASMINEVIRUS_766 [Yasminevirus sp. GU-2018]
TRINITY_DN61360_c0_g1_i8	YP_013611720.1	54.3	105	48	0	171	485	7	111	8.49e-40	137	YP_013611720.1 Ras-related protein Rab-1A [Yasminevirus sp. GU-2018]
TRINITY_DN61360_c0_g1_i8	YP_010780883.1	56.2	105	46	0	171	485	3	107	3.37e-38	132	YP_010780883.1 rab family small GTPase [Tupanvirus deep ocean]
TRINITY_DN61360_c0_g1_i8	YP_010782189.1	55.2	105	47	0	171	485	3	107	1.90e-37	130	YP_010782189.1 rab family small GTPase [Tupanvirus soda lake]
TRINITY_DN61360_c0_g1_i8	YP_010778822.1	43.6	110	62	0	183	512	3	112	2.58e-28	107	YP_010778822.1 rab domain-containing protein [Bodo saltans virus]
TRINITY_DN30223_c0_g1_i4	YP_013611524.1	42.7	382	204	5	126	1268	7	374	1.11e-103	322	YP_013611524.1 actin-like [Yasminevirus sp. GU-2018]
TRINITY_DN12013_c0_g1_i1	YP_013610421.1	30.9	191	106	7	104	658	9	179	1.37e-11	67.4	YP_013610421.1 GTP-binding protein ypt5 [Yasminevirus sp. GU-2018]
TRINITY_DN12013_c0_g1_i1	YP_013611121.1	28.1	178	111	5	119	649	24	185	5.70e-10	62.4	YP_013611121.1 hypothetical protein YASMINEVIRUS_766 [Yasminevirus sp. GU-2018]
TRINITY_DN12013_c0_g1_i1	YP_007354220.1	27.8	115	81	2	101	442	1	114	1.22e-07	55.1	YP_007354220.1 Rab family GTPase [Acanthamoeba polyphaga moumouvirus]
TRINITY_DN12013_c0_g1_i1	YP_010777125.1	29.1	117	78	3	101	442	1	115	2.60e-07	54.3	YP_010777125.1 putative rab-related GTPase [Acanthamoeba polyphaga mimivirus]
TRINITY_DN12013_c0_g1_i1	YP_003986711.1	27.6	116	81	2	101	442	1	115	3.51e-07	53.9	YP_003986711.1 probable RAB-related GTPase [Acanthamoeba polyphaga mimivirus]
TRINITY_DN3942_c0_g1_i7	YP_003969759.1	39.5	81	37	2	428	634	8	88	4.47e-08	60.5	YP_003969759.1 putative DnaJ/Hsp40 [Cafeteria roenbergensis virus BV-PW1]
TRINITY_DN3942_c0_g1_i7	YP_010841622.1	42.1	76	41	1	428	646	6	81	5.63e-08	60.1	YP_010841622.1 DnaJ-like protein [Cotonvirus japonicus]
TRINITY_DN3942_c0_g1_i7	YP_003986758.1	45.5	66	33	1	422	610	7	72	9.58e-07	56.2	YP_003986758.1 DnaJ-like protein [Acanthamoeba polyphaga mimivirus]
TRINITY_DN3942_c0_g1_i7	YP_010777173.1	45.5	66	33	1	422	610	7	72	9.58e-07	56.2	YP_010777173.1 DnaJ-like protein [Acanthamoeba polyphaga mimivirus]
TRINITY_DN3942_c0_g1_i7	YP_009173306.1	44.3	61	31	1	428	601	14	74	3.78e-06	53.9	YP_009173306.1 chaperone protein DnaJ [Chrysochromulina ericina virus]
TRINITY_DN33602_c0_g1_i8	YP_013610990.1	32.7	223	145	4	1049	1711	9	228	8.33e-30	123	YP_013610990.1 hypothetical protein YASMINEVIRUS_635 [Yasminevirus sp. GU-2018]
TRINITY_DN33602_c0_g1_i8	YP_308891.1	31.0	242	150	4	1094	1804	23	252	3.18e-28	118	YP_308891.1 protein kinase 1 (pk1) [Trichoplusia ni single nucleopolyhedrovirus]
TRINITY_DN33602_c0_g1_i8	YP_009116916.1	30.2	242	152	4	1094	1804	23	252	5.85e-28	117	YP_009116916.1 protein kinase [Pseudoplusia includens SNPV IE]
TRINITY_DN33602_c0_g1_i8	YP_249607.1	29.8	242	153	4	1094	1804	23	252	3.65e-27	115	YP_249607.1 PK1 [Chrysodeixis chalcites nucleopolyhedrovirus]
TRINITY_DN33602_c0_g1_i8	YP_010802447.1	31.2	263	155	8	1103	1861	26	272	6.87e-27	114	YP_010802447.1 protein kinase-1 [Chrysodeixis includens nucleopolyhedrovirus]
TRINITY_DN62357_c0_g2_i1	YP_803294.1	33.5	248	151	8	8	721	18	261	5.90e-17	84.0	YP_803294.1 FabG-like 3-oxoacyl-(acyl-carrier-protein) reductase [Trichoplusia ni ascovirus 2c]
TRINITY_DN62357_c0_g2_i1	YP_001949959.1	45.2	73	40	0	900	1118	7	79	5.99e-12	64.7	YP_001949959.1 acyl carrier protein [Ralstonia phage phiRSL1]
TRINITY_DN62357_c0_g2_i1	YP_009640099.1	28.7	251	157	8	8	721	44	285	1.86e-10	65.1	YP_009640099.1 FabG-like 3-oxoacyl-(acyl-carrier-protein) reductase [Diadromus pulchellus ascovirus 4a]
TRINITY_DN62357_c0_g2_i1	YP_009903648.1	32.5	77	51	1	891	1121	4	79	1.37e-06	49.3	YP_009903648.1 acyl carrier protein [Achromobacter phage Motura]
TRINITY_DN62357_c0_g2_i1	YP_009623763.1	36.8	87	45	1	882	1112	48	134	2.70e-06	50.1	YP_009623763.1 Acyl carrier protein [Yersinia phage fHe-Yen9-04]
TRINITY_DN36972_c1_g1_i1	NP_127504.1	28.4	331	228	6	979	2	1403	1729	2.39e-30	128	NP_127504.1 ORF I polyprotein [Petunia vein clearing virus]
TRINITY_DN36972_c1_g1_i1	YP_007761644.1	25.2	353	240	7	1012	2	395	739	8.47e-27	117	YP_007761644.1 reverse transcriptase [Rose yellow vein virus]
TRINITY_DN36972_c1_g1_i1	YP_008992013.1	25.3	332	239	6	982	2	1356	1683	1.34e-22	104	YP_008992013.1 polyprotein [Citrus endogenous pararetrovirus]
TRINITY_DN36972_c1_g1_i1	YP_004732983.2	26.8	299	203	5	982	128	1441	1737	1.82e-22	104	YP_004732983.2 polyprotein [Grapevine vein clearing virus]
TRINITY_DN36993_c3_g1_i1	YP_004324347.1	41.1	124	71	1	107	472	1	124	2.82e-28	105	YP_004324347.1 peptide deformylase [Synechococcus phage S-SSM7]
TRINITY_DN36993_c3_g1_i1	YP_010670091.1	38.4	146	87	1	35	472	1	143	3.88e-26	100	YP_010670091.1 peptide deformylase [Synechococcus phage S-SRM01]
TRINITY_DN15716_c0_g1_i2	YP_009483690.1	27.7	563	309	21	717	2264	40	551	2.08e-41	164	YP_009483690.1 Carboxylic ester hydrolase [Pandoravirus quercus]
TRINITY_DN15716_c0_g1_i2	YP_009481512.1	27.5	517	300	19	717	2162	32	508	1.11e-38	156	YP_009481512.1 Carboxylic ester hydrolase [Pandoravirus macleodensis]
TRINITY_DN15716_c0_g1_i2	YP_010788378.1	25.6	551	331	21	720	2270	25	530	5.01e-33	139	YP_010788378.1 cholinesterase [Megavirus baoshan]
TRINITY_DN15716_c0_g1_i2	YP_010779936.1	26.0	553	326	23	720	2270	26	531	5.17e-33	139	YP_010779936.1 hypothetical protein QJ854_gp081 [Moumouvirus goulette]
TRINITY_DN15716_c0_g1_i2	YP_004895032.1	25.7	556	326	23	720	2273	25	531	3.89e-32	136	YP_004895032.1 putative cholinesterase [Megavirus chiliensis]
TRINITY_DN15545_c0_g1_i9	YP_443922.1	25.6	211	145	6	886	281	1815	2022	1.60e-08	59.3	YP_443922.1 polyprotein [Atlantic salmon swim bladder sarcoma virus]
TRINITY_DN15526_c0_g1_i4	YP_009783912.1	28.9	651	376	20	2305	4089	239	858	3.70e-67	248	YP_009783912.1 putative DNA-dependent RNA polymerase protein [Rhizobium phage RHEph01]
TRINITY_DN15526_c0_g1_i4	YP_009799724.1	29.1	683	389	23	2206	4089	206	848	5.75e-67	248	YP_009799724.1 RNA polymerase [Ralstonia phage RsoP1EGY]
TRINITY_DN15526_c0_g1_i4	YP_009795337.1	29.3	648	365	21	2308	4089	240	848	1.03e-66	247	YP_009795337.1 RNA polymerase [Ralstonia phage DU_RP_I]
TRINITY_DN15526_c0_g1_i4	YP_010064547.1	27.4	814	488	27	1747	4089	51	794	9.11e-65	240	YP_010064547.1 RNA polymerase [Ralstonia phage Anchaing]
TRINITY_DN15526_c0_g1_i4	YP_008858902.1	30.1	624	356	21	2308	4089	225	798	9.53e-59	222	YP_008858902.1 RNA polymerase [Xylella phage Paz]
TRINITY_DN74205_c0_g1_i9	YP_009329013.1	31.6	152	90	5	1403	1822	354	503	2.08e-09	65.5	YP_009329013.1 serine-threonine kinase [Cedratvirus A11]
TRINITY_DN74205_c0_g1_i9	YP_013612978.1	30.9	152	91	5	1403	1822	354	503	2.08e-09	65.5	YP_013612978.1 serine/threonine protein kinase [Cedratvirus lausannensis]
TRINITY_DN74205_c0_g1_i9	YP_013612139.1	29.6	152	93	5	1403	1822	356	505	1.59e-07	59.3	YP_013612139.1 5'-nucleotidase/apyrase [Brazilian cedratvirus IHUMI]
TRINITY_DN74205_c0_g1_i9	YP_013022573.1	25.9	220	147	6	1196	1816	282	498	2.39e-06	55.5	YP_013022573.1 protein kinase [Cedratvirus kamchatka]
TRINITY_DN46942_c0_g1_i1	YP_009448950.1	27.4	208	134	4	186	767	4	208	1.32e-14	75.1	YP_009448950.1 Synaptobrevin/VAMP-like protein [Orpheovirus IHUMI-LCC2]
TRINITY_DN46942_c0_g1_i1	YP_010803705.1	28.1	199	117	5	183	767	1	177	4.27e-13	70.1	YP_010803705.1 SNARE-like protein [Fadolivirus algeromassiliense]
TRINITY_DN46942_c0_g1_i1	YP_010781514.1	27.7	184	106	4	240	776	17	178	3.21e-11	64.7	YP_010781514.1 synaptobrevin YKT6 [Tupanvirus soda lake]
TRINITY_DN46942_c0_g1_i1	YP_010780232.1	27.5	182	108	5	240	776	17	177	1.74e-09	59.7	YP_010780232.1 hypothetical protein QJ856_gp1133 [Tupanvirus deep ocean]
TRINITY_DN46930_c0_g1_i1	YP_010796966.1	63.8	47	17	0	12	152	364	410	4.10e-15	74.3	YP_010796966.1 PLA2X-adenain [Mayetiola barley midge adintovirus]
TRINITY_DN20565_c1_g1_i2	YP_010087519.1	28.7	150	91	7	462	890	1	141	3.20e-13	71.6	YP_010087519.1 E3-M1/8-like protein [Phascolarctid gammaherpesvirus 1]
TRINITY_DN20565_c1_g1_i2	YP_010084463.1	28.8	156	101	6	465	923	10	158	4.76e-11	65.1	YP_010084463.1 E3 ubiquitin-protein ligase MARCH1 isoform X2 [Harp seal herpesvirus]
TRINITY_DN20565_c1_g1_i2	YP_010087378.1	34.7	98	58	2	465	749	8	102	1.49e-10	64.3	YP_010087378.1 E3-M1 [Vombatid gammaherpesvirus 1]
TRINITY_DN20521_c0_g1_i3	YP_013611524.1	58.3	372	148	4	128	1228	7	376	7.90e-161	463	YP_013611524.1 actin-like [Yasminevirus sp. GU-2018]
TRINITY_DN20521_c0_g1_i4	YP_013611524.1	35.3	501	144	5	1511	3010	55	376	1.18e-90	298	YP_013611524.1 actin-like [Yasminevirus sp. GU-2018]
TRINITY_DN20521_c0_g1_i7	YP_013611524.1	62.2	37	14	0	128	238	7	43	1.97e-09	56.6	YP_013611524.1 actin-like [Yasminevirus sp. GU-2018]
TRINITY_DN1149_c0_g1_i23	YP_009325865.1	37.5	661	340	14	1793	3775	276	863	2.60e-106	366	YP_009325865.1 ATPase [Only Syngen Nebraska virus 5]
TRINITY_DN1149_c0_g1_i23	YP_009665578.1	35.2	702	375	16	1646	3751	234	855	1.31e-104	361	YP_009665578.1 ATPase [Paramecium bursaria Chlorella virus NYs1]
TRINITY_DN1149_c0_g1_i23	YP_001498866.1	35.2	702	375	16	1646	3751	234	855	1.31e-104	361	YP_001498866.1 ATPase [Paramecium bursaria Chlorella virus AR158]
TRINITY_DN1149_c0_g1_i23	YP_009701904.1	36.4	654	330	14	1820	3766	287	859	4.08e-102	354	YP_009701904.1 ATPase [Paramecium bursaria Chlorella virus CVA-1]
TRINITY_DN1149_c0_g1_i23	YP_013611775.1	28.2	611	347	18	1796	3439	348	929	1.48e-54	214	YP_013611775.1 calcium-transporting P-type ATPase, PMR1-type [Yasminevirus sp. GU-2018]
TRINITY_DN1149_c0_g1_i30	YP_009701904.1	35.7	244	142	3	613	1338	629	859	9.96e-33	139	YP_009701904.1 ATPase [Paramecium bursaria Chlorella virus CVA-1]
TRINITY_DN1149_c0_g1_i30	YP_009665578.1	32.1	237	150	2	613	1323	630	855	1.11e-29	129	YP_009665578.1 ATPase [Paramecium bursaria Chlorella virus NYs1]
TRINITY_DN1149_c0_g1_i30	YP_001498866.1	32.1	237	150	2	613	1323	630	855	1.11e-29	129	YP_001498866.1 ATPase [Paramecium bursaria Chlorella virus AR158]
TRINITY_DN1149_c0_g1_i30	YP_009325865.1	31.0	245	158	2	613	1347	630	863	2.41e-28	125	YP_009325865.1 ATPase [Only Syngen Nebraska virus 5]
TRINITY_DN1149_c0_g1_i30	YP_013611775.1	34.8	132	86	0	616	1011	798	929	1.62e-18	94.4	YP_013611775.1 calcium-transporting P-type ATPase, PMR1-type [Yasminevirus sp. GU-2018]
TRINITY_DN1149_c0_g1_i5	YP_009325865.1	37.5	661	340	14	1869	3851	276	863	2.57e-106	366	YP_009325865.1 ATPase [Only Syngen Nebraska virus 5]
TRINITY_DN1149_c0_g1_i5	YP_009665578.1	35.2	702	375	16	1722	3827	234	855	1.29e-104	361	YP_009665578.1 ATPase [Paramecium bursaria Chlorella virus NYs1]
TRINITY_DN1149_c0_g1_i5	YP_001498866.1	35.2	702	375	16	1722	3827	234	855	1.29e-104	361	YP_001498866.1 ATPase [Paramecium bursaria Chlorella virus AR158]
TRINITY_DN1149_c0_g1_i5	YP_009701904.1	36.4	654	330	14	1896	3842	287	859	4.03e-102	354	YP_009701904.1 ATPase [Paramecium bursaria Chlorella virus CVA-1]
TRINITY_DN1149_c0_g1_i5	YP_013611775.1	28.2	611	347	18	1872	3515	348	929	1.47e-54	214	YP_013611775.1 calcium-transporting P-type ATPase, PMR1-type [Yasminevirus sp. GU-2018]
TRINITY_DN1122_c0_g1_i2	YP_009703037.1	50.6	162	69	4	31	501	4	159	4.12e-46	156	YP_009703037.1 BA71V-I215L (k13L) [African swine fever virus]
TRINITY_DN1122_c0_g1_i2	NP_042834.1	50.6	162	69	4	31	501	4	159	5.48e-46	156	NP_042834.1 ubiquitin-conjugating enzyme [African swine fever virus]
TRINITY_DN1122_c0_g1_i2	YP_009702388.1	50.6	162	69	4	31	501	4	159	5.48e-46	156	YP_009702388.1 ubiquitin-conjugation enzyme [African swine fever virus]
TRINITY_DN1122_c0_g1_i2	YP_009702546.1	50.6	162	69	4	31	501	4	159	5.48e-46	156	YP_009702546.1 pI215L [African swine fever virus]
TRINITY_DN1122_c0_g1_i2	YP_009703197.1	50.6	162	69	4	31	501	4	159	5.48e-46	156	YP_009703197.1 I215L [African swine fever virus]
TRINITY_DN1126_c0_g2_i8	YP_003986909.1	25.4	386	244	12	928	2061	38	387	1.05e-26	117	YP_003986909.1 DNA methyltransferase [Acanthamoeba polyphaga mimivirus]
TRINITY_DN1126_c0_g2_i8	YP_010779570.1	24.2	401	252	13	889	2049	16	378	1.62e-26	116	YP_010779570.1 methyltransferase [Moumouvirus goulette]
TRINITY_DN1126_c0_g2_i8	YP_007354386.1	24.4	385	245	10	922	2049	6	353	2.57e-26	115	YP_007354386.1 DNA methyltransferase [Acanthamoeba polyphaga moumouvirus]
TRINITY_DN1126_c0_g2_i8	YP_010777317.1	25.5	392	236	12	928	2061	38	387	1.53e-25	113	YP_010777317.1 putative RNA methyltransferase [Acanthamoeba polyphaga mimivirus]
TRINITY_DN1120_c0_g1_i3	YP_010510363.1	30.0	130	80	3	1285	896	177	295	9.40e-06	53.5	YP_010510363.1 Reverse transcriptase [uncultured phage cr23_1]
TRINITY_DN1120_c0_g1_i4	YP_010510363.1	30.0	130	80	3	1285	896	177	295	9.25e-06	53.5	YP_010510363.1 Reverse transcriptase [uncultured phage cr23_1]
TRINITY_DN1175_c0_g1_i30	YP_010803766.1	28.4	215	119	8	959	1561	1	194	1.49e-08	61.2	YP_010803766.1 patatin-like phospholipase [Fadolivirus algeromassiliense]
TRINITY_DN1106_c0_g1_i1	YP_009909757.1	80.9	68	13	0	147	350	1	68	5.46e-35	118	YP_009909757.1 cold shock protein [Escherichia phage 2H10]
TRINITY_DN1106_c0_g1_i1	YP_009909763.1	72.9	70	19	0	147	356	1	70	2.76e-30	106	YP_009909763.1 cold shock protein [Escherichia phage 2H10]
TRINITY_DN9846_c0_g1_i17	YP_010781190.1	23.1	425	266	16	495	1730	42	418	1.84e-11	72.4	YP_010781190.1 structural ppiase-like protein [Tupanvirus deep ocean]
TRINITY_DN9874_c0_g1_i12	YP_008319314.1	30.3	195	116	7	2	541	314	503	2.68e-16	80.5	YP_008319314.1 Cytochrome P450 [Pandoravirus dulcis]
TRINITY_DN9874_c0_g1_i12	YP_009483171.1	30.2	192	117	6	2	541	313	499	4.96e-16	79.7	YP_009483171.1 Cytochrome P450 [Pandoravirus quercus]
TRINITY_DN9874_c0_g1_i12	YP_008319316.1	27.8	187	120	4	8	538	340	521	1.42e-14	75.5	YP_008319316.1 Cytochrome P450 [Pandoravirus dulcis]
TRINITY_DN9874_c0_g1_i12	YP_009165152.1	27.8	187	113	6	11	541	327	501	6.30e-14	73.6	YP_009165152.1 Cytochrome P450 [Mollivirus sibericum]
TRINITY_DN9874_c0_g1_i12	YP_009481242.1	26.9	193	124	5	2	538	316	505	2.13e-13	72.0	YP_009481242.1 Cytochrome P450 [Pandoravirus macleodensis]
TRINITY_DN9874_c0_g1_i15	YP_009165152.1	27.3	205	130	5	1126	1719	309	501	8.31e-16	84.7	YP_009165152.1 Cytochrome P450 [Mollivirus sibericum]
TRINITY_DN9895_c0_g1_i16	YP_009665234.1	27.5	244	127	7	423	1148	8	203	4.40e-16	80.5	YP_009665234.1 phosphodiesterase [Paramecium bursaria Chlorella virus NYs1]
TRINITY_DN9895_c0_g1_i16	YP_001497271.1	27.5	244	127	7	423	1148	8	203	8.12e-16	79.7	YP_001497271.1 phosphodiesterase [Paramecium bursaria Chlorella virus NY2A]
TRINITY_DN9895_c0_g1_i16	YP_001498145.1	27.5	244	127	7	423	1148	8	203	8.12e-16	79.7	YP_001498145.1 phosphodiesterase [Paramecium bursaria Chlorella virus AR158]
TRINITY_DN9895_c0_g1_i16	YP_009325529.1	27.8	230	116	5	465	1148	3	184	4.14e-14	74.3	YP_009325529.1 phosphodiesterase [Only Syngen Nebraska virus 5]
TRINITY_DN9895_c0_g1_i16	YP_009814291.1	33.7	101	65	1	441	743	332	430	1.90e-08	60.1	YP_009814291.1 phosphodiesterase [Lactobacillus phage Iacchus]
TRINITY_DN9823_c0_g1_i1	YP_010803108.1	32.1	162	104	2	448	930	18	174	5.31e-17	84.0	YP_010803108.1 ATP-dependent RNA helicase DEAD-box [Fadolivirus algeromassiliense]
TRINITY_DN9823_c0_g1_i1	YP_009666148.1	32.5	151	95	2	484	933	17	161	8.87e-17	83.2	YP_009666148.1 hypothetical protein FLA14_p101 [Diachasmimorpha longicaudata entomopoxvirus]
TRINITY_DN9823_c0_g1_i1	YP_010796805.1	32.5	151	95	2	484	933	17	161	8.87e-17	83.2	YP_010796805.1 putative RNA helicase [Diachasmimorpha longicaudata entomopoxvirus]
TRINITY_DN9823_c0_g1_i1	YP_003970003.1	28.8	160	108	2	457	936	10	163	8.75e-15	77.4	YP_003970003.1 putative superfamily II helicase/eIF-4AIII [Cafeteria roenbergensis virus BV-PW1]
TRINITY_DN1489_c0_g1_i2	YP_009448553.1	41.4	87	51	0	196	456	23	109	2.27e-17	80.5	YP_009448553.1 Thioredoxin [Orpheovirus IHUMI-LCC2]
TRINITY_DN1489_c0_g1_i2	YP_009786291.1	34.8	92	59	1	190	462	13	104	4.09e-15	73.9	YP_009786291.1 thioredoxin domain [Staphylococcus phage vB_SscM-1]
TRINITY_DN1489_c0_g1_i2	YP_009904145.1	39.5	76	43	2	199	420	19	93	5.63e-14	70.9	YP_009904145.1 thioredoxin domain [Burkholderia phage BcepSaruman]
TRINITY_DN1489_c0_g1_i2	YP_009904591.1	38.2	76	44	2	199	420	19	93	2.70e-13	68.9	YP_009904591.1 thioredoxin domain [Burkholderia phage BcepSauron]
TRINITY_DN1489_c0_g1_i2	YP_010803138.1	32.6	89	56	2	202	459	22	109	5.54e-11	62.8	YP_010803138.1 thioredoxin [Fadolivirus algeromassiliense]
TRINITY_DN1421_c0_g1_i1	NP_048132.1	29.5	298	177	10	2346	1489	136	412	3.48e-21	102	NP_048132.1 Reverse transcriptase [Melanoplus sanguinipes entomopoxvirus]
TRINITY_DN1401_c0_g1_i4	NP_046572.1	29.7	202	139	2	3446	4048	498	697	2.92e-21	104	NP_046572.1 ABC transporter [Bacillus phage SPBc2]
TRINITY_DN1401_c0_g1_i4	YP_009909664.1	28.6	227	133	6	1469	2089	5	222	9.89e-15	79.7	YP_009909664.1 ABC transporter [Escherichia phage ev207]
TRINITY_DN1401_c0_g1_i4	YP_009909519.1	28.6	227	133	6	1469	2089	6	223	1.01e-14	79.7	YP_009909519.1 ABC transporter [Escherichia phage 1H12]
TRINITY_DN1401_c0_g1_i4	YP_009909590.1	28.6	227	133	6	1469	2089	6	223	1.01e-14	79.7	YP_009909590.1 ABC transporter [Escherichia phage ev017]
TRINITY_DN1401_c0_g1_i4	YP_009909451.1	29.3	208	120	5	1526	2089	23	223	4.48e-14	77.8	YP_009909451.1 ABC transporter [Escherichia phage 4A7]
TRINITY_DN1423_c0_g1_i5	YP_009238627.1	30.1	259	171	6	988	1749	750	1003	1.61e-29	129	YP_009238627.1 serine-threonine kinase [Brazilian marseillevirus]
TRINITY_DN1423_c0_g1_i5	YP_009483849.1	30.3	261	173	5	988	1761	1529	1783	1.24e-28	127	YP_009483849.1 serine-threonine kinase [Pandoravirus quercus]
TRINITY_DN1423_c0_g1_i5	YP_009481279.1	27.3	271	183	5	988	1767	822	1089	1.95e-27	123	YP_009481279.1 serine-threonine kinase [Pandoravirus macleodensis]
TRINITY_DN1423_c0_g1_i5	YP_009482204.1	27.3	275	178	6	988	1767	836	1103	2.59e-27	122	YP_009482204.1 serine-threonine kinase [Pandoravirus neocaledonia]
TRINITY_DN1423_c0_g1_i5	YP_010841334.1	25.7	272	187	5	988	1767	791	1059	3.34e-24	112	YP_010841334.1 putative serine/threonine-protein kinase [Cotonvirus japonicus]
TRINITY_DN72359_c0_g1_i2	YP_010777996.1	51.0	143	68	2	190	615	84	225	6.24e-44	149	YP_010777996.1 cyclophilin ABH-like protein [Bodo saltans virus]
TRINITY_DN72359_c0_g1_i2	YP_009052149.1	51.7	143	67	2	181	606	72	213	9.95e-44	148	YP_009052149.1 putative cyclophilin type peptydyl-prolyl cis-trans isomerase [Aureococcus anophagefferens virus]
TRINITY_DN72359_c0_g1_i2	YP_010803578.1	48.3	145	69	5	187	609	12	154	9.42e-33	118	YP_010803578.1 cyclophilin-type peptidyl-prolyl cis-trans isomerase [Fadolivirus algeromassiliense]
TRINITY_DN22842_c0_g1_i8	YP_009001498.1	29.2	1492	872	49	6	4403	173	1505	5.38e-156	520	YP_009001498.1 ABC transporter [Alphaentomopoxvirus acuprea]
TRINITY_DN22842_c0_g1_i8	NP_064912.1	31.9	313	198	7	3471	4382	1077	1383	2.69e-38	160	NP_064912.1 ABC transporter [Betaentomopoxvirus amoorei]
TRINITY_DN22842_c0_g1_i8	YP_009001225.1	30.3	195	122	7	1020	1577	86	275	5.69e-13	77.4	YP_009001225.1 ABC transporter [Pithovirus sibericum]
TRINITY_DN22842_c0_g1_i8	YP_010778212.1	28.3	205	120	8	981	1544	371	565	1.01e-08	63.5	YP_010778212.1 multidrug export ATPase/permease [Bodo saltans virus]
TRINITY_DN22842_c0_g1_i9	YP_009001498.1	27.1	554	346	15	330	1955	5	512	1.36e-50	194	YP_009001498.1 ABC transporter [Alphaentomopoxvirus acuprea]
TRINITY_DN7024_c0_g1_i2	YP_003284237.1	28.2	330	195	10	1760	2650	1030	1350	3.30e-18	94.0	YP_003284237.1 ORF3 protein [Sugarcane bacilliform Guadeloupe D virus]
TRINITY_DN7024_c0_g1_i2	YP_009666830.1	24.1	323	217	6	1760	2650	1102	1422	3.86e-17	90.5	YP_009666830.1 ORF3 polyprotein [Cacao swollen shoot Ghana Q virus]
TRINITY_DN7024_c0_g1_i2	YP_010790446.1	25.8	337	193	12	1760	2650	1347	1666	3.93e-17	90.5	YP_010790446.1 ORF3 [Dioscorea bacilliform virus]
TRINITY_DN7024_c0_g1_i2	YP_010087614.1	26.6	327	194	11	1763	2650	1314	1625	6.76e-17	89.7	YP_010087614.1 polyprotein [Polyscias mosaic virus]
TRINITY_DN7024_c0_g1_i2	YP_009113237.2	25.8	325	209	9	1760	2650	1243	1563	1.16e-16	89.0	YP_009113237.2 polyprotein [Mulberry badnavirus 1]
TRINITY_DN7061_c0_g1_i4	YP_009666148.1	27.1	421	218	12	525	1769	17	354	4.40e-28	120	YP_009666148.1 hypothetical protein FLA14_p101 [Diachasmimorpha longicaudata entomopoxvirus]
TRINITY_DN7061_c0_g1_i4	YP_010796805.1	27.1	421	218	12	525	1769	17	354	4.40e-28	120	YP_010796805.1 putative RNA helicase [Diachasmimorpha longicaudata entomopoxvirus]
TRINITY_DN7017_c0_g1_i1	YP_009179389.1	36.2	575	343	15	824	2509	239	802	1.29e-102	341	YP_009179389.1 NS3-like protein [Wuhan aphid virus 1]
TRINITY_DN7017_c0_g1_i1	YP_009179379.1	37.1	579	338	17	818	2512	242	808	8.04e-102	339	YP_009179379.1 NS3-like protein [Wuhan aphid virus 2]
TRINITY_DN7017_c0_g1_i1	YP_009179402.1	34.1	572	353	13	818	2509	240	795	2.12e-92	313	YP_009179402.1 NS3-like protein [Shuangao insect virus 7]
TRINITY_DN7017_c0_g1_i1	YP_009179404.1	35.1	555	339	14	848	2488	250	791	6.01e-87	298	YP_009179404.1 NS3-like protein [Wuhan flea virus]
TRINITY_DN7017_c0_g1_i1	YP_009551951.1	28.1	463	301	14	833	2161	1607	2057	4.78e-32	139	YP_009551951.1 polyprotein [Lumpfish flavivirus]
TRINITY_DN27634_c0_g1_i3	YP_013022516.1	33.8	302	194	4	48	944	4	302	1.91e-44	166	YP_013022516.1 D-3-phosphoglycerate dehydrogenase [Cedratvirus kamchatka]
TRINITY_DN27634_c0_g1_i3	YP_013612038.1	33.5	322	197	6	48	992	4	315	1.65e-41	157	YP_013612038.1 D-3-phosphoglycerate dehydrogenase type 2 [Brazilian cedratvirus IHUMI]
TRINITY_DN27634_c0_g1_i3	YP_009328950.1	33.0	303	197	4	48	947	4	303	7.74e-41	155	YP_009328950.1 D-3-phosphoglycerate dehydrogenase, type2 [Cedratvirus A11]
TRINITY_DN27634_c0_g1_i3	YP_013613048.1	31.2	321	212	5	48	1001	4	318	1.70e-39	152	YP_013613048.1 hypothetical protein BQ9231_00618 [Cedratvirus lausannensis]
TRINITY_DN27634_c0_g1_i3	YP_009325533.1	28.3	247	159	3	258	947	105	350	1.41e-23	106	YP_009325533.1 D-lactate dehydrogenase [Only Syngen Nebraska virus 5]
TRINITY_DN27633_c0_g1_i1	YP_009052194.1	52.4	468	208	6	46	1440	1	456	1.53e-162	471	YP_009052194.1 translation elongation factor [Aureococcus anophagefferens virus]
TRINITY_DN27633_c0_g1_i1	YP_009238667.1	28.3	463	271	16	70	1431	3	413	1.01e-39	151	YP_009238667.1 translation elongation factor [Brazilian marseillevirus]
TRINITY_DN27633_c0_g1_i1	YP_009254947.1	28.5	463	277	16	70	1440	5	419	2.92e-39	150	YP_009254947.1 conserved putative translation elongation factor 1-alpha [Tokyovirus A1]
TRINITY_DN27633_c0_g1_i1	YP_009329269.1	28.1	469	262	16	76	1434	5	414	5.07e-39	149	YP_009329269.1 translation elongation factor [Cedratvirus A11]
TRINITY_DN27633_c0_g1_i1	YP_009094648.1	28.3	466	268	17	70	1431	5	416	3.64e-37	144	YP_009094648.1 conserved putative translation elongation factor 1-alpha [Marseillevirus sp. 'Melbournevirus']
TRINITY_DN711_c0_g1_i7	YP_009507248.1	31.1	473	311	6	3225	4625	94	557	7.50e-67	251	YP_009507248.1 ORF B [Trichoplusia ni TED virus]
TRINITY_DN711_c0_g1_i7	YP_009513211.1	29.7	401	255	12	3321	4475	124	513	4.86e-32	140	YP_009513211.1 pol protein [Koala retrovirus]
TRINITY_DN793_c1_g1_i9	YP_010780363.1	24.3	111	80	2	871	1203	18	124	1.39e-07	53.9	YP_010780363.1 mimivirus translation initiation factor 5 [Tupanvirus deep ocean]
TRINITY_DN724_c0_g1_i6	YP_009507248.1	35.7	476	295	5	2497	3897	84	557	1.24e-82	299	YP_009507248.1 ORF B [Trichoplusia ni TED virus]
TRINITY_DN724_c0_g1_i6	YP_009666308.1	28.5	629	409	11	2557	4401	281	882	7.07e-64	241	YP_009666308.1 Reverse Transcriptase, partial [Cladosporium fulvum T-1 virus]
TRINITY_DN724_c0_g1_i6	NP_659397.1	28.3	407	281	5	2707	3897	258	663	1.76e-40	164	NP_659397.1 hypothetical protein [Mirabilis mosaic virus]
TRINITY_DN724_c0_g1_i6	NP_127504.1	29.0	407	273	8	2707	3897	1404	1804	4.88e-38	160	NP_127504.1 ORF I polyprotein [Petunia vein clearing virus]
TRINITY_DN724_c0_g1_i6	YP_009506267.1	27.0	381	267	6	2794	3906	1478	1857	5.74e-30	134	YP_009506267.1 ORF3 protein [Dioscorea bacilliform AL virus]
TRINITY_DN724_c0_g2_i1	NP_127504.1	34.1	123	73	3	5	358	1685	1804	6.87e-12	67.4	NP_127504.1 ORF I polyprotein [Petunia vein clearing virus]
TRINITY_DN783_c1_g2_i1	YP_010796970.1	49.0	304	153	1	341	1246	6	309	9.96e-97	295	YP_010796970.1 integrase [Mayetiola barley midge adintovirus]
TRINITY_DN783_c1_g2_i1	YP_184882.1	53.0	215	99	2	326	967	3	216	1.21e-69	222	YP_184882.1 hypothetical protein CcBV_31.2 [Bracoviriform congregatae]
TRINITY_DN783_c1_g2_i1	YP_010796949.1	41.1	309	171	6	344	1243	52	358	9.57e-65	214	YP_010796949.1 integrase [Terrapene box turtle adintovirus]
TRINITY_DN781_c1_g1_i1	YP_010803634.1	40.8	120	68	2	504	863	83	199	2.85e-19	89.7	YP_010803634.1 exonuclease RNAse T/DNA polymerase III [Fadolivirus algeromassiliense]
TRINITY_DN781_c1_g1_i1	YP_010780907.1	37.3	118	67	3	504	848	6	119	4.15e-18	85.1	YP_010780907.1 hypothetical protein QJ856_gp0458 [Tupanvirus deep ocean]
TRINITY_DN781_c1_g1_i1	YP_010782214.1	38.3	120	66	4	501	848	4	119	3.60e-17	82.4	YP_010782214.1 exonuclease [Tupanvirus soda lake]
TRINITY_DN781_c1_g1_i1	YP_009333466.1	36.8	117	70	2	507	857	1281	1393	6.63e-16	82.4	YP_009333466.1 RdRp [Beihai sea slater virus 4]
TRINITY_DN781_c1_g1_i1	YP_013610510.1	33.6	125	64	4	504	836	20	139	2.38e-13	71.6	YP_013610510.1 exonuclease [Yasminevirus sp. GU-2018]
TRINITY_DN781_c1_g1_i6	YP_010780907.1	34.9	209	127	5	504	1118	6	209	3.02e-32	127	YP_010780907.1 hypothetical protein QJ856_gp0458 [Tupanvirus deep ocean]
TRINITY_DN781_c1_g1_i6	YP_010782214.1	35.5	211	126	6	501	1118	4	209	1.34e-31	125	YP_010782214.1 exonuclease [Tupanvirus soda lake]
TRINITY_DN781_c1_g1_i6	YP_010803634.1	34.3	204	127	3	504	1103	83	283	1.58e-31	127	YP_010803634.1 exonuclease RNAse T/DNA polymerase III [Fadolivirus algeromassiliense]
TRINITY_DN781_c1_g1_i6	YP_013610510.1	32.5	200	116	4	504	1061	20	214	3.61e-28	115	YP_013610510.1 exonuclease [Yasminevirus sp. GU-2018]
TRINITY_DN781_c1_g1_i6	YP_009333466.1	32.1	268	161	7	507	1268	1281	1541	9.63e-28	122	YP_009333466.1 RdRp [Beihai sea slater virus 4]
TRINITY_DN714_c0_g1_i19	NP_835691.1	26.7	501	283	19	2300	3706	101	549	8.24e-29	128	NP_835691.1 DNA helicase [Rhodothermus phage RM378]
TRINITY_DN714_c0_g1_i19	YP_004934751.1	24.5	518	324	17	2306	3787	65	539	9.24e-28	124	YP_004934751.1 helicase [Gordonia phage GTE7]
TRINITY_DN714_c0_g1_i19	YP_009189188.1	24.5	518	324	17	2306	3787	65	539	9.24e-28	124	YP_009189188.1 putative helicase [Gordonia phage GMA7]
TRINITY_DN714_c0_g1_i19	YP_009821537.1	25.1	521	300	15	2312	3676	113	609	7.82e-26	119	YP_009821537.1 DNA helicase [Gordonia phage GodonK]
TRINITY_DN714_c0_g1_i19	YP_009824825.1	23.7	514	329	14	2312	3787	34	506	8.94e-26	117	YP_009824825.1 DNA helicase [Gordonia phage SteveFrench]
TRINITY_DN752_c0_g1_i1	YP_010777996.1	55.6	160	68	1	500	979	70	226	1.21e-53	180	YP_010777996.1 cyclophilin ABH-like protein [Bodo saltans virus]
TRINITY_DN752_c0_g1_i1	YP_010803578.1	55.5	146	64	1	545	982	14	158	4.30e-46	158	YP_010803578.1 cyclophilin-type peptidyl-prolyl cis-trans isomerase [Fadolivirus algeromassiliense]
TRINITY_DN752_c0_g1_i1	YP_009052149.1	51.4	146	68	1	545	982	76	218	5.12e-40	144	YP_009052149.1 putative cyclophilin type peptydyl-prolyl cis-trans isomerase [Aureococcus anophagefferens virus]
TRINITY_DN92417_c0_g1_i4	YP_013610516.1	37.7	77	44	1	256	474	7	83	8.29e-08	51.2	YP_013610516.1 Acyl-CoA-binding protein [Yasminevirus sp. GU-2018]
TRINITY_DN92439_c0_g2_i1	YP_009091936.1	44.2	52	28	1	387	235	116	167	6.29e-07	50.1	YP_009091936.1 inhibitor of apoptosis 3 [Erinnyis ello granulovirus]
TRINITY_DN12891_c1_g1_i14	YP_003969937.1	28.3	693	348	19	192	2222	1	560	1.23e-62	226	YP_003969937.1 putative 5'-3' exonuclease [Cafeteria roenbergensis virus BV-PW1]
TRINITY_DN12891_c1_g1_i14	YP_010778477.1	25.6	712	384	22	192	2222	1	601	2.43e-51	194	YP_010778477.1 XRN 5'-3' exonuclease [Bodo saltans virus]
TRINITY_DN12891_c1_g1_i14	YP_010803290.1	26.0	697	378	20	192	2201	1	586	4.00e-51	194	YP_010803290.1 5'-3' exoribonuclease [Fadolivirus algeromassiliense]
TRINITY_DN12891_c1_g1_i14	YP_013610885.1	26.8	701	374	23	192	2201	1	593	1.35e-47	184	YP_013610885.1 XRN 5'-3' exonuclease [Yasminevirus sp. GU-2018]
TRINITY_DN12891_c1_g1_i14	YP_009173300.1	24.1	667	337	20	192	2141	1	515	4.33e-46	177	YP_009173300.1 putative XRNA family 5'-3' exonuclease [Chrysochromulina ericina virus]
TRINITY_DN12836_c1_g1_i1	YP_010802902.1	40.1	247	122	7	1391	2101	165	395	4.02e-44	169	YP_010802902.1 protein-tyrosine phosphatase [Fadolivirus algeromassiliense]
TRINITY_DN12836_c1_g1_i1	YP_009665923.1	35.2	253	142	5	1388	2107	59	302	7.65e-38	148	YP_009665923.1 PTP8 [Bracoviriform indiense]
TRINITY_DN12836_c1_g1_i1	YP_001029435.1	35.8	254	141	7	1391	2113	79	323	4.48e-37	146	YP_001029435.1 GfV-B2-ORF1 [Ichnoviriform fumiferanae]
TRINITY_DN12836_c1_g1_i1	YP_184809.1	34.7	251	142	6	1385	2101	49	289	9.71e-36	141	YP_184809.1 PTPN [Bracoviriform congregatae]
TRINITY_DN12836_c1_g1_i1	YP_009665916.1	30.6	291	182	6	1250	2092	4	284	1.47e-35	140	YP_009665916.1 PTP1 [Bracoviriform indiense]
TRINITY_DN12810_c0_g1_i9	YP_009507248.1	29.7	501	320	9	1582	3000	61	557	1.50e-60	230	YP_009507248.1 ORF B [Trichoplusia ni TED virus]
TRINITY_DN12810_c0_g1_i9	YP_010805169.1	29.4	405	272	7	1843	3018	311	714	8.97e-41	165	YP_010805169.1 polymerase polyprotein [Metaplexis yellow mottle-associated virus]
TRINITY_DN6204_c0_g1_i33	YP_013611155.1	40.4	302	153	9	949	1830	29	311	1.36e-52	199	YP_013611155.1 hypothetical protein YASMINEVIRUS_800 [Yasminevirus sp. GU-2018]
TRINITY_DN6204_c0_g1_i4	YP_013611155.1	59.3	54	19	2	107	268	43	93	8.85e-12	63.2	YP_013611155.1 hypothetical protein YASMINEVIRUS_800 [Yasminevirus sp. GU-2018]
TRINITY_DN6267_c0_g1_i17	YP_010796961.1	37.6	351	207	4	1558	2586	477	823	6.96e-63	234	YP_010796961.1 PolB [Mayetiola barley midge adintovirus]
TRINITY_DN6267_c2_g1_i2	YP_010796961.1	41.4	111	57	1	2	310	479	589	2.04e-21	90.5	YP_010796961.1 PolB [Mayetiola barley midge adintovirus]
TRINITY_DN6279_c0_g1_i2	YP_009507248.1	49.1	475	240	2	1939	3357	94	568	2.60e-141	470	YP_009507248.1 ORF B [Trichoplusia ni TED virus]
TRINITY_DN6279_c0_g1_i2	NP_043933.1	32.3	446	289	7	2011	3327	263	702	3.19e-60	224	NP_043933.1 hypothetical protein [Strawberry vein banding virus]
TRINITY_DN6279_c0_g1_i2	NP_127504.1	34.5	414	263	6	2098	3327	1395	1804	5.75e-60	232	NP_127504.1 ORF I polyprotein [Petunia vein clearing virus]
TRINITY_DN6279_c0_g1_i2	YP_002519387.1	32.2	432	284	6	2050	3327	266	694	1.61e-55	210	YP_002519387.1 putative enzymatic polyprotein [Rudbeckia flower distortion virus]
TRINITY_DN6279_c0_g1_i2	NP_569141.1	31.4	455	288	9	1999	3327	188	630	8.27e-54	204	NP_569141.1 polyprotein [Tobacco vein clearing virus]
TRINITY_DN6279_c1_g2_i6	YP_009507248.1	47.7	486	251	2	2038	3492	94	577	1.18e-139	458	YP_009507248.1 ORF B [Trichoplusia ni TED virus]
TRINITY_DN6279_c1_g2_i6	NP_043933.1	32.6	408	265	4	2227	3426	297	702	8.94e-60	223	NP_043933.1 hypothetical protein [Strawberry vein banding virus]
TRINITY_DN6279_c1_g2_i6	YP_010805169.1	30.4	450	304	5	2101	3426	260	708	1.42e-58	219	YP_010805169.1 polymerase polyprotein [Metaplexis yellow mottle-associated virus]
TRINITY_DN6279_c1_g2_i6	YP_002519387.1	33.7	410	263	7	2218	3426	287	694	1.48e-54	207	YP_002519387.1 putative enzymatic polyprotein [Rudbeckia flower distortion virus]
TRINITY_DN6279_c1_g2_i6	NP_127504.1	32.0	419	273	6	2182	3426	1394	1804	3.77e-52	206	NP_127504.1 ORF I polyprotein [Petunia vein clearing virus]
TRINITY_DN6279_c1_g2_i9	YP_009507248.1	50.0	306	151	1	2694	3611	274	577	5.81e-87	313	YP_009507248.1 ORF B [Trichoplusia ni TED virus]
TRINITY_DN6279_c1_g2_i9	NP_043933.1	44.1	152	85	0	2225	2680	297	448	2.68e-29	130	NP_043933.1 hypothetical protein [Strawberry vein banding virus]
TRINITY_DN6279_c1_g2_i9	YP_009553219.1	37.1	221	125	4	2063	2701	1121	1335	1.03e-27	126	YP_009553219.1 ORF3 [Dioscorea nummularia-associated virus]
TRINITY_DN6279_c1_g2_i9	YP_010800602.1	39.7	199	108	3	2117	2692	1231	1424	3.26e-27	125	YP_010800602.1 polyprotein [Chestnut mosaic virus]
TRINITY_DN6279_c1_g2_i9	NP_127504.1	30.6	294	197	5	2676	3545	1514	1804	7.79e-27	124	NP_127504.1 ORF I polyprotein [Petunia vein clearing virus]
TRINITY_DN6286_c0_g1_i5	YP_004347415.1	30.1	332	210	10	957	13	152	478	7.60e-31	128	YP_004347415.1 replicase [Sweet potato collusive virus]
TRINITY_DN6286_c0_g1_i5	YP_009553669.1	27.9	247	171	3	777	52	1213	1457	3.76e-26	115	YP_009553669.1 polyprotein [Pinus nigra virus 1]
TRINITY_DN6286_c0_g1_i5	YP_010088024.1	31.5	238	146	7	771	103	1565	1800	9.87e-24	108	YP_010088024.1 polyprotein [Ivy ringspot-associated virus]
TRINITY_DN6286_c0_g1_i5	NP_127504.1	28.0	261	181	4	768	1	1403	1661	1.30e-23	107	NP_127504.1 ORF I polyprotein [Petunia vein clearing virus]
TRINITY_DN6286_c0_g1_i5	YP_007761644.1	27.5	269	185	5	801	13	395	659	1.27e-22	104	YP_007761644.1 reverse transcriptase [Rose yellow vein virus]
TRINITY_DN6286_c1_g1_i4	NP_127504.1	33.0	209	131	5	707	90	1617	1819	7.32e-23	100	NP_127504.1 ORF I polyprotein [Petunia vein clearing virus]
TRINITY_DN6286_c1_g1_i4	YP_007761644.1	35.0	206	115	7	716	144	614	815	4.98e-18	85.9	YP_007761644.1 reverse transcriptase [Rose yellow vein virus]
TRINITY_DN6286_c1_g1_i4	NP_861410.1	26.4	208	139	4	716	135	434	641	3.03e-14	74.7	NP_861410.1 putative multifunctional pol protein [Cestrum yellow leaf curling virus]
TRINITY_DN6286_c1_g1_i4	YP_008992013.1	28.4	197	127	7	713	144	1569	1758	6.72e-11	65.1	YP_008992013.1 polyprotein [Citrus endogenous pararetrovirus]
TRINITY_DN6286_c1_g1_i4	YP_009254008.1	26.8	164	110	4	602	126	519	677	8.37e-10	61.6	YP_009254008.1 putative aspartic protease [Water chestnut soymovirus 1]
TRINITY_DN6283_c0_g1_i2	YP_010842962.1	40.4	225	121	2	3	674	367	579	1.38e-44	160	YP_010842962.1 ATP-dependent protease [Klebsiella phage K64-1]
TRINITY_DN6283_c0_g1_i2	YP_007007224.1	40.4	225	121	2	3	674	539	751	5.29e-44	160	YP_007007224.1 ATP-dependent protease [Klebsiella phage vB_KleM_RaK2]
TRINITY_DN6283_c0_g1_i2	YP_009150853.1	37.8	230	130	2	3	689	537	754	9.98e-41	151	YP_009150853.1 ATP-dependent protease [Escherichia phage PBECO4]
TRINITY_DN6283_c0_g1_i2	YP_009102168.1	37.8	230	130	2	3	689	537	754	9.98e-41	151	YP_009102168.1 ATP-dependent protease [Escherichia phage 121Q]
TRINITY_DN6283_c0_g1_i2	YP_009611957.1	37.3	228	129	3	3	674	532	749	4.84e-40	149	YP_009611957.1 ATP-dependent protease [Agrobacterium phage Atu_ph07]
TRINITY_DN6283_c0_g1_i40	YP_006987334.1	36.3	670	285	9	220	2223	191	720	2.95e-127	402	YP_006987334.1 ATP-dependent protease [Cronobacter phage vB_CsaM_GAP32]
TRINITY_DN6283_c0_g1_i40	YP_009611957.1	35.3	694	298	8	187	2223	150	707	3.02e-122	389	YP_009611957.1 ATP-dependent protease [Agrobacterium phage Atu_ph07]
TRINITY_DN6283_c0_g1_i40	YP_009594775.1	35.2	671	293	8	217	2223	191	721	1.74e-120	384	YP_009594775.1 ATP-dependent protease [Pectobacterium phage vB_PcaM_CBB]
TRINITY_DN6283_c0_g1_i40	YP_010842962.1	33.8	674	303	8	208	2223	5	537	2.24e-118	374	YP_010842962.1 ATP-dependent protease [Klebsiella phage K64-1]
TRINITY_DN6283_c0_g1_i40	YP_009623838.1	35.2	671	291	10	220	2223	192	721	5.39e-118	378	YP_009623838.1 ATP-dependent protease [Yersinia phage fHe-Yen9-04]
TRINITY_DN72044_c0_g1_i5	YP_009900571.1	38.6	308	176	5	332	1246	6	303	2.66e-60	208	YP_009900571.1 cysteine synthase [Lactococcus phage P596]
TRINITY_DN72044_c0_g1_i5	YP_002875699.1	39.3	308	174	5	332	1246	5	302	3.60e-60	208	YP_002875699.1 putative cysteine synthase [Lactococcus phage P087]
TRINITY_DN72044_c0_g1_i5	YP_009900395.1	39.0	308	173	6	332	1246	5	300	9.05e-59	204	YP_009900395.1 cysteine synthase [Lactococcus phage LW31]
TRINITY_DN72044_c0_g1_i5	YP_009900485.1	38.6	308	174	6	332	1246	5	300	4.66e-58	202	YP_009900485.1 cysteine synthase [Lactococcus phage AM6]
TRINITY_DN72044_c0_g1_i5	YP_009900336.1	39.0	308	173	7	332	1246	5	300	6.47e-58	202	YP_009900336.1 cysM [Lactococcus phage phiQ1]
TRINITY_DN72059_c0_g1_i3	YP_009282884.1	36.1	285	164	12	13	846	58	331	1.32e-42	152	YP_009282884.1 serpin [Skunkpox virus]
TRINITY_DN72059_c0_g1_i3	NP_938400.1	32.6	288	178	9	1	846	28	305	1.92e-36	135	NP_938400.1 149R [Yaba monkey tumor virus]
TRINITY_DN72059_c0_g1_i3	YP_009143498.1	33.3	285	172	11	13	846	58	331	6.88e-36	135	YP_009143498.1 Serpin [Raccoonpox virus]
TRINITY_DN72059_c0_g1_i3	YP_010085658.1	33.1	278	167	11	7	813	76	343	2.13e-35	134	YP_010085658.1 seprin [Orthopoxvirus akhmetapox]
TRINITY_DN72059_c0_g1_i3	YP_009281938.1	33.3	285	172	11	13	846	56	329	1.33e-34	131	YP_009281938.1 serpin [Volepox virus]
TRINITY_DN72059_c0_g1_i4	YP_009282884.1	38.5	234	130	10	526	1206	105	331	1.39e-36	139	YP_009282884.1 serpin [Skunkpox virus]
TRINITY_DN72059_c0_g1_i4	YP_009143498.1	35.5	234	137	9	526	1206	105	331	6.42e-31	124	YP_009143498.1 Serpin [Raccoonpox virus]
TRINITY_DN72059_c0_g1_i4	YP_227542.1	34.0	238	142	7	514	1206	102	331	4.29e-30	122	YP_227542.1 Serpin-like protein [Deerpox virus W-848-83]
TRINITY_DN72059_c0_g1_i4	YP_010085650.1	35.6	236	135	10	526	1206	110	337	1.83e-29	120	YP_010085650.1 serpin [Orthopoxvirus akhmetapox]
TRINITY_DN72059_c0_g1_i4	YP_010085859.1	36.6	235	134	11	526	1206	110	337	2.57e-29	120	YP_010085859.1 putative B14R protein [Orthopoxvirus Abatino]
TRINITY_DN3178_c0_g1_i1	YP_010796969.1	40.7	408	228	5	3654	4871	4	399	1.93e-98	326	YP_010796969.1 hexon [Mayetiola barley midge adintovirus]
TRINITY_DN3178_c0_g1_i1	YP_010796968.1	41.9	227	129	2	2817	3497	1	224	5.08e-47	174	YP_010796968.1 penton [Mayetiola barley midge adintovirus]
TRINITY_DN3178_c0_g1_i1	YP_010796966.1	53.0	115	53	1	2450	2791	296	410	5.04e-30	128	YP_010796966.1 PLA2X-adenain [Mayetiola barley midge adintovirus]
TRINITY_DN3178_c0_g1_i1	NP_148801.1	50.0	88	41	2	909	1169	101	186	3.40e-22	101	NP_148801.1 ORF17 IAP-3 [Cydia pomonella granulovirus]
TRINITY_DN3178_c0_g1_i1	NP_203195.1	48.2	85	41	2	915	1166	96	178	3.87e-21	98.2	NP_203195.1 IAP-3 [Epiphyas postvittana nucleopolyhedrovirus]
TRINITY_DN3178_c0_g1_i14	NP_203195.1	50.6	85	39	2	852	1103	96	178	9.00e-23	99.8	NP_203195.1 IAP-3 [Epiphyas postvittana nucleopolyhedrovirus]
TRINITY_DN3178_c0_g1_i14	NP_148801.1	46.6	88	44	2	846	1106	101	186	9.84e-21	94.4	NP_148801.1 ORF17 IAP-3 [Cydia pomonella granulovirus]
TRINITY_DN3178_c0_g1_i14	YP_009182263.1	45.5	88	45	2	846	1106	101	186	2.56e-19	90.1	YP_009182263.1 inhibitor of apoptosis 3 [Diatraea saccharalis granulovirus]
TRINITY_DN3178_c0_g1_i14	YP_009001870.1	45.3	86	47	0	846	1103	101	186	4.29e-19	89.7	YP_009001870.1 IAP-3 [Buzura suppressaria nucleopolyhedrovirus]
TRINITY_DN3178_c0_g1_i14	YP_008992207.1	44.3	88	46	2	846	1106	121	206	4.37e-19	90.5	YP_008992207.1 iap-3 [Choristoneura murinana nucleopolyhedrovirus]
TRINITY_DN3178_c0_g1_i15	NP_203195.1	50.6	85	39	2	933	1184	96	178	1.20e-22	99.8	NP_203195.1 IAP-3 [Epiphyas postvittana nucleopolyhedrovirus]
TRINITY_DN3178_c0_g1_i15	NP_148801.1	46.6	88	44	2	927	1187	101	186	1.26e-20	94.4	NP_148801.1 ORF17 IAP-3 [Cydia pomonella granulovirus]
TRINITY_DN3178_c0_g1_i15	YP_009182263.1	45.5	88	45	2	927	1187	101	186	3.20e-19	90.1	YP_009182263.1 inhibitor of apoptosis 3 [Diatraea saccharalis granulovirus]
TRINITY_DN3178_c0_g1_i15	YP_009001870.1	45.3	86	47	0	927	1184	101	186	5.35e-19	89.7	YP_009001870.1 IAP-3 [Buzura suppressaria nucleopolyhedrovirus]
TRINITY_DN3178_c0_g1_i15	YP_008992207.1	44.3	88	46	2	927	1187	121	206	5.50e-19	90.5	YP_008992207.1 iap-3 [Choristoneura murinana nucleopolyhedrovirus]
TRINITY_DN3160_c0_g1_i8	YP_009665827.1	32.0	194	120	2	859	287	400	584	9.41e-22	102	YP_009665827.1 hypothetical protein CsmBV13.10 [Bracoviriform facetosae]
TRINITY_DN3153_c0_g2_i3	YP_008320470.1	38.8	121	74	0	444	806	15	135	8.55e-22	92.8	YP_008320470.1 di-trans,poly-cis-decaprenylcistransferase [Flavobacterium phage 6H]
TRINITY_DN3153_c0_g2_i3	YP_010754570.1	29.8	215	135	4	186	818	16	218	1.22e-18	87.0	YP_010754570.1 hypothetical protein QEH35_gp102 [Streptomyces phage Gilgamesh]
TRINITY_DN3153_c0_g2_i9	YP_008320470.1	36.0	111	71	0	430	762	15	125	3.02e-18	82.0	YP_008320470.1 di-trans,poly-cis-decaprenylcistransferase [Flavobacterium phage 6H]
TRINITY_DN3153_c0_g2_i9	YP_010754570.1	28.9	201	127	4	172	762	16	204	9.14e-15	75.1	YP_010754570.1 hypothetical protein QEH35_gp102 [Streptomyces phage Gilgamesh]
TRINITY_DN3122_c1_g1_i3	YP_009507789.1	82.0	167	30	0	240	740	1	167	1.13e-89	277	YP_009507789.1 p21 v-has transforming protein [Harvey murine sarcoma virus]
TRINITY_DN3122_c1_g1_i3	YP_009507788.1	82.0	167	30	0	240	740	53	219	6.62e-89	277	YP_009507788.1 protein p30 [Harvey murine sarcoma virus]
TRINITY_DN3122_c1_g2_i4	YP_009507789.1	83.8	167	27	0	130	630	1	167	1.60e-94	282	YP_009507789.1 p21 v-has transforming protein [Harvey murine sarcoma virus]
TRINITY_DN3122_c1_g2_i4	YP_009507788.1	83.8	167	27	0	130	630	53	219	9.37e-94	282	YP_009507788.1 protein p30 [Harvey murine sarcoma virus]
TRINITY_DN3120_c0_g2_i1	NP_127504.1	30.1	419	278	8	1735	2967	1403	1814	4.22e-43	176	NP_127504.1 ORF I polyprotein [Petunia vein clearing virus]
TRINITY_DN3120_c0_g2_i1	NP_861410.1	26.8	440	297	11	1687	2937	204	641	4.40e-38	156	NP_861410.1 putative multifunctional pol protein [Cestrum yellow leaf curling virus]
TRINITY_DN3120_c0_g2_i1	YP_004347415.1	28.7	488	313	18	1546	2928	152	631	5.81e-37	152	YP_004347415.1 replicase [Sweet potato collusive virus]
TRINITY_DN3120_c0_g2_i1	YP_007761644.1	28.6	426	282	10	1702	2928	395	815	4.64e-35	148	YP_007761644.1 reverse transcriptase [Rose yellow vein virus]
TRINITY_DN3120_c0_g2_i1	YP_009254008.1	26.2	469	277	14	1735	2946	213	677	2.51e-33	142	YP_009254008.1 putative aspartic protease [Water chestnut soymovirus 1]
TRINITY_DN3120_c1_g1_i6	NP_127504.1	31.0	290	190	6	11	868	1536	1819	7.07e-33	131	NP_127504.1 ORF I polyprotein [Petunia vein clearing virus]
TRINITY_DN3120_c1_g1_i6	YP_007761644.1	31.6	282	179	7	8	814	535	815	1.79e-28	118	YP_007761644.1 reverse transcriptase [Rose yellow vein virus]
TRINITY_DN3120_c1_g1_i6	NP_861410.1	27.3	286	191	7	17	823	356	641	1.07e-26	112	NP_861410.1 putative multifunctional pol protein [Cestrum yellow leaf curling virus]
TRINITY_DN3120_c1_g1_i6	YP_004347415.1	30.5	282	180	10	8	814	353	631	4.71e-24	105	YP_004347415.1 replicase [Sweet potato collusive virus]
TRINITY_DN3120_c1_g1_i6	YP_008992013.1	26.8	276	187	8	11	814	1490	1758	2.41e-19	91.7	YP_008992013.1 polyprotein [Citrus endogenous pararetrovirus]
TRINITY_DN3146_c1_g1_i1	YP_008059249.1	33.4	371	186	11	1309	2331	3	342	9.28e-53	192	YP_008059249.1 carbamoyl phosphate synthase small subunit [Halogranum tailed virus 1]
TRINITY_DN3146_c1_g1_i1	YP_010804038.1	27.5	425	248	15	171	1286	34	451	1.22e-22	106	YP_010804038.1 L-lysine 6-transaminase [Fadolivirus algeromassiliense]
TRINITY_DN71267_c0_g1_i4	YP_009666148.1	32.2	360	224	7	1355	2422	8	351	3.13e-49	182	YP_009666148.1 hypothetical protein FLA14_p101 [Diachasmimorpha longicaudata entomopoxvirus]
TRINITY_DN71267_c0_g1_i4	YP_010796805.1	32.2	360	224	7	1355	2422	8	351	3.13e-49	182	YP_010796805.1 putative RNA helicase [Diachasmimorpha longicaudata entomopoxvirus]
TRINITY_DN71267_c0_g1_i4	YP_003970003.1	27.4	398	258	10	1340	2497	5	383	1.37e-43	166	YP_003970003.1 putative superfamily II helicase/eIF-4AIII [Cafeteria roenbergensis virus BV-PW1]
TRINITY_DN71267_c0_g1_i4	YP_013610636.1	27.6	387	255	8	1277	2413	241	610	1.99e-34	144	YP_013610636.1 translation initiation factor 4A-III [Yasminevirus sp. GU-2018]
TRINITY_DN71267_c0_g1_i4	YP_010782070.1	26.0	393	228	12	1400	2434	123	500	1.97e-22	105	YP_010782070.1 putative translation initiation factor 4a [Tupanvirus soda lake]
TRINITY_DN74399_c1_g1_i2	YP_010086996.1	27.5	494	333	9	178	1614	6	489	3.37e-59	211	YP_010086996.1 egt [Cryptophlebia peltastica nucleopolyhedrovirus]
TRINITY_DN74399_c1_g1_i2	YP_009666687.1	27.4	500	316	13	211	1614	27	511	9.18e-56	202	YP_009666687.1 EGT [Mythimna unipuncta nucleopolyhedrovirus]
TRINITY_DN74399_c1_g1_i2	YP_002332722.1	27.7	494	315	14	196	1599	17	494	4.96e-55	199	YP_002332722.1 EGT [Spodoptera litura nucleopolyhedrovirus II]
TRINITY_DN74399_c1_g1_i2	YP_009117047.1	26.9	491	326	10	208	1614	22	501	1.87e-54	198	YP_009117047.1 ecdysone glucose transferase [Pseudoplusia includens SNPV IE]
TRINITY_DN74399_c1_g1_i2	YP_010087028.1	27.4	508	323	14	166	1599	7	498	3.71e-54	197	YP_010087028.1 EGT [Spodoptera eridania nucleopolyhedrovirus]
TRINITY_DN14434_c2_g1_i1	YP_010783327.1	98.7	76	1	0	30	257	1	76	3.92e-45	146	YP_010783327.1 ubiquitin family protein [Tetraselmis virus 1]
TRINITY_DN14434_c2_g1_i1	NP_955119.1	94.8	77	4	0	30	260	1	77	4.03e-44	144	NP_955119.1 CNPV096 ubiquitin [Canarypox virus]
TRINITY_DN14434_c2_g1_i1	YP_009173411.1	93.5	77	5	0	30	260	1	77	9.09e-44	143	YP_009173411.1 Ubiquitin [Chrysochromulina ericina virus]
TRINITY_DN14434_c2_g1_i1	YP_009447989.1	96.1	76	3	0	30	257	1	76	9.09e-44	143	YP_009447989.1 ubiquitin family protein [Flamingopox virus FGPVKD09]
TRINITY_DN14434_c2_g1_i1	YP_007676278.1	94.7	76	4	0	30	257	1	76	1.34e-43	144	YP_007676278.1 ubiquitin [Micromonas pusilla virus 12T]
TRINITY_DN24151_c0_g1_i1	NP_043933.1	39.8	88	47	3	257	12	267	354	2.06e-08	53.1	NP_043933.1 hypothetical protein [Strawberry vein banding virus]
TRINITY_DN22480_c0_g1_i1	YP_010781237.1	50.0	170	78	3	122	616	48	215	8.82e-43	151	YP_010781237.1 DEHA2D17908p [Tupanvirus deep ocean]
TRINITY_DN22480_c0_g1_i1	YP_010782621.1	47.6	170	82	3	122	616	48	215	7.11e-41	146	YP_010782621.1 putative phosphoribosyl pyrophosphate synthetase [Tupanvirus soda lake]
TRINITY_DN22480_c0_g1_i1	YP_010804003.1	41.0	195	103	4	83	631	6	200	1.95e-40	144	YP_010804003.1 ribose-phosphate pyrophosphokinase [Fadolivirus algeromassiliense]
TRINITY_DN22480_c0_g1_i1	YP_013611780.1	32.5	200	115	4	77	616	506	705	8.61e-31	123	YP_013611780.1 phosphoribosylpyrophosphate synthetase [Yasminevirus sp. GU-2018]
TRINITY_DN22480_c0_g1_i7	YP_010804003.1	40.5	336	177	9	83	1033	6	337	1.72e-71	231	YP_010804003.1 ribose-phosphate pyrophosphokinase [Fadolivirus algeromassiliense]
TRINITY_DN22480_c0_g1_i7	YP_010781237.1	43.1	313	163	6	122	1033	48	354	5.61e-71	230	YP_010781237.1 DEHA2D17908p [Tupanvirus deep ocean]
TRINITY_DN22480_c0_g1_i7	YP_010782621.1	41.5	313	168	6	122	1033	48	354	5.18e-68	222	YP_010782621.1 putative phosphoribosyl pyrophosphate synthetase [Tupanvirus soda lake]
TRINITY_DN22480_c0_g1_i7	YP_013611780.1	33.9	345	198	8	77	1033	506	846	1.58e-57	205	YP_013611780.1 phosphoribosylpyrophosphate synthetase [Yasminevirus sp. GU-2018]
TRINITY_DN22480_c0_g1_i7	YP_010778521.1	35.4	302	177	7	170	1033	446	743	6.78e-55	196	YP_010778521.1 phosphoribosylpyrophosphate synthetase [Bodo saltans virus]
TRINITY_DN22442_c0_g1_i5	YP_010803101.1	45.8	555	285	9	463	2109	40	584	1.94e-149	451	YP_010803101.1 arginyl-tRNA synthetase [Fadolivirus algeromassiliense]
TRINITY_DN22442_c0_g1_i5	YP_010781219.1	37.3	603	339	14	346	2109	1	579	1.08e-115	363	YP_010781219.1 arginyl tRNA-synthetase [Tupanvirus deep ocean]
TRINITY_DN22442_c0_g1_i5	YP_010782603.1	37.2	600	344	13	346	2109	1	579	2.13e-115	363	YP_010782603.1 arginyl-tRNA synthetase [Tupanvirus soda lake]
TRINITY_DN22442_c0_g1_i5	YP_010776644.1	37.9	560	314	12	463	2109	39	575	1.19e-108	345	YP_010776644.1 hypothetical protein QJ849_gp731 [Powai lake megavirus]
TRINITY_DN22442_c0_g1_i5	YP_010779239.1	35.5	602	349	14	346	2109	1	577	9.67e-108	343	YP_010779239.1 synthetase [Moumouvirus goulette]
TRINITY_DN89365_c0_g1_i9	YP_010788998.1	49.2	63	32	0	210	398	6	68	1.13e-10	68.6	YP_010788998.1 DnaJ-like protein [Megavirus baoshan]
TRINITY_DN89365_c0_g1_i9	YP_004894410.1	49.2	63	32	0	210	398	6	68	1.51e-10	68.2	YP_004894410.1 DnaJ-like protein [Megavirus chiliensis]
TRINITY_DN89365_c0_g1_i9	YP_009174434.1	40.8	71	39	1	210	422	2	69	4.82e-09	62.8	YP_009174434.1 putative heat shock protein 40 [Yellowstone lake phycodnavirus 3]
TRINITY_DN89365_c0_g1_i9	YP_010803170.1	46.3	67	33	1	210	401	17	83	2.60e-08	61.2	YP_010803170.1 DnaJ chaperone protein [Fadolivirus algeromassiliense]
TRINITY_DN89365_c0_g1_i9	YP_013610561.1	34.3	99	59	1	210	488	10	108	2.80e-07	58.2	YP_013610561.1 DnaJ domain protein [Yasminevirus sp. GU-2018]
TRINITY_DN18498_c0_g2_i6	YP_010796462.1	27.7	282	178	9	310	1149	4	261	3.12e-15	79.3	YP_010796462.1 PK-1 [Mythimna unipuncta nucleopolyhedrovirus]
TRINITY_DN18498_c0_g2_i6	YP_758300.1	28.3	219	139	6	310	960	4	206	2.66e-14	76.6	YP_758300.1 pk1 [Leucania separata nucleopolyhedrovirus]
TRINITY_DN18498_c0_g2_i6	YP_009552139.1	25.6	203	136	5	376	975	23	213	5.29e-13	72.8	YP_009552139.1 serine/threonine-protein kinase 1 [Malacosoma neustria nucleopolyhedrovirus]
TRINITY_DN18498_c0_g2_i6	YP_006607886.1	27.0	189	122	7	385	942	43	218	8.56e-13	72.4	YP_006607886.1 protein kinase 1 [Apocheima cinerarium nucleopolyhedrovirus]
TRINITY_DN18498_c0_g2_i6	YP_010805477.1	26.1	199	111	6	385	942	44	219	6.89e-12	69.7	YP_010805477.1 pk-1 [Erannis ankeraria nucleopolyhedrovirus]
TRINITY_DN2116_c0_g1_i14	YP_009664587.1	27.0	356	222	11	907	1965	57	377	1.99e-22	104	YP_009664587.1 ORF47 [white sturgeon herpesvirus 2]
TRINITY_DN2116_c0_g1_i2	YP_009664587.1	27.0	356	222	11	952	2010	57	377	1.38e-22	104	YP_009664587.1 ORF47 [white sturgeon herpesvirus 2]
TRINITY_DN2114_c2_g1_i3	YP_009342179.1	26.6	267	176	5	2541	1783	131	391	5.46e-14	79.3	YP_009342179.1 RNA-dependent DNA polymerase [Lymphocystis disease virus Sa]
TRINITY_DN2147_c0_g1_i30	YP_010802902.1	28.8	240	153	9	4750	5436	168	400	3.39e-22	104	YP_010802902.1 protein-tyrosine phosphatase [Fadolivirus algeromassiliense]
TRINITY_DN2103_c2_g1_i17	YP_003969699.1	30.4	181	111	4	1979	2512	451	619	6.64e-21	102	YP_003969699.1 putative metalloendopeptidase [Cafeteria roenbergensis virus BV-PW1]
TRINITY_DN2103_c2_g1_i17	YP_013611623.1	32.1	159	92	5	1985	2449	526	672	1.38e-16	88.6	YP_013611623.1 M13 family peptidase [Yasminevirus sp. GU-2018]
TRINITY_DN2103_c2_g1_i17	YP_010780353.1	26.6	169	112	4	1985	2476	465	626	3.84e-14	80.5	YP_010780353.1 putative zinc metalloproteinase [Tupanvirus deep ocean]
TRINITY_DN2103_c2_g1_i17	YP_010781641.1	25.4	181	109	5	1970	2476	460	626	7.93e-13	76.3	YP_010781641.1 putative zinc metalloproteinase [Tupanvirus soda lake]
TRINITY_DN2103_c2_g1_i17	YP_010777432.1	27.7	159	97	5	1985	2449	444	588	5.92e-08	60.5	YP_010777432.1 putative zinc metalloproteinase [Acanthamoeba polyphaga mimivirus]
TRINITY_DN19960_c0_g1_i1	YP_009831892.1	41.3	92	53	1	199	474	1	91	1.27e-14	72.8	YP_009831892.1 thioredoxin domain [Streptomyces phage BRock]
TRINITY_DN19960_c0_g1_i1	YP_009873789.1	36.5	74	44	1	229	450	6	76	5.27e-12	65.1	YP_009873789.1 thioredoxin [Tenacibaculum phage PTm1]
TRINITY_DN19960_c0_g1_i1	YP_004894718.1	30.2	106	69	4	214	522	5	108	7.67e-10	59.3	YP_004894718.1 thioredoxin-like protein [Megavirus chiliensis]
TRINITY_DN19960_c0_g1_i1	YP_010841955.1	34.0	97	59	4	226	507	9	103	1.68e-08	55.5	YP_010841955.1 thioredoxin [Cotonvirus japonicus]
TRINITY_DN19960_c0_g1_i1	YP_010788687.1	27.4	106	72	4	214	522	5	108	1.52e-07	52.8	YP_010788687.1 thioredoxin-like protein [Megavirus baoshan]
TRINITY_DN19950_c0_g1_i6	NP_127504.1	28.5	417	285	8	3856	2630	1395	1806	1.00e-40	170	NP_127504.1 ORF I polyprotein [Petunia vein clearing virus]
TRINITY_DN19950_c0_g1_i6	NP_861410.1	27.1	442	299	10	3889	2630	200	640	1.16e-37	155	NP_861410.1 putative multifunctional pol protein [Cestrum yellow leaf curling virus]
TRINITY_DN19950_c0_g1_i6	YP_009254008.1	24.9	462	284	12	3829	2630	213	673	3.62e-32	139	YP_009254008.1 putative aspartic protease [Water chestnut soymovirus 1]
TRINITY_DN19950_c0_g1_i6	YP_008992013.1	24.6	407	295	7	3832	2636	1356	1758	6.06e-29	131	YP_008992013.1 polyprotein [Citrus endogenous pararetrovirus]
TRINITY_DN19950_c0_g1_i6	YP_004732983.2	23.3	382	276	7	3730	2624	1486	1863	1.87e-19	100	YP_004732983.2 polyprotein [Grapevine vein clearing virus]
TRINITY_DN19940_c0_g1_i14	YP_009116940.1	38.9	72	43	1	456	668	1	72	1.33e-09	59.3	YP_009116940.1 viral ubiquitin [Pseudoplusia includens SNPV IE]
TRINITY_DN19940_c0_g1_i14	YP_308914.1	38.9	72	43	1	456	668	1	72	1.33e-09	59.3	YP_308914.1 viral ubiquitin (v-ubi) [Trichoplusia ni single nucleopolyhedrovirus]
TRINITY_DN19940_c0_g1_i14	YP_249630.1	37.5	72	44	1	456	668	1	72	1.87e-09	58.9	YP_249630.1 ubiquitin [Chrysodeixis chalcites nucleopolyhedrovirus]
TRINITY_DN19940_c0_g1_i14	YP_009165627.1	38.9	72	43	1	456	668	1	72	6.98e-09	57.8	YP_009165627.1 Ubiquitin-like protein, viral ubiquitin [Perigonia lusca single nucleopolyhedrovirus]
TRINITY_DN19940_c0_g1_i14	YP_009505984.1	38.9	72	43	1	456	668	1	72	2.57e-08	56.2	YP_009505984.1 ubiquitin [Clostera anastomosis granulovirus B]
TRINITY_DN7631_c0_g1_i5	YP_008052546.1	41.2	1193	635	25	404	3856	33	1200	3.29e-293	862	YP_008052546.1 DNA-directed RNA polymerase II subunit RPB2 [Phaeocystis globosa virus]
TRINITY_DN7631_c0_g1_i5	YP_010783644.1	40.5	1199	620	27	410	3850	12	1168	3.88e-275	814	YP_010783644.1 DNA-directed RNA polymerase II subunit Rpb2 [Tetraselmis virus 1]
TRINITY_DN7631_c0_g1_i5	YP_294192.1	38.6	1186	655	25	404	3853	6	1154	3.04e-254	759	YP_294192.1 putative DNA-directed RNA polymerase II subunit [Emiliania huxleyi virus 86]
TRINITY_DN7631_c0_g1_i5	YP_010803485.1	38.6	1219	628	32	422	3853	63	1235	2.25e-252	758	YP_010803485.1 DNA-directed RNA polymerase subunit 2 [Fadolivirus algeromassiliense]
TRINITY_DN7631_c0_g1_i5	YP_008052526.1	36.8	1245	654	29	413	3856	8	1216	4.26e-237	724	YP_008052526.1 DNA-directed RNA polymerase II subunit RPB2 [Phaeocystis globosa virus]
TRINITY_DN7680_c0_g1_i3	YP_009507248.1	31.5	473	309	6	2834	1434	94	557	2.60e-65	246	YP_009507248.1 ORF B [Trichoplusia ni TED virus]
TRINITY_DN7680_c0_g1_i3	YP_009665180.1	27.7	480	323	11	2906	1500	109	575	4.78e-37	157	YP_009665180.1 pol polyprotein, partial [Walleye epidermal hyperplasia virus 2]
TRINITY_DN7680_c0_g1_i3	YP_009665179.1	28.7	463	308	10	2777	1428	148	601	1.80e-34	148	YP_009665179.1 pol polyprotein, partial [Walleye epidermal hyperplasia virus 1]
TRINITY_DN7680_c0_g1_i3	YP_009513211.1	29.7	401	255	12	2738	1584	124	513	5.71e-33	143	YP_009513211.1 pol protein [Koala retrovirus]
TRINITY_DN7680_c0_g1_i3	NP_045937.2	25.6	434	310	7	2777	1500	743	1171	1.45e-32	142	NP_045937.2 Pr gag-pro-pol [Walleye dermal sarcoma virus]
TRINITY_DN58157_c0_g1_i1	YP_009507534.1	46.0	63	34	0	228	416	53	115	6.98e-10	58.2	YP_009507534.1 putative ribonuclease III [Heterosigma akashiwo virus 01]
TRINITY_DN58157_c0_g1_i1	YP_009173638.1	37.9	103	42	3	114	356	34	136	2.32e-08	54.3	YP_009173638.1 dsRNA-specific ribonuclease [Chrysochromulina ericina virus]
TRINITY_DN58157_c0_g1_i1	YP_008052638.1	41.9	62	36	0	228	413	114	175	4.49e-08	53.5	YP_008052638.1 ribonuclease III [Phaeocystis globosa virus]
TRINITY_DN58157_c0_g1_i1	YP_010804369.1	39.7	63	38	0	228	416	75	137	5.01e-08	53.1	YP_010804369.1 hypothetical protein QKU58_gp165 [Pyramimonas orientalis virus]
TRINITY_DN58157_c0_g1_i1	YP_010780480.1	38.7	62	38	0	228	413	351	412	2.68e-06	48.5	YP_010780480.1 putative ribonuclease 3 [Tupanvirus deep ocean]
TRINITY_DN41982_c0_g1_i12	YP_010803532.1	25.8	850	442	27	1302	3422	10	813	5.65e-42	170	YP_010803532.1 eukaryotic translation elongation factor 2 [Fadolivirus algeromassiliense]
TRINITY_DN41982_c0_g1_i12	YP_010781262.1	25.2	804	452	28	1302	3350	5	780	4.60e-38	158	YP_010781262.1 mimivirus elongation factor aef-2 [Tupanvirus deep ocean]
TRINITY_DN41982_c0_g1_i12	YP_010782648.1	25.0	816	464	29	1302	3377	5	796	1.41e-37	156	YP_010782648.1 elongation factor 2 [Tupanvirus soda lake]
TRINITY_DN41982_c0_g1_i12	YP_003970112.1	28.0	261	140	9	3483	4190	16	253	1.37e-15	84.3	YP_003970112.1 putative eIF-2gamma [Cafeteria roenbergensis virus BV-PW1]
TRINITY_DN41982_c0_g1_i12	YP_010803267.1	23.4	274	171	7	3447	4184	3	265	9.03e-15	82.0	YP_010803267.1 translation initiation factor 2 gamma subunit [Fadolivirus algeromassiliense]
TRINITY_DN41982_c0_g1_i14	YP_003970112.1	28.0	261	140	9	584	1291	16	253	3.31e-16	84.3	YP_003970112.1 putative eIF-2gamma [Cafeteria roenbergensis virus BV-PW1]
TRINITY_DN41982_c0_g1_i14	YP_010803267.1	24.4	262	159	7	584	1285	15	265	2.87e-15	81.6	YP_010803267.1 translation initiation factor 2 gamma subunit [Fadolivirus algeromassiliense]
TRINITY_DN41982_c0_g1_i14	YP_010781331.1	26.8	272	145	10	581	1291	18	270	4.87e-14	77.8	YP_010781331.1 translation initiation factor 2 gamma subunit [Tupanvirus soda lake]
TRINITY_DN41982_c0_g1_i14	YP_013610856.1	29.3	198	107	6	551	1066	8	198	2.98e-13	75.5	YP_013610856.1 eukaryotic translation initiation factor 2 gamma subunit [Yasminevirus sp. GU-2018]
TRINITY_DN41982_c0_g1_i14	YP_010778732.1	26.1	268	158	8	578	1291	6	263	4.95e-13	74.7	YP_010778732.1 eukaryotic translation initiation factor eIF-2 gamma [Bodo saltans virus]
TRINITY_DN17479_c0_g1_i4	YP_010802999.1	32.0	75	48	1	613	828	12	86	8.10e-09	56.2	YP_010802999.1 cytochrome b5-like protein [Fadolivirus algeromassiliense]
TRINITY_DN76684_c0_g2_i3	YP_010803877.1	38.7	445	263	8	192	1511	6	445	3.32e-92	300	YP_010803877.1 adenylsuccinate lyase [Fadolivirus algeromassiliense]
TRINITY_DN462_c1_g1_i1	YP_009448556.1	34.8	115	66	1	1002	1346	110	215	8.83e-13	72.8	YP_009448556.1 G protein alpha subunit [Orpheovirus IHUMI-LCC2]
TRINITY_DN462_c1_g1_i4	YP_009448556.1	29.9	241	123	4	50	772	21	215	3.93e-23	98.6	YP_009448556.1 G protein alpha subunit [Orpheovirus IHUMI-LCC2]
TRINITY_DN462_c1_g1_i7	YP_009448556.1	30.0	240	122	4	782	1501	22	215	2.11e-22	100	YP_009448556.1 G protein alpha subunit [Orpheovirus IHUMI-LCC2]
TRINITY_DN462_c1_g1_i8	YP_009448556.1	31.4	86	50	1	69	326	139	215	4.75e-07	51.6	YP_009448556.1 G protein alpha subunit [Orpheovirus IHUMI-LCC2]
TRINITY_DN409_c2_g1_i9	NP_042289.1	47.3	300	146	4	410	1285	244	539	5.51e-78	266	NP_042289.1 P68 protein [UR2 sarcoma virus]
TRINITY_DN409_c2_g1_i9	NP_955595.1	38.9	298	159	5	338	1231	107	381	3.84e-56	209	NP_955595.1 ABL [Abelson murine leukemia virus]
TRINITY_DN409_c2_g1_i9	NP_955606.1	38.9	280	153	4	395	1222	603	868	4.35e-56	210	NP_955606.1 FBS [Fujinami sarcoma virus]
TRINITY_DN409_c2_g1_i9	NP_056889.1	38.9	280	153	4	395	1222	912	1177	1.80e-55	210	NP_056889.1 p140 polyprotein [Fujinami sarcoma virus]
TRINITY_DN409_c2_g1_i9	NP_057866.1	38.9	298	159	5	338	1231	342	616	3.04e-55	209	NP_057866.1 p120 Gag-Abl polyprotein [Abelson murine leukemia virus]
TRINITY_DN456_c3_g1_i6	YP_008052571.1	45.4	229	122	2	670	1350	136	363	4.31e-56	201	YP_008052571.1 ATP-dependent zinc metalloprotease [Phaeocystis globosa virus]
TRINITY_DN456_c3_g1_i6	YP_009665063.1	39.4	246	148	1	637	1374	128	372	5.04e-50	184	YP_009665063.1 cell division protein [Micromonas pusilla virus SP1]
TRINITY_DN456_c3_g1_i6	YP_007676316.1	41.5	234	136	1	673	1374	145	377	2.43e-49	182	YP_007676316.1 ATP-dependent metalloprotease FtsH [Micromonas pusilla virus 12T]
TRINITY_DN456_c3_g1_i6	YP_009173022.1	39.4	241	145	1	652	1374	136	375	3.36e-49	182	YP_009173022.1 hypothetical protein AP054_gp010 [Ostreococcus lucimarinus virus 7]
TRINITY_DN456_c3_g1_i6	YP_004061651.1	39.0	241	146	1	652	1374	136	375	3.16e-48	179	YP_004061651.1 hypothetical protein OlV1_018c [Ostreococcus lucimarinus virus 1]
TRINITY_DN447_c1_g1_i1	YP_009119842.1	29.2	288	181	10	163	966	31	315	4.97e-18	90.5	YP_009119842.1 cys/met metabolism plpdependent enzyme [Pandoravirus inopinatum]
TRINITY_DN447_c1_g1_i1	YP_009483375.1	28.7	286	179	11	163	957	34	315	2.31e-16	85.5	YP_009483375.1 Cystathionine gamma-lyase [Pandoravirus quercus]
TRINITY_DN447_c1_g1_i1	YP_009482774.1	26.6	304	186	9	163	978	76	374	2.65e-13	76.3	YP_009482774.1 Cystathionine gamma-lyase [Pandoravirus quercus]
TRINITY_DN447_c1_g1_i1	YP_008318634.2	24.6	293	192	7	163	957	58	349	3.30e-13	75.9	YP_008318634.2 Cystathionine gamma-lyase [Pandoravirus dulcis]
TRINITY_DN447_c1_g1_i1	YP_009120757.1	27.0	293	185	9	163	957	33	324	9.10e-13	74.3	YP_009120757.1 cys/met metabolism plpdependent enzyme [Pandoravirus inopinatum]
TRINITY_DN447_c1_g2_i1	YP_009119842.1	28.0	328	208	11	160	1065	31	356	1.24e-25	113	YP_009119842.1 cys/met metabolism plpdependent enzyme [Pandoravirus inopinatum]
TRINITY_DN447_c1_g2_i1	YP_008318634.2	28.4	296	181	9	160	960	58	351	1.63e-22	104	YP_008318634.2 Cystathionine gamma-lyase [Pandoravirus dulcis]
TRINITY_DN447_c1_g2_i1	YP_009120757.1	26.8	302	178	9	160	960	33	326	2.37e-20	97.8	YP_009120757.1 cys/met metabolism plpdependent enzyme [Pandoravirus inopinatum]
TRINITY_DN447_c1_g2_i1	YP_009482774.1	26.9	301	179	10	160	960	76	369	2.53e-20	98.2	YP_009482774.1 Cystathionine gamma-lyase [Pandoravirus quercus]
TRINITY_DN476_c0_g1_i13	YP_009666148.1	31.6	310	204	2	505	1434	8	309	3.47e-42	157	YP_009666148.1 hypothetical protein FLA14_p101 [Diachasmimorpha longicaudata entomopoxvirus]
TRINITY_DN476_c0_g1_i13	YP_010796805.1	31.6	310	204	2	505	1434	8	309	3.47e-42	157	YP_010796805.1 putative RNA helicase [Diachasmimorpha longicaudata entomopoxvirus]
TRINITY_DN476_c0_g1_i13	YP_010803108.1	29.3	314	213	3	496	1434	18	323	3.01e-38	147	YP_010803108.1 ATP-dependent RNA helicase DEAD-box [Fadolivirus algeromassiliense]
TRINITY_DN476_c0_g1_i13	YP_003970003.1	27.8	313	213	4	502	1434	9	310	8.01e-36	140	YP_003970003.1 putative superfamily II helicase/eIF-4AIII [Cafeteria roenbergensis virus BV-PW1]
TRINITY_DN437_c0_g2_i2	YP_010788717.1	30.8	295	162	11	1847	2632	4	289	3.44e-27	119	YP_010788717.1 serine/threonine-protein kinase [Megavirus baoshan]
TRINITY_DN437_c0_g2_i2	YP_004894687.1	30.8	295	162	11	1847	2632	7	292	5.77e-27	118	YP_004894687.1 serine-threonine kinase [Megavirus chiliensis]
TRINITY_DN437_c0_g2_i2	YP_010783420.1	32.6	264	154	9	1883	2638	82	333	7.88e-26	113	YP_010783420.1 serine/threonine-protein kinase [Tetraselmis virus 1]
TRINITY_DN437_c0_g2_i2	YP_010776489.1	30.5	295	163	11	1847	2632	4	289	1.02e-25	114	YP_010776489.1 putative serine/threonine protein kinase [Powai lake megavirus]
TRINITY_DN437_c0_g2_i2	YP_010782412.1	29.1	261	171	7	1883	2644	18	271	7.05e-25	113	YP_010782412.1 hypothetical protein QJ857_gp0295 [Tupanvirus soda lake]
TRINITY_DN426_c0_g1_i1	YP_010803610.1	29.2	465	282	14	229	1587	7	436	8.86e-48	182	YP_010803610.1 deoxyribodipyrimidine photolyase [Fadolivirus algeromassiliense]
TRINITY_DN426_c0_g1_i1	YP_010776267.1	27.5	498	294	18	226	1668	8	455	6.64e-39	155	YP_010776267.1 deoxyribodipyrimidine photolyase [Powai lake megavirus]
TRINITY_DN426_c0_g1_i1	YP_010788956.1	27.7	470	281	16	226	1584	14	441	3.17e-38	154	YP_010788956.1 deoxyribodipyrimidine photolyase [Megavirus baoshan]
TRINITY_DN426_c0_g1_i1	YP_013610725.1	28.9	478	272	17	241	1611	9	439	2.34e-37	151	YP_013610725.1 deoxyribodipyrimidine photolyase [Yasminevirus sp. GU-2018]
TRINITY_DN426_c0_g1_i1	YP_010778587.1	25.6	454	299	13	226	1581	4	420	6.04e-33	137	YP_010778587.1 deoxyribodipyrimidine photo-lyase [Bodo saltans virus]
TRINITY_DN497_c0_g1_i16	YP_184882.1	50.0	42	21	0	219	94	47	88	2.02e-07	51.2	YP_184882.1 hypothetical protein CcBV_31.2 [Bracoviriform congregatae]
TRINITY_DN410_c1_g1_i9	YP_009448636.1	26.7	412	243	18	559	1731	83	456	1.83e-25	113	YP_009448636.1 Cytochrome P450-like protein E-class [Orpheovirus IHUMI-LCC2]
TRINITY_DN410_c1_g1_i9	YP_013611876.1	22.5	213	145	6	1153	1773	249	447	1.47e-06	54.7	YP_013611876.1 putative cholesterol 24-hydroxylase [Yasminevirus sp. GU-2018]
TRINITY_DN449_c0_g1_i10	YP_009481764.1	31.5	302	187	5	248	1102	305	603	1.30e-34	143	YP_009481764.1 Serine/threonine protein kinase [Pandoravirus neocaledonia]
TRINITY_DN449_c0_g1_i10	YP_008318868.2	31.7	287	176	5	248	1057	27	310	3.02e-34	137	YP_008318868.2 Serine/threonine protein kinase [Pandoravirus dulcis]
TRINITY_DN449_c0_g1_i10	YP_009480822.1	31.7	287	176	5	248	1057	134	417	7.45e-34	138	YP_009480822.1 Serine/threonine protein kinase [Pandoravirus macleodensis]
TRINITY_DN449_c0_g1_i10	YP_008436766.1	31.8	289	177	5	242	1057	134	419	7.70e-34	138	YP_008436766.1 Serine/threonine protein kinase [Pandoravirus salinus]
TRINITY_DN449_c0_g1_i10	YP_009482876.1	31.7	287	176	5	248	1057	138	421	3.39e-33	136	YP_009482876.1 Serine/threonine protein kinase [Pandoravirus quercus]
TRINITY_DN449_c0_g1_i4	YP_009481764.1	31.5	302	187	5	248	1102	305	603	1.35e-34	143	YP_009481764.1 Serine/threonine protein kinase [Pandoravirus neocaledonia]
TRINITY_DN449_c0_g1_i4	YP_008318868.2	31.7	287	176	5	248	1057	27	310	3.10e-34	137	YP_008318868.2 Serine/threonine protein kinase [Pandoravirus dulcis]
TRINITY_DN449_c0_g1_i4	YP_009480822.1	31.7	287	176	5	248	1057	134	417	7.67e-34	138	YP_009480822.1 Serine/threonine protein kinase [Pandoravirus macleodensis]
TRINITY_DN449_c0_g1_i4	YP_008436766.1	31.8	289	177	5	242	1057	134	419	7.93e-34	138	YP_008436766.1 Serine/threonine protein kinase [Pandoravirus salinus]
TRINITY_DN449_c0_g1_i4	YP_009482876.1	31.7	287	176	5	248	1057	138	421	3.49e-33	136	YP_009482876.1 Serine/threonine protein kinase [Pandoravirus quercus]
TRINITY_DN32126_c0_g2_i1	YP_009345224.1	37.9	145	78	2	54	452	82	226	5.42e-17	80.9	YP_009345224.1 histone H2B/H2A fusion protein [Noumeavirus]
TRINITY_DN32126_c0_g2_i1	YP_009238942.1	47.9	96	48	2	114	398	117	211	2.06e-16	79.3	YP_009238942.1 histone H2B/H2A fusion protein [Brazilian marseillevirus]
TRINITY_DN32126_c0_g2_i1	YP_004347348.1	47.4	97	50	1	114	401	116	212	1.62e-15	77.0	YP_004347348.1 histone H2B/H2A fusion protein [Lausannevirus]
TRINITY_DN32126_c0_g2_i1	YP_009507074.1	44.8	96	51	2	114	398	121	215	2.06e-14	73.9	YP_009507074.1 histone H2B/H2A fusion protein [Tunisvirus fontaine2]
TRINITY_DN6337_c0_g1_i5	YP_010803975.1	38.9	113	68	1	439	774	76	188	2.11e-16	82.4	YP_010803975.1 alpha/beta hydrolase family protein [Fadolivirus algeromassiliense]
TRINITY_DN6337_c0_g1_i5	YP_009507635.1	36.0	111	65	3	385	705	80	188	6.35e-12	69.7	YP_009507635.1 hypothetical protein D1R72_gp238 [Heterosigma akashiwo virus 01]
TRINITY_DN6337_c0_g1_i5	YP_003987110.1	25.2	147	94	5	343	747	50	192	9.04e-06	50.8	YP_003987110.1 putative peptidase S9 [Acanthamoeba polyphaga mimivirus]
TRINITY_DN7276_c0_g1_i23	NP_659397.1	29.7	408	274	6	3304	4494	258	663	5.26e-45	178	NP_659397.1 hypothetical protein [Mirabilis mosaic virus]
TRINITY_DN7276_c0_g1_i23	YP_004347415.1	31.3	444	266	16	3265	4506	201	635	2.03e-43	173	YP_004347415.1 replicase [Sweet potato collusive virus]
TRINITY_DN7276_c0_g1_i23	YP_009182100.1	30.1	422	279	8	3268	4494	1704	2122	9.46e-43	176	YP_009182100.1 polyprotein [Vaccinivirus cadovaccinii]
TRINITY_DN7276_c0_g1_i23	YP_004442830.1	27.9	430	286	10	3271	4494	1246	1673	1.61e-32	142	YP_004442830.1 polyprotein [Banana streak UL virus]
TRINITY_DN7276_c0_g1_i23	NP_127504.1	27.0	408	282	8	3301	4494	1403	1804	5.13e-32	141	NP_127504.1 ORF I polyprotein [Petunia vein clearing virus]
TRINITY_DN7276_c0_g1_i35	NP_659397.1	29.2	407	277	5	3337	4527	258	663	6.29e-45	178	NP_659397.1 hypothetical protein [Mirabilis mosaic virus]
TRINITY_DN7276_c0_g1_i35	YP_009182100.1	28.5	421	287	7	3301	4527	1704	2122	1.85e-42	175	YP_009182100.1 polyprotein [Vaccinivirus cadovaccinii]
TRINITY_DN7276_c0_g1_i35	NP_619548.1	25.9	406	291	4	3337	4527	258	662	1.53e-37	155	NP_619548.1 unnamed protein product [Figwort mosaic virus]
TRINITY_DN7276_c0_g1_i35	NP_127504.1	27.5	407	279	8	3337	4527	1404	1804	1.04e-33	146	NP_127504.1 ORF I polyprotein [Petunia vein clearing virus]
TRINITY_DN7276_c0_g1_i35	YP_009506267.1	26.1	421	287	8	3340	4536	1439	1857	3.72e-31	138	YP_009506267.1 ORF3 protein [Dioscorea bacilliform AL virus]
TRINITY_DN7276_c0_g1_i44	NP_659397.1	29.7	411	278	5	643	1845	254	663	5.16e-47	183	NP_659397.1 hypothetical protein [Mirabilis mosaic virus]
TRINITY_DN7276_c0_g1_i44	YP_009182100.1	30.1	468	305	11	493	1845	1660	2122	1.33e-45	184	YP_009182100.1 polyprotein [Vaccinivirus cadovaccinii]
TRINITY_DN7276_c0_g1_i44	YP_004347415.1	30.9	444	268	15	616	1857	201	635	1.17e-44	176	YP_004347415.1 replicase [Sweet potato collusive virus]
TRINITY_DN7276_c0_g1_i44	NP_619548.1	26.6	406	288	4	655	1845	258	662	3.23e-38	156	NP_619548.1 unnamed protein product [Figwort mosaic virus]
TRINITY_DN7276_c0_g1_i44	NP_127504.1	27.0	407	281	8	655	1845	1404	1804	5.37e-33	143	NP_127504.1 ORF I polyprotein [Petunia vein clearing virus]
TRINITY_DN7285_c1_g1_i11	YP_010788859.1	34.5	359	194	10	29	1054	1	335	4.06e-49	179	YP_010788859.1 HD domain-containing protein [Megavirus baoshan]
TRINITY_DN7285_c1_g1_i11	YP_004894550.1	34.1	364	189	11	29	1054	1	335	1.08e-48	178	YP_004894550.1 putative HD domain-containing protein [Megavirus chiliensis]
TRINITY_DN7285_c1_g1_i11	YP_010841773.1	29.6	487	272	15	47	1432	8	448	1.62e-48	178	YP_010841773.1 putative HD domain-containing protein [Cotonvirus japonicus]
TRINITY_DN7285_c1_g1_i11	YP_010776363.1	33.8	364	190	11	29	1054	1	335	5.28e-47	174	YP_010776363.1 hypothetical protein QJ849_gp450 [Powai lake megavirus]
TRINITY_DN7285_c1_g1_i11	YP_010781894.1	34.2	366	190	10	29	1057	1	338	1.28e-46	174	YP_010781894.1 putative HD domain-containing protein [Tupanvirus soda lake]
TRINITY_DN7285_c1_g1_i6	YP_010788859.1	37.2	274	151	7	134	949	7	261	2.89e-45	162	YP_010788859.1 HD domain-containing protein [Megavirus baoshan]
TRINITY_DN7285_c1_g1_i6	YP_010841773.1	36.7	275	152	6	134	949	8	263	4.35e-45	162	YP_010841773.1 putative HD domain-containing protein [Cotonvirus japonicus]
TRINITY_DN7285_c1_g1_i6	YP_010781894.1	38.0	279	143	7	134	949	8	263	9.05e-45	162	YP_010781894.1 putative HD domain-containing protein [Tupanvirus soda lake]
TRINITY_DN7285_c1_g1_i6	YP_004894550.1	36.9	279	145	8	134	949	7	261	1.10e-44	161	YP_004894550.1 putative HD domain-containing protein [Megavirus chiliensis]
TRINITY_DN7285_c1_g1_i6	YP_010776363.1	36.6	279	146	8	134	949	7	261	5.98e-43	156	YP_010776363.1 hypothetical protein QJ849_gp450 [Powai lake megavirus]
TRINITY_DN7288_c1_g1_i2	YP_009448556.1	26.9	242	129	6	187	912	22	215	1.35e-19	92.0	YP_009448556.1 G protein alpha subunit [Orpheovirus IHUMI-LCC2]
TRINITY_DN2361_c0_g1_i1	YP_009449015.1	42.9	184	98	1	276	806	1	184	2.15e-46	160	YP_009449015.1 GTP ras-related protein Rac1 [Orpheovirus IHUMI-LCC2]
TRINITY_DN2361_c0_g1_i2	YP_009449015.1	56.0	75	33	0	276	500	1	75	1.90e-24	97.4	YP_009449015.1 GTP ras-related protein Rac1 [Orpheovirus IHUMI-LCC2]
TRINITY_DN2329_c0_g1_i11	YP_227395.1	24.8	367	240	9	304	1374	42	382	5.34e-30	125	YP_227395.1 Serpin-like protein [Deerpox virus W-848-83]
TRINITY_DN2329_c0_g1_i11	NP_073534.1	26.6	364	223	12	298	1374	10	334	6.83e-28	118	NP_073534.1 149R protein [Yaba-like disease virus]
TRINITY_DN2329_c0_g1_i11	NP_938400.1	27.2	349	208	11	346	1374	1	309	8.63e-27	114	NP_938400.1 149R [Yaba monkey tumor virus]
TRINITY_DN2329_c0_g1_i11	NP_051864.1	28.3	361	210	12	310	1374	14	331	2.07e-25	111	NP_051864.1 m151R [Myxoma virus]
TRINITY_DN2329_c0_g1_i11	YP_010804167.1	24.8	363	234	11	298	1371	47	375	1.27e-22	103	YP_010804167.1 serpin [Fadolivirus algeromassiliense]
TRINITY_DN2382_c0_g1_i15	NP_955616.1	36.1	144	79	5	337	729	86	229	2.86e-17	89.0	NP_955616.1 pp60 SRC [Rous sarcoma virus]
TRINITY_DN2382_c0_g1_i15	NP_056888.1	36.1	144	79	5	337	729	87	230	2.87e-17	89.0	NP_056888.1 p60 src [Rous sarcoma virus]
TRINITY_DN2382_c0_g1_i15	YP_628286.1	35.4	144	80	5	337	729	87	230	1.08e-16	87.4	YP_628286.1 protein-tyrosine kinase [Y73 sarcoma virus]
TRINITY_DN2382_c0_g1_i15	YP_003359177.1	54.0	50	23	0	796	945	124	173	7.72e-11	68.2	YP_003359177.1 hypothetical protein [Diplodia scrobiculata RNA virus 1]
TRINITY_DN2382_c0_g1_i15	NP_955595.1	38.7	93	54	2	466	741	2	92	1.07e-10	68.6	NP_955595.1 ABL [Abelson murine leukemia virus]
TRINITY_DN2382_c0_g1_i2	YP_003359177.1	54.0	50	23	0	719	868	124	173	9.55e-11	68.2	YP_003359177.1 hypothetical protein [Diplodia scrobiculata RNA virus 1]
TRINITY_DN2382_c0_g1_i2	NP_955595.1	40.7	81	47	1	425	664	12	92	1.58e-09	65.1	NP_955595.1 ABL [Abelson murine leukemia virus]
TRINITY_DN2382_c0_g1_i2	NP_057866.1	40.7	81	47	1	425	664	247	327	1.79e-09	65.1	NP_057866.1 p120 Gag-Abl polyprotein [Abelson murine leukemia virus]
TRINITY_DN2382_c0_g1_i2	NP_955616.1	38.6	88	46	3	413	652	142	229	1.96e-08	61.2	NP_955616.1 pp60 SRC [Rous sarcoma virus]
TRINITY_DN2382_c0_g1_i2	NP_056888.1	38.6	88	46	3	413	652	143	230	1.96e-08	61.2	NP_056888.1 p60 src [Rous sarcoma virus]
TRINITY_DN2333_c0_g1_i3	NP_612244.1	54.2	131	51	3	515	880	325	455	8.23e-31	124	NP_612244.1 ORF022L [Infectious spleen and kidney necrosis virus]
TRINITY_DN2333_c0_g1_i3	YP_009163828.1	55.1	118	45	2	512	841	448	565	5.45e-29	119	YP_009163828.1 ORF_067R [Scale drop disease virus]
TRINITY_DN2333_c0_g1_i3	YP_010804097.1	43.1	109	48	4	515	799	87	195	4.14e-13	71.2	YP_010804097.1 macro domain-containing protein [Fadolivirus algeromassiliense]
TRINITY_DN2333_c0_g1_i3	YP_009337320.1	36.5	104	66	0	503	814	997	1100	5.04e-12	70.1	YP_009337320.1 replicase [Wenling hepe-like virus 1]
TRINITY_DN2332_c0_g1_i13	YP_009162415.1	30.7	290	173	11	383	1231	2	270	6.00e-30	124	YP_009162415.1 serine-threonine kinase [Salmon gill poxvirus]
TRINITY_DN2332_c0_g1_i13	YP_717541.1	31.7	240	146	7	338	1054	2	224	3.61e-26	112	YP_717541.1 protein kinase 1 [Clanis bilineata nucleopolyhedrovirus]
TRINITY_DN2332_c0_g1_i13	YP_249607.1	30.5	220	135	7	338	994	2	204	1.60e-22	102	YP_249607.1 PK1 [Chrysodeixis chalcites nucleopolyhedrovirus]
TRINITY_DN2332_c0_g1_i13	YP_009666655.1	28.7	237	136	7	404	1072	37	254	4.19e-21	99.0	YP_009666655.1 protein kinase-1 [Mythimna unipuncta nucleopolyhedrovirus]
TRINITY_DN2332_c0_g1_i13	YP_009116916.1	27.5	236	153	6	338	1042	2	220	2.77e-20	95.9	YP_009116916.1 protein kinase [Pseudoplusia includens SNPV IE]
TRINITY_DN2342_c1_g2_i2	YP_009507248.1	38.1	84	51	1	410	159	817	899	1.89e-09	57.8	YP_009507248.1 ORF B [Trichoplusia ni TED virus]
TRINITY_DN6873_c2_g1_i1	YP_009465730.1	84.6	136	21	0	9	416	54	189	6.85e-73	219	YP_009465730.1 hypothetical protein C5Y57_gp013 [Dishui lake phycodnavirus 1]
TRINITY_DN6873_c2_g1_i1	YP_009046636.1	61.4	70	27	0	195	404	64	133	2.13e-21	87.0	YP_009046636.1 Histone H2A-like protein [Armadillidium vulgare iridescent virus]
TRINITY_DN6873_c2_g1_i1	YP_010802031.1	44.5	110	58	2	90	410	27	136	3.32e-18	79.3	YP_010802031.1 histone H3 [Acanthamoeba castellanii medusavirus]
TRINITY_DN6873_c2_g1_i1	YP_010804778.1	41.7	115	52	2	111	410	35	149	4.12e-16	75.9	YP_010804778.1 Fused protein of histone H3 and histone H4 [Acanthamoeba castellanii medusavirus]
TRINITY_DN6839_c0_g1_i12	YP_002154675.1	27.9	341	178	7	784	1680	2	316	4.68e-28	121	YP_002154675.1 serine-threonine kinase [Feldmannia species virus]
TRINITY_DN6839_c0_g1_i12	NP_077596.1	28.3	371	181	11	784	1713	3	349	2.56e-25	114	NP_077596.1 serine-threonine kinase [Ectocarpus siliculosus virus 1]
TRINITY_DN6839_c0_g1_i12	YP_010781034.1	30.3	320	181	15	808	1710	17	313	1.29e-23	108	YP_010781034.1 putative SNF1-related protein kinase catalytic subunit alpha KIN11-like [Tupanvirus deep ocean]
TRINITY_DN6839_c0_g1_i12	NP_048597.1	25.8	291	178	10	775	1608	39	304	5.58e-15	80.5	NP_048597.1 serine-threonine kinase [Paramecium bursaria Chlorella virus 1]
TRINITY_DN6839_c0_g1_i12	YP_013612652.1	29.0	238	124	8	784	1440	1	212	4.33e-14	79.0	YP_013612652.1 putative serine/threonine-protein kinase [Cedratvirus lausannensis]
TRINITY_DN8549_c2_g1_i3	YP_009666308.1	30.3	725	458	11	1839	3962	327	1021	3.62e-98	343	YP_009666308.1 Reverse Transcriptase, partial [Cladosporium fulvum T-1 virus]
TRINITY_DN8549_c2_g1_i3	YP_009507248.1	32.5	557	343	7	1497	3107	22	565	2.02e-80	292	YP_009507248.1 ORF B [Trichoplusia ni TED virus]
TRINITY_DN8549_c2_g1_i3	YP_002519387.1	29.8	460	302	8	1752	3074	239	696	9.02e-50	192	YP_002519387.1 putative enzymatic polyprotein [Rudbeckia flower distortion virus]
TRINITY_DN8549_c2_g1_i3	NP_043933.1	27.3	458	320	6	1725	3068	248	702	1.33e-49	192	NP_043933.1 hypothetical protein [Strawberry vein banding virus]
TRINITY_DN8549_c2_g1_i3	NP_127504.1	30.3	416	278	8	1845	3068	1393	1804	3.39e-47	190	NP_127504.1 ORF I polyprotein [Petunia vein clearing virus]
TRINITY_DN8561_c1_g1_i5	YP_009507248.1	36.3	444	264	8	3178	1871	135	567	1.07e-70	263	YP_009507248.1 ORF B [Trichoplusia ni TED virus]
TRINITY_DN8561_c1_g1_i5	YP_009041481.1	24.0	455	319	13	3055	1739	1411	1854	3.38e-25	118	YP_009041481.1 polyprotein [Pagoda yellow mosaic associated virus]
TRINITY_DN8561_c1_g1_i5	YP_009352866.1	22.4	438	318	12	3055	1790	1379	1810	1.88e-21	106	YP_009352866.1 ORF3 [Wisteria badnavirus 1]
TRINITY_DN8561_c1_g1_i5	YP_006495799.1	23.6	402	283	9	3187	2039	1409	1805	4.22e-21	105	YP_006495799.1 polyprotein [Gooseberry vein banding associated virus]
TRINITY_DN8561_c1_g2_i1	YP_009507248.1	36.3	444	264	8	1282	2589	135	567	1.97e-70	263	YP_009507248.1 ORF B [Trichoplusia ni TED virus]
TRINITY_DN8561_c1_g2_i1	YP_009041481.1	24.0	455	319	13	1405	2721	1411	1854	5.40e-25	118	YP_009041481.1 polyprotein [Pagoda yellow mosaic associated virus]
TRINITY_DN8561_c1_g2_i1	YP_009352866.1	22.4	438	318	12	1405	2670	1379	1810	2.96e-21	106	YP_009352866.1 ORF3 [Wisteria badnavirus 1]
TRINITY_DN8561_c1_g2_i1	YP_006495799.1	23.6	402	283	9	1273	2421	1409	1805	6.64e-21	105	YP_006495799.1 polyprotein [Gooseberry vein banding associated virus]
TRINITY_DN8576_c1_g1_i1	YP_003969913.1	50.0	138	66	2	240	644	6	143	4.03e-38	140	YP_003969913.1 putative ubiquitin-conjugating enzyme E2 [Cafeteria roenbergensis virus BV-PW1]
TRINITY_DN8576_c1_g1_i1	YP_010803386.1	42.8	145	83	0	228	662	4	148	3.22e-36	137	YP_010803386.1 ubiquitin-conjugating enzyme E2 [Fadolivirus algeromassiliense]
TRINITY_DN8576_c1_g1_i1	YP_003969690.1	44.6	139	63	2	240	620	5	141	2.05e-29	117	YP_003969690.1 putative ubiquitin-conjugating enzyme E2 [Cafeteria roenbergensis virus BV-PW1]
TRINITY_DN8576_c1_g1_i1	YP_009703037.1	38.1	155	83	2	240	665	4	158	2.61e-28	115	YP_009703037.1 BA71V-I215L (k13L) [African swine fever virus]
TRINITY_DN8576_c1_g1_i1	YP_010777710.1	32.8	134	90	0	243	644	1136	1269	6.52e-18	91.7	YP_010777710.1 RING-finger-containing E3 ubiquitin ligase [Acanthamoeba polyphaga mimivirus]
TRINITY_DN32357_c0_g1_i10	YP_010803569.1	56.4	78	33	1	164	397	6	82	3.29e-23	100	YP_010803569.1 cysteinyl-tRNA synthetase [Fadolivirus algeromassiliense]
TRINITY_DN32357_c0_g1_i10	YP_013611577.1	61.4	57	22	0	230	400	35	91	4.35e-16	79.7	YP_013611577.1 Cysteinyl-tRNA Synthetase [Yasminevirus sp. GU-2018]
TRINITY_DN32357_c0_g1_i10	YP_004894858.1	51.7	60	29	0	221	400	5	64	1.51e-12	69.3	YP_004894858.1 cysteinyl-tRNA synthetase [Megavirus chiliensis]
TRINITY_DN32357_c0_g1_i10	YP_010782585.1	55.2	58	26	0	218	391	10	67	1.54e-12	69.3	YP_010782585.1 cysteinyl-tRNA synthetase [Tupanvirus soda lake]
TRINITY_DN32357_c0_g1_i10	YP_010779233.1	52.6	57	27	0	221	391	7	63	2.05e-12	68.9	YP_010779233.1 cysteinyl-tRNA synthetase-like protein [Moumouvirus goulette]
TRINITY_DN32357_c0_g1_i3	YP_010803569.1	32.3	603	280	13	164	1948	6	488	8.91e-91	305	YP_010803569.1 cysteinyl-tRNA synthetase [Fadolivirus algeromassiliense]
TRINITY_DN32357_c0_g1_i3	YP_013611577.1	32.2	593	276	12	230	1945	35	522	4.59e-90	304	YP_013611577.1 Cysteinyl-tRNA Synthetase [Yasminevirus sp. GU-2018]
TRINITY_DN32357_c0_g1_i3	YP_010782585.1	29.2	617	276	13	218	1963	10	500	1.63e-64	231	YP_010782585.1 cysteinyl-tRNA synthetase [Tupanvirus soda lake]
TRINITY_DN32357_c0_g1_i3	YP_010842122.1	28.2	609	285	12	215	1960	7	490	2.06e-64	231	YP_010842122.1 cysteinyl-tRNA synthetase [Cotonvirus japonicus]
TRINITY_DN32357_c0_g1_i3	YP_010781201.1	30.9	609	268	17	230	1963	14	500	6.38e-63	226	YP_010781201.1 cysteinyl-tRNA synthetase [Tupanvirus deep ocean]
TRINITY_DN1975_c0_g2_i10	YP_013611849.1	38.2	68	42	0	771	974	189	256	3.30e-07	55.5	YP_013611849.1 putative t-snare protein [Yasminevirus sp. GU-2018]
TRINITY_DN1975_c0_g2_i10	YP_009173670.1	36.4	66	42	0	771	968	13	78	1.04e-06	50.4	YP_009173670.1 SNARE domain containing protein/ putative syntaxin [Chrysochromulina ericina virus]
TRINITY_DN1975_c0_g2_i6	YP_013611849.1	38.2	68	42	0	729	932	189	256	3.19e-07	55.5	YP_013611849.1 putative t-snare protein [Yasminevirus sp. GU-2018]
TRINITY_DN1975_c0_g2_i6	YP_009173670.1	36.4	66	42	0	729	926	13	78	1.01e-06	50.4	YP_009173670.1 SNARE domain containing protein/ putative syntaxin [Chrysochromulina ericina virus]
TRINITY_DN1924_c0_g1_i22	YP_009408041.1	31.7	205	136	3	477	1088	3	204	9.48e-25	107	YP_009408041.1 Carbonic anhydrase, GAG-binding MV membrane protein [Eptesipox virus]
TRINITY_DN1924_c0_g1_i22	NP_570501.1	28.4	229	152	6	483	1157	6	226	4.43e-19	91.3	NP_570501.1 CMLV111 [Camelpox virus]
TRINITY_DN1924_c0_g1_i22	YP_717422.1	28.8	229	151	6	483	1157	6	226	1.09e-18	90.1	YP_717422.1 IMV membrane protein [Taterapox virus]
TRINITY_DN1924_c0_g1_i22	YP_232995.1	28.8	229	151	6	483	1157	6	226	1.48e-18	89.7	YP_232995.1 IMV membrane protein [Orthopoxvirus vaccinia]
TRINITY_DN1924_c0_g1_i22	YP_010509323.1	28.8	229	151	6	483	1157	6	226	4.91e-18	88.2	YP_010509323.1 Carbonic anhydrase [Horsepox virus]
TRINITY_DN1919_c0_g1_i15	YP_007354233.1	30.6	764	393	21	423	2594	223	889	2.03e-94	330	YP_007354233.1 Glycosyltransferase family 25 fused to procollagen lysine 2-oxoglutarate 5-dioxygenase [Acanthamoeba polyphaga moumouvirus]
TRINITY_DN1919_c0_g1_i15	YP_010789585.1	31.2	767	386	24	423	2594	223	890	1.73e-93	327	YP_010789585.1 putative procollagen-lysine [Moumouvirus australiensis]
TRINITY_DN1919_c0_g1_i15	YP_010776196.1	30.3	750	414	23	423	2594	244	910	3.91e-92	324	YP_010776196.1 putative procollagen-lysine 2-oxoglutarate 5-dioxygenase [Powai lake megavirus]
TRINITY_DN1919_c0_g1_i15	YP_004894378.1	31.3	748	409	23	423	2594	223	889	2.17e-91	321	YP_004894378.1 putative procollagen-lysine 2-oxoglutarate 5-dioxygenase [Megavirus chiliensis]
TRINITY_DN1919_c0_g1_i15	YP_010789033.1	30.8	750	410	25	423	2594	223	889	5.37e-91	320	YP_010789033.1 procollagen-lysine 2-oxoglutarate 5-dioxygenase [Megavirus baoshan]
TRINITY_DN1919_c0_g1_i3	YP_007354233.1	29.9	737	379	21	297	2390	252	889	1.52e-91	311	YP_007354233.1 Glycosyltransferase family 25 fused to procollagen lysine 2-oxoglutarate 5-dioxygenase [Acanthamoeba polyphaga moumouvirus]
TRINITY_DN1919_c0_g1_i3	YP_010789585.1	30.3	739	374	23	297	2390	252	890	5.60e-90	306	YP_010789585.1 putative procollagen-lysine [Moumouvirus australiensis]
TRINITY_DN1919_c0_g1_i3	YP_010782234.1	30.3	723	429	26	297	2390	256	928	4.00e-89	305	YP_010782234.1 putative procollagen-lysine [Tupanvirus soda lake]
TRINITY_DN1919_c0_g1_i3	YP_010776196.1	29.3	723	401	23	297	2390	273	910	7.78e-89	304	YP_010776196.1 putative procollagen-lysine 2-oxoglutarate 5-dioxygenase [Powai lake megavirus]
TRINITY_DN1919_c0_g1_i3	YP_004894378.1	30.4	721	396	23	297	2390	252	889	3.78e-88	301	YP_004894378.1 putative procollagen-lysine 2-oxoglutarate 5-dioxygenase [Megavirus chiliensis]
TRINITY_DN1991_c0_g1_i1	YP_010796961.1	42.9	275	152	3	7	819	763	1036	4.26e-64	220	YP_010796961.1 PolB [Mayetiola barley midge adintovirus]
TRINITY_DN1991_c0_g1_i1	YP_007714631.1	30.5	272	157	8	16	798	705	955	4.91e-26	110	YP_007714631.1 structural protein [Bombyx mori densovirus 3]
TRINITY_DN1991_c0_g1_i1	YP_009506248.1	30.5	272	157	8	16	798	705	955	4.91e-26	110	YP_009506248.1 structural protein [Bombyx mori densovirus Zhenjiang]
TRINITY_DN1991_c0_g1_i10	YP_010796961.1	30.7	244	150	6	601	1311	805	1036	4.97e-21	100	YP_010796961.1 PolB [Mayetiola barley midge adintovirus]
TRINITY_DN1989_c8_g2_i4	YP_009482546.1	28.8	240	136	10	122	814	1520	1733	1.32e-18	90.1	YP_009482546.1 serine-threonine kinase [Pandoravirus neocaledonia]
TRINITY_DN1989_c8_g2_i4	YP_010841334.1	28.6	224	123	8	185	814	1412	1612	2.37e-18	89.4	YP_010841334.1 putative serine/threonine-protein kinase [Cotonvirus japonicus]
TRINITY_DN1989_c8_g2_i4	YP_013612139.1	25.3	292	177	11	5	862	1125	1381	1.37e-17	87.0	YP_013612139.1 5'-nucleotidase/apyrase [Brazilian cedratvirus IHUMI]
TRINITY_DN1989_c8_g2_i4	YP_009345532.1	29.5	193	112	6	224	790	1254	1426	3.35e-17	85.9	YP_009345532.1 serine-threonine kinase [Noumeavirus]
TRINITY_DN1989_c8_g2_i4	YP_004347043.1	31.6	193	108	7	224	790	1255	1427	3.35e-17	85.9	YP_004347043.1 serine-threonine kinase [Lausannevirus]
TRINITY_DN1989_c8_g2_i6	YP_010841334.1	27.7	256	146	9	185	910	1412	1642	5.18e-20	101	YP_010841334.1 putative serine/threonine-protein kinase [Cotonvirus japonicus]
TRINITY_DN1989_c8_g2_i6	YP_009482546.1	27.5	273	161	11	122	913	1520	1764	2.32e-18	95.9	YP_009482546.1 serine-threonine kinase [Pandoravirus neocaledonia]
TRINITY_DN1989_c8_g2_i6	YP_013612139.1	25.4	319	195	12	5	943	1125	1406	2.80e-18	95.5	YP_013612139.1 5'-nucleotidase/apyrase [Brazilian cedratvirus IHUMI]
TRINITY_DN1989_c8_g2_i6	YP_010801788.1	26.4	277	177	8	104	910	815	1072	1.50e-17	93.2	YP_010801788.1 Ser/Thr protein kinase [Acanthamoeba castellanii medusavirus]
TRINITY_DN1989_c8_g2_i6	YP_009345532.1	28.0	232	141	7	224	907	1254	1463	2.48e-17	92.4	YP_009345532.1 serine-threonine kinase [Noumeavirus]
TRINITY_DN1973_c0_g1_i16	NP_955595.1	38.4	279	162	4	1476	2306	115	385	5.92e-56	212	NP_955595.1 ABL [Abelson murine leukemia virus]
TRINITY_DN1973_c0_g1_i16	NP_042289.1	41.4	278	149	4	1506	2297	245	522	8.87e-56	208	NP_042289.1 P68 protein [UR2 sarcoma virus]
TRINITY_DN1973_c0_g1_i16	NP_057866.1	38.4	279	162	4	1476	2306	350	620	6.94e-55	212	NP_057866.1 p120 Gag-Abl polyprotein [Abelson murine leukemia virus]
TRINITY_DN1973_c0_g1_i16	NP_955606.1	40.2	276	151	5	1500	2315	607	872	2.75e-54	209	NP_955606.1 FBS [Fujinami sarcoma virus]
TRINITY_DN1973_c0_g1_i16	NP_056889.1	40.2	276	151	5	1500	2315	916	1181	1.75e-53	209	NP_056889.1 p140 polyprotein [Fujinami sarcoma virus]
TRINITY_DN1932_c2_g1_i15	YP_001497934.1	33.5	176	111	2	4884	5393	281	456	8.87e-17	89.0	YP_001497934.1 hypothetical protein NY2A_B738L [Paramecium bursaria Chlorella virus NY2A]
TRINITY_DN1932_c2_g1_i15	YP_009665518.1	33.5	176	111	2	4884	5393	281	456	8.87e-17	89.0	YP_009665518.1 ATP-dependent helicase [Paramecium bursaria Chlorella virus NYs1]
TRINITY_DN1932_c2_g1_i15	YP_001498744.1	33.5	176	111	2	4884	5393	281	456	8.87e-17	89.0	YP_001498744.1 hypothetical protein AR158_C663L [Paramecium bursaria Chlorella virus AR158]
TRINITY_DN1932_c2_g1_i15	YP_009325802.1	36.4	143	89	1	4878	5306	282	422	2.06e-16	87.8	YP_009325802.1 ATP-dependent SNF2 helicase [Only Syngen Nebraska virus 5]
TRINITY_DN1932_c2_g1_i15	NP_048904.2	33.0	176	112	2	4884	5393	318	493	8.07e-16	86.3	NP_048904.2 hypothetical protein PBCV1_A548L [Paramecium bursaria Chlorella virus 1]
TRINITY_DN1932_c2_g1_i23	YP_001497934.1	33.5	176	111	2	4904	5413	281	456	1.51e-16	89.0	YP_001497934.1 hypothetical protein NY2A_B738L [Paramecium bursaria Chlorella virus NY2A]
TRINITY_DN1932_c2_g1_i23	YP_009665518.1	33.5	176	111	2	4904	5413	281	456	1.51e-16	89.0	YP_009665518.1 ATP-dependent helicase [Paramecium bursaria Chlorella virus NYs1]
TRINITY_DN1932_c2_g1_i23	YP_001498744.1	33.5	176	111	2	4904	5413	281	456	1.51e-16	89.0	YP_001498744.1 hypothetical protein AR158_C663L [Paramecium bursaria Chlorella virus AR158]
TRINITY_DN1932_c2_g1_i23	YP_009325802.1	36.4	143	89	1	4898	5326	282	422	3.49e-16	87.8	YP_009325802.1 ATP-dependent SNF2 helicase [Only Syngen Nebraska virus 5]
TRINITY_DN1932_c2_g1_i23	NP_048904.2	33.0	176	112	2	4904	5413	318	493	1.37e-15	86.3	NP_048904.2 hypothetical protein PBCV1_A548L [Paramecium bursaria Chlorella virus 1]
TRINITY_DN9255_c0_g1_i2	YP_010788670.1	49.5	331	158	4	212	1201	8	330	2.48e-113	343	YP_010788670.1 glutamine synthetase [Megavirus baoshan]
TRINITY_DN9255_c0_g1_i2	YP_010781533.1	45.7	352	180	5	149	1201	9	350	9.68e-113	342	YP_010781533.1 synthetase [Tupanvirus soda lake]
TRINITY_DN9255_c0_g1_i2	YP_010776535.1	48.9	331	160	4	212	1201	8	330	5.59e-112	340	YP_010776535.1 putative glutamine synthetase [Powai lake megavirus]
TRINITY_DN9255_c0_g1_i2	YP_010841979.1	48.9	331	160	4	212	1201	7	329	1.53e-111	338	YP_010841979.1 glutamine synthetase [Cotonvirus japonicus]
TRINITY_DN9255_c0_g1_i2	YP_010789923.1	49.2	331	159	4	212	1201	8	330	3.15e-111	338	YP_010789923.1 glutamine synthetase [Moumouvirus australiensis]
TRINITY_DN9209_c0_g1_i11	YP_013612770.1	38.7	462	228	10	279	1532	5	455	4.61e-86	289	YP_013612770.1 adenylosuccinate synthetase [Cedratvirus lausannensis]
TRINITY_DN9209_c0_g1_i11	YP_010842314.1	36.6	465	242	11	276	1541	11	465	9.91e-83	280	YP_010842314.1 adenylosuccinate synthetase [Cotonvirus japonicus]
TRINITY_DN9209_c0_g1_i11	YP_009000992.1	38.3	460	227	12	279	1532	5	449	4.61e-82	278	YP_009000992.1 2-aminooxy adenylosuccinate synthetase [Pithovirus sibericum]
TRINITY_DN9209_c0_g1_i11	YP_009329210.1	38.2	468	228	11	279	1532	5	461	8.96e-82	277	YP_009329210.1 2-aminooxy adenylosuccinate synthetase [Cedratvirus A11]
TRINITY_DN9209_c0_g1_i11	YP_013022807.1	36.7	479	235	10	279	1532	8	479	2.05e-81	277	YP_013022807.1 adenylosuccinate synthetase [Cedratvirus kamchatka]
TRINITY_DN9298_c0_g1_i19	YP_009665063.1	35.9	270	163	5	2053	2850	140	403	1.14e-44	174	YP_009665063.1 cell division protein [Micromonas pusilla virus SP1]
TRINITY_DN9298_c0_g1_i19	YP_008052571.1	39.4	277	146	8	2044	2847	134	397	2.62e-44	173	YP_008052571.1 ATP-dependent zinc metalloprotease [Phaeocystis globosa virus]
TRINITY_DN9298_c0_g1_i19	YP_007676316.1	38.3	248	142	6	2008	2736	128	369	3.65e-44	172	YP_007676316.1 ATP-dependent metalloprotease FtsH [Micromonas pusilla virus 12T]
TRINITY_DN9298_c0_g1_i19	YP_010678996.1	34.7	271	162	5	2044	2853	153	409	1.03e-43	171	YP_010678996.1 cell division protein [Pseudomonas phage vB_PaeM_PA5oct]
TRINITY_DN9298_c0_g1_i19	YP_007674885.1	37.3	249	143	6	2008	2736	127	368	7.19e-43	169	YP_007674885.1 ATP-dependent metalloprotease [Ostreococcus lucimarinus virus OlV5]
TRINITY_DN9206_c0_g1_i1	NP_689444.1	89.2	998	108	0	23	3016	1	998	0.0	1822	NP_689444.1 protein A [Flock House virus]
TRINITY_DN9206_c0_g1_i1	YP_053043.1	88.9	998	111	0	23	3016	1	998	0.0	1813	YP_053043.1 put. protein A (m.w. 112 kD) [Black beetle virus]
TRINITY_DN9206_c0_g1_i1	NP_689439.1	87.6	991	123	0	23	2995	1	991	0.0	1778	NP_689439.1 protein A [Boolarra virus]
TRINITY_DN9206_c0_g1_i1	YP_009337806.1	47.1	817	427	4	146	2593	45	857	7.05e-262	759	YP_009337806.1 hypothetical protein [Shuangao insect virus 11]
TRINITY_DN9206_c0_g1_i1	NP_077730.1	42.6	987	547	11	62	2989	25	1002	2.80e-249	733	NP_077730.1 RNA dependent RNA polymerase protein A [Nodamura virus]
TRINITY_DN50355_c0_g1_i1	YP_010788378.1	44.7	114	55	4	33	350	101	214	1.69e-17	79.7	YP_010788378.1 cholinesterase [Megavirus baoshan]
TRINITY_DN50355_c0_g1_i1	YP_003987440.1	43.0	114	57	3	33	350	101	214	2.31e-17	79.3	YP_003987440.1 probable cholinesterase [Acanthamoeba polyphaga mimivirus]
TRINITY_DN50355_c0_g1_i1	YP_004895032.1	44.7	114	55	4	33	350	101	214	2.31e-17	79.3	YP_004895032.1 putative cholinesterase [Megavirus chiliensis]
TRINITY_DN50355_c0_g1_i1	YP_010779936.1	44.3	115	54	5	33	350	102	215	1.09e-16	77.4	YP_010779936.1 hypothetical protein QJ854_gp081 [Moumouvirus goulette]
TRINITY_DN19079_c0_g1_i2	NP_127504.1	26.1	426	299	10	2253	1006	1385	1804	1.05e-33	146	NP_127504.1 ORF I polyprotein [Petunia vein clearing virus]
TRINITY_DN19079_c0_g1_i2	YP_009666830.1	27.4	430	278	11	2214	1006	1298	1720	2.19e-33	145	YP_009666830.1 ORF3 polyprotein [Cacao swollen shoot Ghana Q virus]
TRINITY_DN19079_c0_g1_i2	YP_009506264.1	24.5	695	429	26	2874	949	1052	1703	1.82e-30	135	YP_009506264.1 polyprotein [Canna yellow mottle virus]
TRINITY_DN19079_c0_g1_i2	YP_004347415.1	25.1	565	373	20	2607	1003	88	632	2.10e-30	132	YP_004347415.1 replicase [Sweet potato collusive virus]
TRINITY_DN19079_c0_g1_i2	YP_004442824.1	25.3	443	279	10	2229	1006	1248	1673	2.48e-30	135	YP_004442824.1 polyprotein [Banana streak UA virus]
TRINITY_DN19063_c1_g1_i2	NP_203611.1	35.2	310	172	7	1053	1931	58	355	1.21e-46	172	NP_203611.1 cathepsin [Helicoverpa armigera nucleopolyhedrovirus]
TRINITY_DN19063_c1_g1_i2	NP_075125.1	35.2	310	172	7	1053	1931	58	355	1.21e-46	172	NP_075125.1 cathepsin [Helicoverpa armigera nucleopolyhedrovirus G4]
TRINITY_DN19063_c1_g1_i2	NP_891858.1	34.3	329	189	9	981	1931	10	323	6.95e-46	169	NP_891858.1 cathepsin [Cryptophlebia leucotreta granulovirus]
TRINITY_DN19063_c1_g1_i2	YP_010086926.1	34.2	304	182	7	1044	1931	32	325	2.53e-44	165	YP_010086926.1 cathepsin [Cryptophlebia peltastica nucleopolyhedrovirus]
TRINITY_DN19063_c1_g1_i2	YP_010802502.1	36.5	301	172	8	1044	1931	44	330	2.87e-44	165	YP_010802502.1 viral cathepsin [Chrysodeixis includens nucleopolyhedrovirus]
TRINITY_DN19059_c0_g1_i3	YP_003970036.1	31.8	638	386	13	149	2029	8	607	2.62e-88	296	YP_003970036.1 putative DnaK/Hsp70 [Cafeteria roenbergensis virus BV-PW1]
TRINITY_DN19059_c0_g1_i3	YP_009173627.1	31.9	634	393	12	149	2029	10	611	7.06e-88	296	YP_009173627.1 Hsp70 protein [Chrysochromulina ericina virus]
TRINITY_DN19059_c0_g1_i3	YP_010789745.1	30.0	630	407	8	149	2026	6	605	2.88e-85	288	YP_010789745.1 heat shock 70 kDa protein-like protein [Moumouvirus australiensis]
TRINITY_DN19059_c0_g1_i3	YP_010776364.1	30.0	630	407	8	149	2026	7	606	4.10e-85	287	YP_010776364.1 hypothetical protein QJ849_gp451 [Powai lake megavirus]
TRINITY_DN19059_c0_g1_i3	YP_004894551.1	29.7	630	409	8	149	2026	7	606	1.54e-83	283	YP_004894551.1 heat shock 70 kDa protein-like protein [Megavirus chiliensis]
TRINITY_DN34247_c2_g1_i1	YP_073558.1	36.8	76	46	1	3	230	181	254	1.06e-06	48.5	YP_073558.1 RNA-dependent DNA polymerase [lymphocystis disease virus-China]
TRINITY_DN34247_c3_g1_i2	YP_073558.1	34.3	102	65	1	399	94	148	247	2.14e-10	60.5	YP_073558.1 RNA-dependent DNA polymerase [lymphocystis disease virus-China]
TRINITY_DN34121_c0_g2_i1	YP_009173627.1	50.5	553	256	8	193	1812	5	552	1.54e-172	511	YP_009173627.1 Hsp70 protein [Chrysochromulina ericina virus]
TRINITY_DN34121_c0_g2_i1	YP_007676312.1	49.0	551	263	8	196	1809	1	546	3.85e-165	490	YP_007676312.1 heat shock protein 70 [Micromonas pusilla virus 12T]
TRINITY_DN34121_c0_g2_i1	YP_004061438.1	48.4	552	268	7	196	1812	1	548	3.72e-164	488	YP_004061438.1 hypothetical protein BpV1_008c [Bathycoccus sp. RCC1105 virus BpV1]
TRINITY_DN34121_c0_g2_i1	YP_004894551.1	48.9	546	260	10	208	1806	7	546	3.06e-159	476	YP_004894551.1 heat shock 70 kDa protein-like protein [Megavirus chiliensis]
TRINITY_DN34121_c0_g2_i1	YP_010776364.1	48.7	546	261	10	208	1806	7	546	8.64e-159	474	YP_010776364.1 hypothetical protein QJ849_gp451 [Powai lake megavirus]
TRINITY_DN15121_c0_g1_i1	YP_009091936.1	47.1	51	24	2	502	356	220	269	4.61e-06	49.3	YP_009091936.1 inhibitor of apoptosis 3 [Erinnyis ello granulovirus]
TRINITY_DN15121_c0_g2_i2	YP_009001870.1	42.4	92	50	2	186	458	93	182	1.65e-18	83.2	YP_009001870.1 IAP-3 [Buzura suppressaria nucleopolyhedrovirus]
TRINITY_DN15121_c0_g2_i2	YP_010805087.1	46.3	80	40	2	213	449	152	229	4.96e-18	82.8	YP_010805087.1 Inhibitor of apoptosis 3 [Trabala vishnou gigantina nucleopolyhedrovirus]
TRINITY_DN15121_c0_g2_i2	YP_009552586.1	44.0	84	43	1	207	458	69	148	5.25e-18	79.3	YP_009552586.1 IAP-3 [Operophtera brumata nucleopolyhedrovirus]
TRINITY_DN15121_c0_g2_i2	YP_473308.1	41.3	92	50	2	186	458	87	175	7.14e-18	81.3	YP_473308.1 IAP3 [Hyphantria cunea nucleopolyhedrovirus]
TRINITY_DN15121_c0_g2_i2	YP_009250021.1	43.5	85	46	1	204	458	100	182	8.23e-18	81.3	YP_009250021.1 IAP-3 [Urbanus proteus nucleopolyhedrovirus]
TRINITY_DN15179_c2_g1_i2	YP_013611121.1	36.4	206	122	4	109	714	4	204	1.45e-32	125	YP_013611121.1 hypothetical protein YASMINEVIRUS_766 [Yasminevirus sp. GU-2018]
TRINITY_DN15179_c2_g1_i2	YP_010780883.1	36.7	169	102	2	178	669	9	177	7.04e-32	122	YP_010780883.1 rab family small GTPase [Tupanvirus deep ocean]
TRINITY_DN15179_c2_g1_i2	YP_013611857.1	41.0	161	92	2	175	654	7	165	2.93e-31	121	YP_013611857.1 ras-related protein RABB1b [Yasminevirus sp. GU-2018]
TRINITY_DN15179_c2_g1_i2	YP_010782189.1	35.4	164	105	1	178	666	9	172	2.71e-30	118	YP_010782189.1 rab family small GTPase [Tupanvirus soda lake]
TRINITY_DN15179_c2_g1_i2	YP_010778822.1	36.4	154	97	1	178	639	5	157	5.32e-30	117	YP_010778822.1 rab domain-containing protein [Bodo saltans virus]
TRINITY_DN15179_c2_g1_i3	YP_013611121.1	38.8	183	106	3	217	753	24	204	2.90e-31	124	YP_013611121.1 hypothetical protein YASMINEVIRUS_766 [Yasminevirus sp. GU-2018]
TRINITY_DN15179_c2_g1_i3	YP_010780883.1	36.7	169	102	2	217	708	9	177	8.88e-31	122	YP_010780883.1 rab family small GTPase [Tupanvirus deep ocean]
TRINITY_DN15179_c2_g1_i3	YP_013611857.1	41.0	161	92	2	214	693	7	165	3.49e-30	121	YP_013611857.1 ras-related protein RABB1b [Yasminevirus sp. GU-2018]
TRINITY_DN15179_c2_g1_i3	YP_010782189.1	35.4	164	105	1	217	705	9	172	2.74e-29	118	YP_010782189.1 rab family small GTPase [Tupanvirus soda lake]
TRINITY_DN15179_c2_g1_i3	YP_010778822.1	36.4	154	97	1	217	678	5	157	5.31e-29	117	YP_010778822.1 rab domain-containing protein [Bodo saltans virus]
TRINITY_DN16683_c0_g1_i15	YP_010802951.1	25.1	227	151	10	2083	2727	172	391	2.71e-10	67.4	YP_010802951.1 Ras guanine-nucleotide exchange factor [Fadolivirus algeromassiliense]
TRINITY_DN18136_c0_g1_i10	YP_013610927.1	23.4	418	253	17	226	1305	9	417	6.96e-11	68.9	YP_013610927.1 Cytochrome b5-like heme/steroid binding domain [Yasminevirus sp. GU-2018]
TRINITY_DN33184_c0_g1_i1	YP_010782648.1	53.3	828	369	7	113	2587	3	815	2.11e-306	865	YP_010782648.1 elongation factor 2 [Tupanvirus soda lake]
TRINITY_DN33184_c0_g1_i1	YP_010781262.1	52.9	828	372	7	113	2587	3	815	8.53e-306	864	YP_010781262.1 mimivirus elongation factor aef-2 [Tupanvirus deep ocean]
TRINITY_DN33184_c0_g1_i1	YP_010803532.1	53.3	828	368	8	113	2587	8	819	3.96e-305	862	YP_010803532.1 eukaryotic translation elongation factor 2 [Fadolivirus algeromassiliense]
TRINITY_DN4123_c0_g1_i12	YP_009665657.1	31.7	293	155	2	764	1525	4	290	2.11e-37	150	YP_009665657.1 serine-threonine kinase [Feldmannia irregularis virus a]
TRINITY_DN4123_c0_g1_i12	YP_002154675.1	29.4	316	172	5	767	1585	5	312	1.17e-32	136	YP_002154675.1 serine-threonine kinase [Feldmannia species virus]
TRINITY_DN4123_c0_g1_i12	YP_010778841.1	30.9	275	168	7	761	1525	2	274	2.66e-30	129	YP_010778841.1 serine/threonine protein kinase [Bodo saltans virus]
TRINITY_DN4123_c0_g1_i12	YP_010789881.1	31.6	288	163	10	755	1519	4	290	8.89e-29	124	YP_010789881.1 serine/threonine protein kinase [Moumouvirus australiensis]
TRINITY_DN4123_c0_g1_i12	YP_013611601.1	34.5	275	146	11	785	1561	63	319	2.50e-28	127	YP_013611601.1 serine/threonine protein kinase [Yasminevirus sp. GU-2018]
TRINITY_DN4168_c0_g1_i2	YP_009046048.1	43.9	262	146	1	330	1115	1	261	9.90e-67	229	YP_009046048.1 GNS1/SUR4 [Penguinpox virus]
TRINITY_DN4168_c0_g1_i2	YP_009447965.1	44.2	260	144	1	336	1115	3	261	1.84e-66	228	YP_009447965.1 GNS1/SUR4 [Flamingopox virus FGPVKD09]
TRINITY_DN4168_c0_g1_i2	NP_955091.1	45.4	249	135	1	351	1097	4	251	3.55e-65	224	NP_955091.1 CNPV068 GNS1/SUR4-like protein [Canarypox virus]
TRINITY_DN4168_c0_g1_i2	YP_009046285.1	43.1	262	148	1	330	1115	1	261	1.89e-64	223	YP_009046285.1 GNS1/SUR4 [Pigeonpox virus]
TRINITY_DN4168_c0_g1_i2	NP_039011.1	44.6	249	137	1	369	1115	14	261	2.24e-63	219	NP_039011.1 GNS1/SUR4 protein [Fowlpox virus]
TRINITY_DN4168_c0_g1_i6	NP_955091.1	42.5	120	68	1	351	710	4	122	4.64e-24	100	NP_955091.1 CNPV068 GNS1/SUR4-like protein [Canarypox virus]
TRINITY_DN4168_c0_g1_i6	YP_009046048.1	41.7	127	73	1	330	710	1	126	5.02e-24	100	YP_009046048.1 GNS1/SUR4 [Penguinpox virus]
TRINITY_DN4168_c0_g1_i6	YP_009447965.1	42.4	125	71	1	336	710	3	126	7.00e-24	100	YP_009447965.1 GNS1/SUR4 [Flamingopox virus FGPVKD09]
TRINITY_DN4168_c0_g1_i6	YP_009046285.1	41.7	127	73	1	330	710	1	126	9.75e-24	99.8	YP_009046285.1 GNS1/SUR4 [Pigeonpox virus]
TRINITY_DN4168_c0_g1_i6	NP_039011.1	43.0	114	64	1	369	710	14	126	7.11e-21	92.0	NP_039011.1 GNS1/SUR4 protein [Fowlpox virus]
TRINITY_DN4168_c0_g1_i8	YP_009046048.1	46.3	136	73	0	152	559	126	261	6.80e-34	134	YP_009046048.1 GNS1/SUR4 [Penguinpox virus]
TRINITY_DN4168_c0_g1_i8	YP_009447965.1	46.3	136	73	0	152	559	126	261	9.24e-34	134	YP_009447965.1 GNS1/SUR4 [Flamingopox virus FGPVKD09]
TRINITY_DN4168_c0_g1_i8	NP_039011.1	46.3	136	73	0	152	559	126	261	1.71e-33	133	NP_039011.1 GNS1/SUR4 protein [Fowlpox virus]
TRINITY_DN4168_c0_g1_i8	NP_955091.1	47.7	130	68	0	152	541	122	251	3.30e-32	129	NP_955091.1 CNPV068 GNS1/SUR4-like protein [Canarypox virus]
TRINITY_DN4168_c0_g1_i8	YP_009046285.1	44.9	136	75	0	152	559	126	261	6.76e-32	129	YP_009046285.1 GNS1/SUR4 [Pigeonpox virus]
TRINITY_DN4133_c2_g1_i6	YP_009162415.1	27.4	288	187	10	892	1746	2	270	2.26e-18	89.4	YP_009162415.1 serine-threonine kinase [Salmon gill poxvirus]
TRINITY_DN4133_c2_g1_i6	YP_009507230.1	29.0	207	140	2	880	1500	1393	1592	6.96e-16	85.9	YP_009507230.1 serine-threonine kinase [Tunisvirus fontaine2]
TRINITY_DN4133_c2_g1_i6	YP_010778246.1	26.0	262	160	9	913	1638	28	275	2.27e-14	79.0	YP_010778246.1 serine/threonine protein kinase [Bodo saltans virus]
TRINITY_DN4133_c2_g1_i6	YP_009310164.1	24.8	242	173	3	880	1605	173	405	1.29e-13	77.0	YP_009310164.1 serine-threonine kinase [Golden Marseillevirus]
TRINITY_DN4133_c2_g1_i6	YP_009449315.1	24.4	262	179	7	886	1647	1	251	8.59e-13	74.7	YP_009449315.1 serine-threonine kinase [Orpheovirus IHUMI-LCC2]
TRINITY_DN6101_c0_g1_i1	YP_009162415.1	35.7	280	163	8	1357	2187	5	270	1.95e-38	148	YP_009162415.1 serine-threonine kinase [Salmon gill poxvirus]
TRINITY_DN6101_c0_g1_i1	YP_010778246.1	30.5	246	140	9	1534	2202	80	317	8.51e-26	114	YP_010778246.1 serine/threonine protein kinase [Bodo saltans virus]
TRINITY_DN6101_c0_g1_i1	YP_010780357.1	29.0	338	175	12	1369	2217	15	342	2.66e-25	115	YP_010780357.1 putative serine threonine-protein kinase [Tupanvirus deep ocean]
TRINITY_DN6101_c0_g1_i1	YP_010781643.1	29.0	334	172	11	1369	2205	15	338	4.95e-25	114	YP_010781643.1 putative serine threonine-protein kinase [Tupanvirus soda lake]
TRINITY_DN6101_c0_g1_i1	YP_013610990.1	30.7	202	138	2	1345	1947	16	216	3.19e-24	107	YP_013610990.1 hypothetical protein YASMINEVIRUS_635 [Yasminevirus sp. GU-2018]
TRINITY_DN6101_c0_g1_i20	YP_009162415.1	35.7	280	163	8	1827	2657	5	270	2.36e-38	148	YP_009162415.1 serine-threonine kinase [Salmon gill poxvirus]
TRINITY_DN6101_c0_g1_i20	YP_010778246.1	30.5	246	140	9	2004	2672	80	317	1.05e-25	114	YP_010778246.1 serine/threonine protein kinase [Bodo saltans virus]
TRINITY_DN6101_c0_g1_i20	YP_010780357.1	29.0	338	175	12	1839	2687	15	342	3.42e-25	115	YP_010780357.1 putative serine threonine-protein kinase [Tupanvirus deep ocean]
TRINITY_DN6101_c0_g1_i20	YP_010781643.1	29.0	334	172	11	1839	2675	15	338	6.38e-25	114	YP_010781643.1 putative serine threonine-protein kinase [Tupanvirus soda lake]
TRINITY_DN6101_c0_g1_i20	YP_013610990.1	30.7	202	138	2	1815	2417	16	216	3.84e-24	107	YP_013610990.1 hypothetical protein YASMINEVIRUS_635 [Yasminevirus sp. GU-2018]
TRINITY_DN6117_c0_g1_i31	YP_010803626.1	21.8	871	562	27	869	3382	14	798	2.37e-31	137	YP_010803626.1 P-type ATPase subfamily IV [Fadolivirus algeromassiliense]
TRINITY_DN6117_c0_g1_i31	YP_010781572.1	22.6	793	496	26	869	3199	28	718	2.83e-23	111	YP_010781572.1 magnesium-transporting ATPase [Tupanvirus soda lake]
TRINITY_DN6117_c0_g1_i31	YP_010780286.1	22.6	800	487	31	869	3199	14	704	1.72e-19	99.0	YP_010780286.1 phospholipid-transporting P-type ATPase [Tupanvirus deep ocean]
TRINITY_DN6117_c0_g1_i32	YP_010803626.1	20.7	797	520	24	188	2500	88	798	2.46e-23	110	YP_010803626.1 P-type ATPase subfamily IV [Fadolivirus algeromassiliense]
TRINITY_DN6117_c0_g1_i32	YP_010781572.1	23.0	686	417	24	287	2317	135	718	2.43e-16	88.2	YP_010781572.1 magnesium-transporting ATPase [Tupanvirus soda lake]
TRINITY_DN6117_c0_g1_i32	YP_010780286.1	23.3	688	414	27	305	2317	114	704	4.82e-15	84.0	YP_010780286.1 phospholipid-transporting P-type ATPase [Tupanvirus deep ocean]
TRINITY_DN6188_c0_g1_i11	YP_009162415.1	32.3	282	178	4	449	1294	2	270	3.27e-42	159	YP_009162415.1 serine-threonine kinase [Salmon gill poxvirus]
TRINITY_DN6188_c0_g1_i11	YP_013610990.1	30.3	228	149	5	449	1123	17	237	9.34e-29	120	YP_013610990.1 hypothetical protein YASMINEVIRUS_635 [Yasminevirus sp. GU-2018]
TRINITY_DN6188_c0_g1_i11	YP_002154675.1	27.4	310	167	8	452	1255	5	298	8.98e-28	121	YP_002154675.1 serine-threonine kinase [Feldmannia species virus]
TRINITY_DN6188_c0_g1_i11	YP_009665657.1	29.7	306	157	8	452	1207	5	306	3.60e-27	119	YP_009665657.1 serine-threonine kinase [Feldmannia irregularis virus a]
TRINITY_DN6188_c0_g1_i11	YP_717541.1	34.2	190	114	3	632	1186	66	249	9.27e-23	102	YP_717541.1 protein kinase 1 [Clanis bilineata nucleopolyhedrovirus]
TRINITY_DN27866_c0_g2_i1	YP_010804325.1	30.7	127	82	2	65	433	1319	1443	6.85e-12	65.9	YP_010804325.1 p194 [Agapanthus tungrovirus]
TRINITY_DN97099_c0_g1_i1	YP_008357343.1	33.6	107	64	1	1	300	20	126	1.62e-10	57.4	YP_008357343.1 Putative dual specificity phosphatase 13 [Invertebrate iridescent virus 22]
TRINITY_DN97099_c0_g1_i1	YP_009010807.1	33.6	107	64	1	1	300	20	126	1.93e-10	57.0	YP_009010807.1 Putative dual specificity phosphatase 13 [Invertebrate iridescent virus 22]
TRINITY_DN97099_c0_g1_i1	YP_010086976.1	33.7	98	57	3	28	300	20	116	1.66e-09	54.3	YP_010086976.1 ptp [Cryptophlebia peltastica nucleopolyhedrovirus]
TRINITY_DN97099_c0_g1_i1	YP_010800440.1	31.7	101	63	2	16	300	35	135	1.70e-09	54.7	YP_010800440.1 protein tyrosine phosphatase-2 [Spodoptera eridania nucleopolyhedrovirus]
TRINITY_DN97099_c0_g1_i1	YP_009010339.1	32.7	107	65	1	1	300	20	126	1.72e-09	54.7	YP_009010339.1 Putative dual specificity phosphatase 13 [Invertebrate iridescent virus 30]
TRINITY_DN9195_c0_g2_i2	YP_009507248.1	32.8	457	286	7	1893	3236	138	582	1.84e-67	253	YP_009507248.1 ORF B [Trichoplusia ni TED virus]
TRINITY_DN9195_c0_g2_i2	YP_009182100.1	26.4	470	311	14	1776	3110	1649	2108	1.64e-30	135	YP_009182100.1 polyprotein [Vaccinivirus cadovaccinii]
TRINITY_DN9195_c0_g2_i2	NP_042513.1	27.1	358	231	14	1917	2936	197	542	1.54e-18	95.5	NP_042513.1 reverse transcriptase [Peanut chlorotic streak virus]
TRINITY_DN28908_c0_g1_i3	YP_025114.1	34.6	234	140	3	188	880	29	252	5.38e-39	142	YP_025114.1 trypsin-like protein [Neodiprion sertifer nucleopolyhedrovirus]
TRINITY_DN28908_c0_g1_i3	YP_667874.1	35.9	237	133	6	188	880	30	253	1.52e-38	140	YP_667874.1 trypsin-like protein [Neodiprion abietis nucleopolyhedrovirus]
TRINITY_DN28908_c0_g1_i3	YP_025203.1	35.4	237	134	6	188	880	30	253	5.87e-38	139	YP_025203.1 unknown [Neodiprion lecontei nucleopolyhedrovirus]
TRINITY_DN28908_c0_g1_i3	YP_009553106.1	32.3	248	139	14	188	880	52	287	8.54e-20	91.3	YP_009553106.1 trypsin-like serine protease-like protein [Drosophila innubila nudivirus]
TRINITY_DN28908_c0_g1_i3	YP_010797650.1	27.0	296	170	12	38	880	29	293	2.30e-16	81.6	YP_010797650.1 trypsin-like serine protease-like protein [Mauternbach virus]
TRINITY_DN28975_c0_g1_i1	YP_184882.1	29.9	127	86	3	3	380	48	172	2.97e-09	55.8	YP_184882.1 hypothetical protein CcBV_31.2 [Bracoviriform congregatae]
TRINITY_DN28975_c0_g1_i1	YP_443922.1	26.6	124	84	2	9	368	1872	1992	1.18e-06	49.3	YP_443922.1 polyprotein [Atlantic salmon swim bladder sarcoma virus]
TRINITY_DN30050_c0_g1_i14	YP_010796957.1	30.1	408	240	18	4	1194	316	689	4.17e-45	170	YP_010796957.1 PolB [Terrapene box turtle adintovirus]
TRINITY_DN30050_c1_g1_i1	YP_010796957.1	35.8	296	161	8	922	104	544	833	1.53e-57	202	YP_010796957.1 PolB [Terrapene box turtle adintovirus]
TRINITY_DN30050_c1_g1_i1	YP_010804209.1	27.5	109	75	2	325	5	192	298	9.15e-09	58.9	YP_010804209.1 hypothetical protein QKU48_gp1326 [Fadolivirus algeromassiliense]
TRINITY_DN14991_c0_g1_i1	YP_010780055.1	45.6	421	216	6	224	1486	13	420	3.64e-127	383	YP_010780055.1 mimivirus translation initiation factor 2 gamma subunit [Tupanvirus deep ocean]
TRINITY_DN14991_c0_g1_i1	YP_010781331.1	46.6	421	212	6	224	1486	19	426	5.61e-125	378	YP_010781331.1 translation initiation factor 2 gamma subunit [Tupanvirus soda lake]
TRINITY_DN14991_c0_g1_i1	YP_010842059.1	45.3	424	216	5	224	1486	5	415	8.10e-119	362	YP_010842059.1 mimivirus translation initiation factor 2 gamma subunit [Cotonvirus japonicus]
TRINITY_DN14991_c0_g1_i1	YP_010803267.1	36.9	434	254	7	209	1495	10	428	1.47e-90	289	YP_010803267.1 translation initiation factor 2 gamma subunit [Fadolivirus algeromassiliense]
TRINITY_DN14991_c0_g1_i1	YP_013610856.1	37.4	452	248	12	209	1507	13	448	4.08e-83	270	YP_013610856.1 eukaryotic translation initiation factor 2 gamma subunit [Yasminevirus sp. GU-2018]
TRINITY_DN14952_c0_g1_i3	YP_008319316.1	27.5	204	131	5	228	806	324	521	1.83e-14	77.0	YP_008319316.1 Cytochrome P450 [Pandoravirus dulcis]
TRINITY_DN14952_c0_g1_i3	YP_009481242.1	28.1	217	138	6	207	815	295	507	7.84e-14	75.1	YP_009481242.1 Cytochrome P450 [Pandoravirus macleodensis]
TRINITY_DN14952_c0_g1_i3	YP_009483171.1	26.3	213	140	6	207	809	292	499	2.66e-12	70.5	YP_009483171.1 Cytochrome P450 [Pandoravirus quercus]
TRINITY_DN14952_c0_g1_i3	YP_008319314.1	25.6	246	158	7	117	809	268	503	4.92e-11	66.6	YP_008319314.1 Cytochrome P450 [Pandoravirus dulcis]
TRINITY_DN14952_c0_g1_i3	YP_009120101.1	33.7	101	61	4	516	809	36	133	4.48e-08	54.7	YP_009120101.1 cytochrome P450 [Pandoravirus inopinatum]
TRINITY_DN37305_c0_g1_i1	YP_009508888.1	29.7	374	234	10	1724	612	759	1106	1.23e-30	131	YP_009508888.1 polymerase [Simian foamy virus Pongo pygmaeus pygmaeus]
TRINITY_DN37305_c0_g1_i1	YP_009513249.1	30.3	343	200	11	1544	540	818	1129	3.85e-28	123	YP_009513249.1 pol [Feline foamy virus]
TRINITY_DN37305_c0_g1_i1	YP_009508537.1	29.9	335	190	10	1544	561	818	1114	1.21e-27	122	YP_009508537.1 Pol [Puma feline foamy virus]
TRINITY_DN37305_c0_g1_i1	YP_009508566.1	28.1	295	199	6	1754	882	748	1033	1.17e-26	119	YP_009508566.1 pol [Squirrel monkey simian foamy virus]
TRINITY_DN37305_c0_g1_i1	YP_009109695.1	30.2	364	207	16	1613	564	32	362	4.85e-18	89.7	YP_009109695.1 endonuclease [Baboon endogenous virus strain M7]
TRINITY_DN19107_c0_g1_i5	YP_002154675.1	26.0	312	147	10	219	950	11	306	2.77e-12	70.9	YP_002154675.1 serine-threonine kinase [Feldmannia species virus]
TRINITY_DN19107_c0_g1_i5	YP_009665657.1	23.7	287	160	8	219	926	11	289	8.87e-09	60.1	YP_009665657.1 serine-threonine kinase [Feldmannia irregularis virus a]
TRINITY_DN19159_c0_g1_i2	YP_010803578.1	54.8	157	71	0	296	766	3	159	1.50e-54	182	YP_010803578.1 cyclophilin-type peptidyl-prolyl cis-trans isomerase [Fadolivirus algeromassiliense]
TRINITY_DN19159_c0_g1_i2	YP_010777996.1	49.4	160	77	2	290	766	72	228	2.15e-44	158	YP_010777996.1 cyclophilin ABH-like protein [Bodo saltans virus]
TRINITY_DN19159_c0_g1_i2	YP_009052149.1	45.5	165	82	3	290	769	59	220	5.54e-39	143	YP_009052149.1 putative cyclophilin type peptydyl-prolyl cis-trans isomerase [Aureococcus anophagefferens virus]
TRINITY_DN12192_c0_g1_i1	YP_009666308.1	29.4	588	347	12	1637	3226	88	665	5.17e-62	234	YP_009666308.1 Reverse Transcriptase, partial [Cladosporium fulvum T-1 virus]
TRINITY_DN12192_c0_g1_i1	YP_009507248.1	34.3	385	237	5	2090	3208	93	473	2.13e-54	211	YP_009507248.1 ORF B [Trichoplusia ni TED virus]
TRINITY_DN12192_c0_g1_i1	NP_056728.1	30.3	323	213	4	2207	3151	243	561	2.70e-35	147	NP_056728.1 reverse transcriptase [Cauliflower mosaic virus]
TRINITY_DN12192_c0_g1_i1	YP_010088024.1	25.5	458	304	12	1883	3166	1427	1877	9.51e-35	149	YP_010088024.1 polyprotein [Ivy ringspot-associated virus]
TRINITY_DN12192_c0_g1_i1	YP_010790446.1	25.8	551	358	14	1595	3148	1319	1851	1.53e-34	148	YP_010790446.1 ORF3 [Dioscorea bacilliform virus]
TRINITY_DN48523_c0_g2_i1	YP_009182100.1	31.1	135	87	3	1	390	2001	2134	2.00e-10	60.5	YP_009182100.1 polyprotein [Vaccinivirus cadovaccinii]
TRINITY_DN48523_c0_g2_i1	YP_006907834.1	31.6	95	61	1	82	354	580	674	8.84e-08	52.8	YP_006907834.1 polyprotein [Horseradish latent virus]
TRINITY_DN48523_c0_g2_i1	YP_009254008.1	32.3	99	63	1	70	354	573	671	8.84e-08	52.8	YP_009254008.1 putative aspartic protease [Water chestnut soymovirus 1]
TRINITY_DN63554_c0_g2_i1	NP_955119.1	97.4	77	2	0	49	279	1	77	4.29e-46	152	NP_955119.1 CNPV096 ubiquitin [Canarypox virus]
TRINITY_DN63554_c0_g2_i1	YP_009447989.1	100	76	0	0	49	276	1	76	6.80e-46	151	YP_009447989.1 ubiquitin family protein [Flamingopox virus FGPVKD09]
TRINITY_DN63554_c0_g2_i1	YP_009173411.1	94.8	77	4	0	49	279	1	77	7.72e-45	148	YP_009173411.1 Ubiquitin [Chrysochromulina ericina virus]
TRINITY_DN63554_c0_g2_i1	YP_010783327.1	94.7	76	4	0	49	276	1	76	2.48e-43	144	YP_010783327.1 ubiquitin family protein [Tetraselmis virus 1]
TRINITY_DN63554_c0_g2_i1	YP_001426684.1	96.1	76	3	0	49	276	1	76	4.96e-43	144	YP_001426684.1 ubiquitin family protein [Acanthocystis turfacea chlorella virus 1]
TRINITY_DN42962_c0_g1_i6	YP_010780038.1	49.2	120	55	3	97	444	1	118	6.25e-28	114	YP_010780038.1 nucleic acid-binding protein [Tupanvirus deep ocean]
TRINITY_DN42962_c0_g1_i6	YP_010781316.1	43.9	132	62	3	97	459	1	131	1.01e-26	110	YP_010781316.1 nucleic acid-binding protein [Tupanvirus soda lake]
TRINITY_DN42967_c0_g1_i1	YP_010804074.1	25.9	691	352	35	215	2089	12	608	1.71e-24	112	YP_010804074.1 peptidase family M49 [Fadolivirus algeromassiliense]
TRINITY_DN42268_c0_g1_i7	YP_010781167.1	55.1	664	282	7	175	2136	4	661	9.46e-264	749	YP_010781167.1 threonyl-tRNA synthetase [Tupanvirus deep ocean]
TRINITY_DN42268_c0_g1_i7	YP_010782552.1	54.5	640	276	5	253	2136	27	663	9.29e-257	731	YP_010782552.1 threonyl-tRNA synthetase [Tupanvirus soda lake]
TRINITY_DN42268_c0_g1_i7	YP_010803772.1	57.7	385	162	1	970	2124	8	391	7.02e-158	468	YP_010803772.1 threonyl-tRNA synthetase [Fadolivirus algeromassiliense]
TRINITY_DN42268_c0_g1_i7	YP_013611586.1	46.5	314	151	9	1240	2133	637	949	6.86e-75	265	YP_013611586.1 threonyl-tRNA synthetase [Yasminevirus sp. GU-2018]
TRINITY_DN41674_c0_g1_i13	YP_010781461.1	27.0	908	558	27	379	3009	5	838	6.64e-73	265	YP_010781461.1 aminopeptidase M1-like [Tupanvirus soda lake]
TRINITY_DN41674_c0_g1_i13	YP_010780181.1	28.4	746	453	22	373	2553	3	686	9.14e-72	261	YP_010780181.1 hypothetical protein QJ856_gp1184 [Tupanvirus deep ocean]
TRINITY_DN6795_c1_g3_i4	YP_654431.1	51.8	454	189	6	552	1895	1	430	2.44e-142	435	YP_654431.1 unknown [Choristoneura fumiferana granulovirus]
TRINITY_DN6795_c1_g3_i4	YP_008378391.1	51.8	469	187	9	552	1895	1	451	4.29e-131	407	YP_008378391.1 eukaryotic translation initiation factor 5 [Choristoneura rosaceana nucleopolyhedrovirus]
TRINITY_DN6795_c1_g3_i4	YP_009163773.1	40.8	120	66	2	1275	1631	4	119	5.09e-16	78.6	YP_009163773.1 ORF_012R [Scale drop disease virus]
TRINITY_DN6795_c1_g3_i4	YP_009449143.1	37.9	124	69	5	561	932	2	117	6.16e-16	78.6	YP_009449143.1 Eukaryotic translation initiation factor eIF2B-eIF5 [Orpheovirus IHUMI-LCC2]
TRINITY_DN6795_c1_g3_i4	YP_009094774.1	33.1	133	84	3	585	983	20	147	8.63e-15	75.9	YP_009094774.1 putative eukaryotic translation initiation factor 5 [Marseillevirus sp. 'Melbournevirus']
TRINITY_DN6795_c1_g3_i9	YP_654431.1	60.0	295	103	2	552	1421	1	285	2.06e-115	352	YP_654431.1 unknown [Choristoneura fumiferana granulovirus]
TRINITY_DN6795_c1_g3_i9	YP_008378391.1	61.5	309	97	3	552	1421	1	306	7.04e-110	338	YP_008378391.1 eukaryotic translation initiation factor 5 [Choristoneura rosaceana nucleopolyhedrovirus]
TRINITY_DN6795_c1_g3_i9	YP_009449143.1	37.9	124	69	5	561	932	2	117	3.15e-16	78.6	YP_009449143.1 Eukaryotic translation initiation factor eIF2B-eIF5 [Orpheovirus IHUMI-LCC2]
TRINITY_DN6795_c1_g3_i9	YP_009094774.1	33.1	133	84	3	585	983	20	147	4.35e-15	75.9	YP_009094774.1 putative eukaryotic translation initiation factor 5 [Marseillevirus sp. 'Melbournevirus']
TRINITY_DN6795_c1_g3_i9	YP_003407038.1	33.1	133	84	3	585	983	20	147	1.10e-14	74.7	YP_003407038.1 eukaryotic translation initiation factor 5 [Marseillevirus marseillevirus]
TRINITY_DN6730_c0_g1_i1	YP_009449015.1	48.4	188	91	1	88	633	5	192	1.00e-48	175	YP_009449015.1 GTP ras-related protein Rac1 [Orpheovirus IHUMI-LCC2]
TRINITY_DN6756_c0_g1_i16	YP_008052571.1	38.9	257	154	2	519	1283	134	389	1.91e-50	188	YP_008052571.1 ATP-dependent zinc metalloprotease [Phaeocystis globosa virus]
TRINITY_DN6756_c0_g1_i16	YP_009465729.1	42.2	225	129	1	528	1202	144	367	2.10e-50	187	YP_009465729.1 hypothetical protein C5Y57_gp012 [Dishui lake phycodnavirus 1]
TRINITY_DN6756_c0_g1_i16	YP_007676316.1	41.8	237	135	2	492	1202	135	368	3.69e-50	187	YP_007676316.1 ATP-dependent metalloprotease FtsH [Micromonas pusilla virus 12T]
TRINITY_DN6756_c0_g1_i16	YP_004061441.1	41.7	242	140	1	522	1247	224	464	8.24e-50	188	YP_004061441.1 hypothetical protein BpV1_011c [Bathycoccus sp. RCC1105 virus BpV1]
TRINITY_DN6756_c0_g1_i16	YP_004061896.1	39.9	243	144	2	519	1247	142	382	3.36e-49	184	YP_004061896.1 hypothetical protein MpV1_013c [Micromonas sp. RCC1109 virus MpV1]
TRINITY_DN6767_c0_g1_i4	YP_010803363.1	38.6	70	40	1	411	620	2	68	3.46e-06	51.6	YP_010803363.1 DnaJ chaperone protein [Fadolivirus algeromassiliense]
TRINITY_DN41038_c0_g1_i12	NP_955091.1	42.9	238	135	1	241	954	13	249	7.08e-60	207	NP_955091.1 CNPV068 GNS1/SUR4-like protein [Canarypox virus]
TRINITY_DN41038_c0_g1_i12	YP_009447965.1	43.1	239	133	2	241	954	17	253	2.88e-59	206	YP_009447965.1 GNS1/SUR4 [Flamingopox virus FGPVKD09]
TRINITY_DN41038_c0_g1_i12	YP_009046285.1	43.1	239	133	2	241	954	17	253	3.96e-59	206	YP_009046285.1 GNS1/SUR4 [Pigeonpox virus]
TRINITY_DN41038_c0_g1_i12	YP_009046048.1	42.7	239	134	2	241	954	17	253	2.69e-58	203	YP_009046048.1 GNS1/SUR4 [Penguinpox virus]
TRINITY_DN41038_c0_g1_i12	YP_009177047.1	37.2	290	172	4	97	966	18	297	1.30e-57	203	YP_009177047.1 GNS1/SUR4-like protein [Turkeypox virus]
TRINITY_DN41076_c0_g1_i5	YP_013611407.1	21.5	279	193	8	574	1368	89	355	1.32e-09	63.5	YP_013611407.1 mitochondrial carrier [Yasminevirus sp. GU-2018]
TRINITY_DN55416_c0_g1_i1	YP_010679028.1	30.9	314	179	5	930	1856	426	706	2.37e-35	147	YP_010679028.1 porphyrin biosynthesis [Pseudomonas phage vB_PaeM_PA5oct]
TRINITY_DN55416_c0_g1_i1	YP_010842962.1	30.3	314	182	5	942	1877	294	572	1.25e-32	137	YP_010842962.1 ATP-dependent protease [Klebsiella phage K64-1]
TRINITY_DN55416_c0_g1_i1	YP_007007224.1	30.3	314	182	5	942	1877	466	744	3.31e-32	137	YP_007007224.1 ATP-dependent protease [Klebsiella phage vB_KleM_RaK2]
TRINITY_DN55416_c0_g1_i1	YP_009222151.1	29.7	313	182	8	930	1862	426	702	4.90e-32	136	YP_009222151.1 ATP-dependent protease [Vibrio phage qdvp001]
TRINITY_DN55416_c0_g1_i1	YP_009150853.1	29.8	315	182	7	942	1877	464	742	3.10e-31	134	YP_009150853.1 ATP-dependent protease [Escherichia phage PBECO4]
TRINITY_DN897_c12_g1_i3	YP_004347305.1	36.4	99	57	2	187	468	40	137	4.30e-14	73.2	YP_004347305.1 thioredoxin [Lausannevirus]
TRINITY_DN897_c12_g1_i3	YP_009238890.1	35.3	116	65	3	154	474	43	157	9.10e-14	72.8	YP_009238890.1 thioredoxin [Brazilian marseillevirus]
TRINITY_DN897_c12_g1_i3	YP_009507011.1	36.4	110	60	3	172	474	30	138	2.69e-13	70.9	YP_009507011.1 thioredoxin [Tunisvirus fontaine2]
TRINITY_DN897_c12_g1_i3	YP_009345273.1	38.7	93	50	3	205	468	47	137	9.49e-13	69.3	YP_009345273.1 thioredoxin [Noumeavirus]
TRINITY_DN897_c12_g1_i3	YP_003407062.1	30.7	153	89	4	58	468	47	198	1.97e-12	70.1	YP_003407062.1 thioredoxin [Marseillevirus marseillevirus]
TRINITY_DN825_c0_g1_i114	YP_010788479.1	34.4	256	147	9	1163	1909	1365	1606	2.53e-28	128	YP_010788479.1 serine/threonine-protein kinase [Megavirus baoshan]
TRINITY_DN825_c0_g1_i114	YP_004894915.1	34.7	251	153	7	1163	1909	1367	1608	5.70e-28	127	YP_004894915.1 serine-threonine kinase [Megavirus chiliensis]
TRINITY_DN825_c0_g1_i114	YP_009165166.1	31.1	305	178	11	1067	1948	1405	1688	1.26e-21	106	YP_009165166.1 serine-threonine kinase [Mollivirus sibericum]
TRINITY_DN825_c0_g1_i114	YP_010778617.1	28.2	209	124	11	1166	1747	82	279	2.28e-07	58.9	YP_010778617.1 serine/threonine-protein kinase [Bodo saltans virus]
TRINITY_DN825_c0_g1_i114	YP_003986941.1	26.9	260	151	14	1184	1906	18	257	9.54e-06	52.8	YP_003986941.1 serine-threonine kinase [Acanthamoeba polyphaga mimivirus]
TRINITY_DN825_c0_g1_i98	YP_010788479.1	34.4	256	147	9	1191	1937	1365	1606	4.94e-28	128	YP_010788479.1 serine/threonine-protein kinase [Megavirus baoshan]
TRINITY_DN825_c0_g1_i98	YP_004894915.1	34.7	251	153	7	1191	1937	1367	1608	1.11e-27	127	YP_004894915.1 serine-threonine kinase [Megavirus chiliensis]
TRINITY_DN825_c0_g1_i98	YP_009165166.1	31.1	305	178	11	1095	1976	1405	1688	2.37e-21	106	YP_009165166.1 serine-threonine kinase [Mollivirus sibericum]
TRINITY_DN825_c0_g1_i98	YP_010778617.1	28.2	209	124	11	1194	1775	82	279	3.94e-07	58.9	YP_010778617.1 serine/threonine-protein kinase [Bodo saltans virus]
TRINITY_DN803_c0_g1_i11	YP_009447989.1	100	76	0	0	91	318	1	76	2.70e-47	151	YP_009447989.1 ubiquitin family protein [Flamingopox virus FGPVKD09]
TRINITY_DN803_c0_g1_i11	NP_955119.1	97.4	77	2	0	91	321	1	77	3.42e-47	151	NP_955119.1 CNPV096 ubiquitin [Canarypox virus]
TRINITY_DN803_c0_g1_i11	YP_009173411.1	96.1	77	3	0	91	321	1	77	7.72e-47	150	YP_009173411.1 Ubiquitin [Chrysochromulina ericina virus]
TRINITY_DN803_c0_g1_i11	YP_010783327.1	94.7	76	4	0	91	318	1	76	1.04e-44	144	YP_010783327.1 ubiquitin family protein [Tetraselmis virus 1]
TRINITY_DN803_c0_g1_i11	YP_001426684.1	96.1	76	3	0	91	318	1	76	2.09e-44	144	YP_001426684.1 ubiquitin family protein [Acanthocystis turfacea chlorella virus 1]
TRINITY_DN803_c0_g1_i14	YP_009447989.1	100	76	0	0	367	594	1	76	5.84e-46	151	YP_009447989.1 ubiquitin family protein [Flamingopox virus FGPVKD09]
TRINITY_DN803_c0_g1_i14	NP_955119.1	97.4	77	2	0	367	597	1	77	7.39e-46	151	NP_955119.1 CNPV096 ubiquitin [Canarypox virus]
TRINITY_DN803_c0_g1_i14	YP_009173411.1	96.1	77	3	0	367	597	1	77	1.65e-45	150	YP_009173411.1 Ubiquitin [Chrysochromulina ericina virus]
TRINITY_DN803_c0_g1_i14	YP_010783327.1	94.7	76	4	0	367	594	1	76	2.14e-43	144	YP_010783327.1 ubiquitin family protein [Tetraselmis virus 1]
TRINITY_DN803_c0_g1_i14	YP_001426684.1	96.1	76	3	0	367	594	1	76	4.27e-43	144	YP_001426684.1 ubiquitin family protein [Acanthocystis turfacea chlorella virus 1]
TRINITY_DN803_c0_g1_i17	YP_009447989.1	100	76	0	0	3086	3313	1	76	4.44e-42	151	YP_009447989.1 ubiquitin family protein [Flamingopox virus FGPVKD09]
TRINITY_DN803_c0_g1_i17	NP_955119.1	97.4	77	2	0	3086	3316	1	77	5.64e-42	151	NP_955119.1 CNPV096 ubiquitin [Canarypox virus]
TRINITY_DN803_c0_g1_i17	YP_009173411.1	96.1	77	3	0	3086	3316	1	77	1.13e-41	150	YP_009173411.1 Ubiquitin [Chrysochromulina ericina virus]
TRINITY_DN803_c0_g1_i17	YP_010783327.1	94.7	76	4	0	3086	3313	1	76	8.72e-40	144	YP_010783327.1 ubiquitin family protein [Tetraselmis virus 1]
TRINITY_DN803_c0_g1_i17	YP_001426684.1	96.1	76	3	0	3086	3313	1	76	1.62e-39	144	YP_001426684.1 ubiquitin family protein [Acanthocystis turfacea chlorella virus 1]
TRINITY_DN803_c0_g1_i20	YP_009447989.1	100	76	0	0	3063	3290	1	76	4.41e-42	151	YP_009447989.1 ubiquitin family protein [Flamingopox virus FGPVKD09]
TRINITY_DN803_c0_g1_i20	NP_955119.1	97.4	77	2	0	3063	3293	1	77	5.60e-42	151	NP_955119.1 CNPV096 ubiquitin [Canarypox virus]
TRINITY_DN803_c0_g1_i20	YP_009173411.1	96.1	77	3	0	3063	3293	1	77	1.12e-41	150	YP_009173411.1 Ubiquitin [Chrysochromulina ericina virus]
TRINITY_DN803_c0_g1_i20	YP_010783327.1	94.7	76	4	0	3063	3290	1	76	8.66e-40	144	YP_010783327.1 ubiquitin family protein [Tetraselmis virus 1]
TRINITY_DN803_c0_g1_i20	YP_001426684.1	96.1	76	3	0	3063	3290	1	76	1.61e-39	144	YP_001426684.1 ubiquitin family protein [Acanthocystis turfacea chlorella virus 1]
TRINITY_DN803_c0_g1_i22	YP_009447989.1	100	76	0	0	1368	1595	1	76	5.85e-43	151	YP_009447989.1 ubiquitin family protein [Flamingopox virus FGPVKD09]
TRINITY_DN803_c0_g1_i22	NP_955119.1	97.4	77	2	0	1368	1598	1	77	7.40e-43	151	NP_955119.1 CNPV096 ubiquitin [Canarypox virus]
TRINITY_DN803_c0_g1_i22	YP_009173411.1	96.1	77	3	0	1368	1598	1	77	1.56e-42	150	YP_009173411.1 Ubiquitin [Chrysochromulina ericina virus]
TRINITY_DN803_c0_g1_i22	YP_010783327.1	94.7	76	4	0	1368	1595	1	76	1.53e-40	144	YP_010783327.1 ubiquitin family protein [Tetraselmis virus 1]
TRINITY_DN803_c0_g1_i22	YP_001426684.1	96.1	76	3	0	1368	1595	1	76	2.93e-40	144	YP_001426684.1 ubiquitin family protein [Acanthocystis turfacea chlorella virus 1]
TRINITY_DN803_c0_g1_i3	YP_009447989.1	100	76	0	0	625	852	1	76	5.68e-45	151	YP_009447989.1 ubiquitin family protein [Flamingopox virus FGPVKD09]
TRINITY_DN803_c0_g1_i3	NP_955119.1	97.4	77	2	0	625	855	1	77	7.19e-45	151	NP_955119.1 CNPV096 ubiquitin [Canarypox virus]
TRINITY_DN803_c0_g1_i3	YP_009173411.1	96.1	77	3	0	625	855	1	77	1.59e-44	150	YP_009173411.1 Ubiquitin [Chrysochromulina ericina virus]
TRINITY_DN803_c0_g1_i3	YP_010783327.1	94.7	76	4	0	625	852	1	76	1.95e-42	144	YP_010783327.1 ubiquitin family protein [Tetraselmis virus 1]
TRINITY_DN803_c0_g1_i3	YP_001426684.1	96.1	76	3	0	625	852	1	76	3.88e-42	144	YP_001426684.1 ubiquitin family protein [Acanthocystis turfacea chlorella virus 1]
TRINITY_DN803_c0_g1_i9	YP_009447989.1	100	76	0	0	397	624	1	76	6.80e-46	151	YP_009447989.1 ubiquitin family protein [Flamingopox virus FGPVKD09]
TRINITY_DN803_c0_g1_i9	NP_955119.1	97.4	77	2	0	397	627	1	77	8.60e-46	151	NP_955119.1 CNPV096 ubiquitin [Canarypox virus]
TRINITY_DN803_c0_g1_i9	YP_009173411.1	96.1	77	3	0	397	627	1	77	1.93e-45	150	YP_009173411.1 Ubiquitin [Chrysochromulina ericina virus]
TRINITY_DN803_c0_g1_i9	YP_010783327.1	94.7	76	4	0	397	624	1	76	2.48e-43	144	YP_010783327.1 ubiquitin family protein [Tetraselmis virus 1]
TRINITY_DN803_c0_g1_i9	YP_001426684.1	96.1	76	3	0	397	624	1	76	4.96e-43	144	YP_001426684.1 ubiquitin family protein [Acanthocystis turfacea chlorella virus 1]
TRINITY_DN820_c1_g2_i1	YP_009449015.1	50.8	197	91	1	50	622	1	197	6.63e-66	217	YP_009449015.1 GTP ras-related protein Rac1 [Orpheovirus IHUMI-LCC2]
TRINITY_DN842_c0_g1_i6	YP_010670519.1	33.6	473	269	9	224	1627	43	475	1.27e-85	280	YP_010670519.1 dehydrogenase [Synechococcus phage S-H38]
TRINITY_DN842_c0_g1_i6	YP_004323012.1	35.3	464	260	8	209	1591	38	464	1.94e-84	277	YP_004323012.1 dehydrogenase [Synechococcus phage S-SM1]
TRINITY_DN842_c0_g1_i6	YP_004322387.1	36.8	454	249	8	224	1582	44	460	2.96e-83	274	YP_004322387.1 dehydrogenase [Synechococcus phage S-SM2]
TRINITY_DN842_c0_g1_i6	YP_717794.1	33.7	478	271	9	209	1627	43	479	6.14e-83	273	YP_717794.1 dehydrogenase [Synechococcus phage syn9]
TRINITY_DN842_c0_g1_i6	YP_007677362.1	35.2	463	262	7	209	1591	20	446	1.32e-82	271	YP_007677362.1 dehydrogenase [Synechococcus phage S-SSM4]
TRINITY_DN802_c0_g1_i1	NP_077658.1	36.1	158	82	3	184	606	7	162	1.14e-21	99.8	NP_077658.1 EsV-1-173 [Ectocarpus siliculosus virus 1]
TRINITY_DN802_c0_g1_i1	YP_003969759.1	35.1	185	78	5	172	606	1	183	1.33e-21	100	YP_003969759.1 putative DnaJ/Hsp40 [Cafeteria roenbergensis virus BV-PW1]
TRINITY_DN802_c0_g1_i1	YP_010780872.1	34.5	168	87	5	184	660	7	160	9.34e-21	97.8	YP_010780872.1 DnaJ-like protein [Tupanvirus deep ocean]
TRINITY_DN802_c0_g1_i1	YP_010782179.1	35.7	168	85	5	184	660	7	160	2.25e-20	96.7	YP_010782179.1 DnaJ-like protein [Tupanvirus soda lake]
TRINITY_DN802_c0_g1_i1	YP_013610561.1	35.3	170	88	4	175	618	4	173	2.65e-20	97.1	YP_013610561.1 DnaJ domain protein [Yasminevirus sp. GU-2018]
TRINITY_DN802_c0_g1_i5	YP_003969759.1	55.8	43	19	0	344	472	1	43	6.58e-07	55.5	YP_003969759.1 putative DnaJ/Hsp40 [Cafeteria roenbergensis virus BV-PW1]
TRINITY_DN802_c0_g1_i5	YP_003986758.1	51.2	41	20	0	350	472	4	44	6.14e-06	52.4	YP_003986758.1 DnaJ-like protein [Acanthamoeba polyphaga mimivirus]
TRINITY_DN802_c0_g1_i5	YP_010777173.1	51.2	41	20	0	350	472	4	44	6.14e-06	52.4	YP_010777173.1 DnaJ-like protein [Acanthamoeba polyphaga mimivirus]
TRINITY_DN802_c0_g1_i5	YP_010780872.1	58.8	34	14	0	356	457	7	40	6.45e-06	52.4	YP_010780872.1 DnaJ-like protein [Tupanvirus deep ocean]
TRINITY_DN802_c0_g1_i5	YP_010776235.1	37.9	58	30	1	362	535	3	54	7.87e-06	49.7	YP_010776235.1 hypothetical protein QJ849_gp322 [Powai lake megavirus]
TRINITY_DN802_c0_g1_i7	YP_010803170.1	34.1	367	212	7	181	1218	13	370	2.42e-55	201	YP_010803170.1 DnaJ chaperone protein [Fadolivirus algeromassiliense]
TRINITY_DN802_c0_g1_i7	NP_077658.1	33.7	350	202	7	184	1176	7	345	6.37e-47	175	NP_077658.1 EsV-1-173 [Ectocarpus siliculosus virus 1]
TRINITY_DN802_c0_g1_i7	YP_003969759.1	32.0	353	202	8	172	1158	1	339	1.36e-43	166	YP_003969759.1 putative DnaJ/Hsp40 [Cafeteria roenbergensis virus BV-PW1]
TRINITY_DN802_c0_g1_i7	YP_010788998.1	30.5	338	206	10	184	1182	3	316	1.37e-35	143	YP_010788998.1 DnaJ-like protein [Megavirus baoshan]
TRINITY_DN802_c0_g1_i7	YP_010776228.1	30.0	337	210	10	184	1182	3	317	3.46e-35	142	YP_010776228.1 hypothetical protein QJ849_gp315 [Powai lake megavirus]
TRINITY_DN802_c1_g1_i25	YP_009174539.1	49.1	53	20	3	351	497	28	77	2.06e-08	56.2	YP_009174539.1 hypothetical protein AR678_gp084 [Yellowstone lake phycodnavirus 2]
TRINITY_DN802_c1_g1_i25	YP_013611704.1	31.4	70	47	1	321	530	215	283	4.26e-06	51.2	YP_013611704.1 putative E3 ubiquitin-protein ligase [Yasminevirus sp. GU-2018]
TRINITY_DN898_c0_g3_i1	YP_009162415.1	29.7	212	120	8	885	1484	3	197	3.42e-17	87.0	YP_009162415.1 serine-threonine kinase [Salmon gill poxvirus]
TRINITY_DN898_c0_g3_i1	YP_009254903.1	35.5	138	79	4	1095	1490	1275	1408	2.40e-12	75.9	YP_009254903.1 serine-threonine kinase [Tokyovirus A1]
TRINITY_DN898_c0_g3_i1	YP_004957310.1	26.5	196	130	4	912	1484	18	204	3.30e-12	72.0	YP_004957310.1 serine-threonine kinase [Planktothrix phage PaV-LD]
TRINITY_DN898_c0_g3_i1	YP_008437707.2	28.6	213	139	7	870	1487	825	1031	4.28e-12	75.1	YP_008437707.2 serine-threonine kinase [Pandoravirus salinus]
TRINITY_DN898_c0_g3_i1	YP_007354741.1	25.8	225	154	7	828	1487	728	944	2.12e-11	72.8	YP_007354741.1 serine-threonine kinase [Acanthamoeba polyphaga moumouvirus]
TRINITY_DN898_c1_g2_i2	YP_009482546.1	35.4	181	93	7	707	1228	1522	1685	1.15e-15	82.8	YP_009482546.1 serine-threonine kinase [Pandoravirus neocaledonia]
TRINITY_DN898_c1_g2_i2	YP_004347043.1	32.2	180	96	7	707	1228	763	922	8.08e-14	77.0	YP_004347043.1 serine-threonine kinase [Lausannevirus]
TRINITY_DN898_c1_g2_i2	YP_010801788.1	32.8	189	100	9	686	1228	816	985	8.27e-14	77.0	YP_010801788.1 Ser/Thr protein kinase [Acanthamoeba castellanii medusavirus]
TRINITY_DN898_c1_g2_i2	YP_009254903.1	27.3	187	110	6	686	1228	743	909	4.45e-13	74.7	YP_009254903.1 serine-threonine kinase [Tokyovirus A1]
TRINITY_DN898_c1_g2_i2	YP_009329205.1	30.6	157	91	4	686	1138	784	928	1.06e-12	73.6	YP_009329205.1 serine-threonine kinase [Cedratvirus A11]
TRINITY_DN827_c1_g2_i1	YP_010669815.1	32.0	169	106	3	28	525	151	313	3.41e-24	99.8	YP_010669815.1 nucleotide-sugar epimerase [Synechococcus phage S-SCSM1]
TRINITY_DN827_c1_g2_i1	YP_214489.1	32.7	165	100	4	28	510	151	308	2.53e-22	94.4	YP_214489.1 nucleotide-sugar epimerase [Prochlorococcus phage P-SSM2]
TRINITY_DN827_c1_g2_i1	YP_007674419.1	30.8	169	104	3	28	507	151	315	7.32e-22	93.2	YP_007674419.1 nucleotide-sugar epimerase [Synechococcus phage S-SKS1]
TRINITY_DN827_c1_g2_i1	YP_009665363.1	34.3	137	88	1	28	438	151	285	4.00e-21	91.3	YP_009665363.1 nucleotide-sugar epimerase [Paramecium bursaria Chlorella virus NYs1]
TRINITY_DN827_c1_g2_i1	YP_010670274.1	30.4	161	107	3	28	507	151	307	6.70e-21	90.5	YP_010670274.1 nucleotide-sugar epimerase [Synechococcus phage S-SRM01]
TRINITY_DN855_c0_g1_i5	YP_009481242.1	24.6	191	130	2	1329	1859	292	482	2.84e-12	73.2	YP_009481242.1 Cytochrome P450 [Pandoravirus macleodensis]
TRINITY_DN855_c0_g1_i6	YP_009165152.1	35.3	190	104	5	1053	1598	302	480	2.95e-22	104	YP_009165152.1 Cytochrome P450 [Mollivirus sibericum]
TRINITY_DN855_c0_g1_i6	YP_009481242.1	24.6	191	130	2	1056	1586	292	482	6.65e-13	75.5	YP_009481242.1 Cytochrome P450 [Pandoravirus macleodensis]
TRINITY_DN837_c1_g1_i5	YP_010086877.1	27.7	188	128	3	1622	2185	80	259	1.03e-13	75.9	YP_010086877.1 protein kinase 1 [Cryptophlebia peltastica nucleopolyhedrovirus]
TRINITY_DN837_c1_g1_i5	YP_009448911.1	31.4	153	87	6	1559	2008	37	174	1.69e-07	57.4	YP_009448911.1 Negative regulator of the PHO system [Orpheovirus IHUMI-LCC2]
TRINITY_DN837_c1_g1_i5	YP_009329449.1	31.2	157	97	6	1460	1927	16	162	7.57e-06	53.1	YP_009329449.1 CAMK family protein kinase [Cedratvirus A11]
TRINITY_DN8002_c1_g2_i4	YP_003969734.1	40.2	112	62	3	149	481	7	114	4.86e-18	84.3	YP_003969734.1 putative ubiquitin-conjugating enzyme E2 [Cafeteria roenbergensis virus BV-PW1]
TRINITY_DN8002_c1_g2_i4	YP_013610861.1	42.0	112	59	3	149	481	6	112	8.57e-18	83.6	YP_013610861.1 ubiquitin-conjugating enzyme E2 E1 [Yasminevirus sp. GU-2018]
TRINITY_DN8002_c1_g2_i4	YP_009173309.1	35.7	112	68	2	146	481	5	112	4.40e-15	75.9	YP_009173309.1 ubiquitin conjugating enzyme E2 [Chrysochromulina ericina virus]
TRINITY_DN8002_c1_g2_i4	YP_010803386.1	38.1	113	64	3	146	481	8	115	1.25e-13	72.8	YP_010803386.1 ubiquitin-conjugating enzyme E2 [Fadolivirus algeromassiliense]
TRINITY_DN8059_c0_g1_i24	YP_009162415.1	30.5	285	177	8	97	951	3	266	4.71e-38	147	YP_009162415.1 serine-threonine kinase [Salmon gill poxvirus]
TRINITY_DN8059_c0_g1_i24	YP_010086877.1	29.8	265	157	6	124	912	36	273	2.94e-29	121	YP_010086877.1 protein kinase 1 [Cryptophlebia peltastica nucleopolyhedrovirus]
TRINITY_DN8059_c0_g1_i24	YP_008378219.1	34.5	229	136	6	229	909	49	265	8.63e-29	120	YP_008378219.1 protein kinase 1 [Hemileuca sp. nucleopolyhedrovirus]
TRINITY_DN8059_c0_g1_i24	YP_002154675.1	29.6	314	160	9	97	921	5	296	6.88e-28	121	YP_002154675.1 serine-threonine kinase [Feldmannia species virus]
TRINITY_DN8059_c0_g1_i24	YP_010802447.1	30.6	268	159	6	154	918	19	272	3.87e-27	115	YP_010802447.1 protein kinase-1 [Chrysodeixis includens nucleopolyhedrovirus]
TRINITY_DN8059_c0_g1_i4	YP_002154675.1	32.8	122	77	3	1244	1609	8	124	3.22e-09	63.2	YP_002154675.1 serine-threonine kinase [Feldmannia species virus]
TRINITY_DN37872_c0_g1_i1	YP_009143498.1	49.3	67	26	3	4	198	273	333	2.52e-07	52.0	YP_009143498.1 Serpin [Raccoonpox virus]
TRINITY_DN37872_c0_g1_i1	YP_009281938.1	44.8	67	29	3	4	198	271	331	9.92e-06	47.4	YP_009281938.1 serpin [Volepox virus]
TRINITY_DN37872_c0_g1_i1	YP_009282884.1	43.9	66	31	3	4	198	273	333	9.94e-06	47.4	YP_009282884.1 serpin [Skunkpox virus]
TRINITY_DN37872_c0_g1_i5	YP_009143498.1	48.5	68	27	3	4	201	273	334	2.82e-07	53.9	YP_009143498.1 Serpin [Raccoonpox virus]
TRINITY_DN37872_c0_g1_i5	NP_570581.1	41.2	68	35	2	1	201	319	382	2.45e-06	51.2	NP_570581.1 CMLV191 [Camelpox virus]
TRINITY_DN37872_c0_g1_i5	YP_010377169.1	41.2	68	35	2	1	201	277	340	3.03e-06	50.8	YP_010377169.1 Serpin [Monkeypox virus]
TRINITY_DN37872_c0_g1_i5	NP_042225.1	41.2	68	35	2	1	201	277	340	3.03e-06	50.8	NP_042225.1 hypothetical protein VARVgp181 [Variola virus]
TRINITY_DN37872_c0_g1_i5	YP_717508.1	41.2	68	35	2	1	201	277	340	3.03e-06	50.8	YP_717508.1 SPI-2/CrmA IL-1 convertase [Taterapox virus]
TRINITY_DN37898_c0_g1_i2	YP_010802132.1	31.8	154	96	6	183	629	9	158	3.15e-15	75.9	YP_010802132.1 GTP binding nuclear protein Ran [Acanthamoeba castellanii medusavirus]
TRINITY_DN6091_c0_g1_i1	YP_009664587.1	25.2	413	249	17	616	1839	20	377	9.02e-25	110	YP_009664587.1 ORF47 [white sturgeon herpesvirus 2]
TRINITY_DN6091_c0_g1_i1	YP_009447872.1	28.5	312	175	14	931	1845	142	412	5.46e-10	65.5	YP_009447872.1 ORF47a [Ictalurid herpesvirus 2]
TRINITY_DN6096_c2_g1_i2	YP_009173589.1	29.6	334	219	5	743	1735	7	327	1.48e-35	140	YP_009173589.1 Helicase 45 [Chrysochromulina ericina virus]
TRINITY_DN6096_c2_g1_i2	YP_003970003.1	27.2	316	213	5	794	1735	9	309	1.24e-30	126	YP_003970003.1 putative superfamily II helicase/eIF-4AIII [Cafeteria roenbergensis virus BV-PW1]
TRINITY_DN6096_c2_g1_i2	YP_010778646.1	27.3	311	206	6	824	1735	25	322	1.58e-21	100	YP_010778646.1 eukaryotic translation initiation factor eIF-4A [Bodo saltans virus]
TRINITY_DN6002_c0_g1_i1	YP_004061633.1	43.6	156	83	2	1568	2023	330	484	8.44e-34	139	YP_004061633.1 hypothetical protein BpV1_203c [Bathycoccus sp. RCC1105 virus BpV1]
TRINITY_DN6002_c0_g1_i1	YP_004063655.1	43.5	154	83	2	1568	2020	286	438	1.24e-32	135	YP_004063655.1 high affinity phosphate transporter [Ostreococcus tauri virus 2]
TRINITY_DN6002_c0_g1_i1	YP_007674660.1	43.5	154	83	2	1568	2020	286	438	1.24e-32	135	YP_007674660.1 phosphate transporter [Ostreococcus lucimarinus virus OlV5]
TRINITY_DN6002_c0_g1_i1	YP_004061866.1	42.9	154	84	2	1568	2020	286	438	3.04e-32	134	YP_004061866.1 hypothetical protein OlV1_234 [Ostreococcus lucimarinus virus 1]
TRINITY_DN6002_c0_g1_i1	YP_009172747.1	42.9	154	84	2	1568	2020	286	438	3.04e-32	134	YP_009172747.1 hypothetical protein APZ24_gp192 [Ostreococcus lucimarinus virus 2]
TRINITY_DN15465_c0_g1_i4	YP_009021109.1	37.1	283	151	10	200	997	2	274	1.92e-40	155	YP_009021109.1 membrane-type matrix metallopeptidase-1 [Chloriridovirus anopheles1]
TRINITY_DN15465_c0_g1_i4	YP_008357315.1	36.4	286	147	13	215	1003	3	276	2.30e-35	140	YP_008357315.1 matrix metalloproteinase-17-like [Invertebrate iridescent virus 22]
TRINITY_DN15465_c0_g1_i4	YP_009010779.1	38.4	255	126	11	296	1003	34	276	4.10e-35	140	YP_009010779.1 matrix metalloproteinase-17-like [Invertebrate iridescent virus 22]
TRINITY_DN15465_c0_g1_i4	YP_009010310.1	38.0	255	127	11	296	1003	35	277	4.88e-34	137	YP_009010310.1 matrix metalloproteinase-17-like [Invertebrate iridescent virus 30]
TRINITY_DN15465_c0_g1_i4	YP_001256988.1	40.2	179	91	6	494	994	75	249	6.73e-28	121	YP_001256988.1 mp-nase [Spodoptera litura granulovirus]
TRINITY_DN15465_c0_g1_i6	YP_009021109.1	37.1	283	151	10	200	997	2	274	1.72e-41	155	YP_009021109.1 membrane-type matrix metallopeptidase-1 [Chloriridovirus anopheles1]
TRINITY_DN15465_c0_g1_i6	YP_008357315.1	36.4	286	147	13	215	1003	3	276	3.78e-36	140	YP_008357315.1 matrix metalloproteinase-17-like [Invertebrate iridescent virus 22]
TRINITY_DN15465_c0_g1_i6	YP_009010779.1	38.4	255	126	11	296	1003	34	276	6.80e-36	140	YP_009010779.1 matrix metalloproteinase-17-like [Invertebrate iridescent virus 22]
TRINITY_DN15465_c0_g1_i6	YP_009010310.1	38.0	255	127	11	296	1003	35	277	9.10e-35	137	YP_009010310.1 matrix metalloproteinase-17-like [Invertebrate iridescent virus 30]
TRINITY_DN15465_c0_g1_i6	YP_001256988.1	40.2	179	91	6	494	994	75	249	1.98e-28	121	YP_001256988.1 mp-nase [Spodoptera litura granulovirus]
TRINITY_DN12582_c0_g1_i2	YP_010781422.1	26.5	697	352	22	458	2128	13	689	4.73e-47	181	YP_010781422.1 glucose-methanol-choline oxidoreductase [Tupanvirus soda lake]
TRINITY_DN12582_c0_g1_i2	YP_010842031.1	26.8	690	346	26	446	2116	4	667	2.27e-46	178	YP_010842031.1 glucose-methanol-choline oxidoreductase [Cotonvirus japonicus]
TRINITY_DN12582_c0_g1_i2	YP_010780147.1	26.7	686	357	22	458	2116	13	685	4.53e-45	175	YP_010780147.1 putative oxireductase [Tupanvirus deep ocean]
TRINITY_DN12582_c0_g1_i2	YP_010789959.1	26.9	676	354	24	458	2107	13	674	1.08e-40	162	YP_010789959.1 glucose-methanol-choline oxidoreductase [Moumouvirus australiensis]
TRINITY_DN12582_c0_g1_i2	YP_010779322.1	26.8	680	350	25	458	2107	13	674	1.46e-40	161	YP_010779322.1 oxidoreductase [Moumouvirus goulette]
TRINITY_DN12582_c1_g1_i1	YP_010781422.1	51.8	56	25	1	283	122	634	689	5.16e-07	53.5	YP_010781422.1 glucose-methanol-choline oxidoreductase [Tupanvirus soda lake]
TRINITY_DN12582_c1_g1_i1	YP_009448335.1	54.3	46	21	0	283	146	497	542	1.55e-06	52.0	YP_009448335.1 Glucose-methanol-choline oxidoreductase [Orpheovirus IHUMI-LCC2]
TRINITY_DN12582_c1_g1_i1	YP_010780147.1	53.8	52	22	1	283	134	634	685	4.00e-06	50.8	YP_010780147.1 putative oxireductase [Tupanvirus deep ocean]
TRINITY_DN12582_c1_g1_i2	YP_010781422.1	51.8	56	25	1	283	122	634	689	6.26e-07	53.5	YP_010781422.1 glucose-methanol-choline oxidoreductase [Tupanvirus soda lake]
TRINITY_DN12582_c1_g1_i2	YP_009448335.1	54.3	46	21	0	283	146	497	542	1.85e-06	52.0	YP_009448335.1 Glucose-methanol-choline oxidoreductase [Orpheovirus IHUMI-LCC2]
TRINITY_DN12582_c1_g1_i2	YP_010780147.1	53.8	52	22	1	283	134	634	685	4.79e-06	50.8	YP_010780147.1 putative oxireductase [Tupanvirus deep ocean]
TRINITY_DN12526_c0_g1_i1	YP_009507248.1	43.2	148	82	2	10	450	257	403	3.81e-34	129	YP_009507248.1 ORF B [Trichoplusia ni TED virus]
TRINITY_DN12526_c0_g1_i1	YP_009666308.1	34.5	148	96	1	13	453	436	583	3.92e-25	103	YP_009666308.1 Reverse Transcriptase, partial [Cladosporium fulvum T-1 virus]
TRINITY_DN12526_c0_g1_i1	YP_009345071.1	30.1	146	99	2	1	432	1515	1659	8.78e-17	79.3	YP_009345071.1 polyprotein [Cacao mild mosaic virus]
TRINITY_DN12526_c0_g1_i1	YP_002117531.1	31.7	142	94	2	13	432	1469	1609	3.58e-15	74.7	YP_002117531.1 ORF3 [Cycad leaf necrosis virus]
TRINITY_DN12526_c0_g1_i1	YP_010800602.1	33.6	146	93	3	1	432	1367	1510	9.02e-15	73.6	YP_010800602.1 polyprotein [Chestnut mosaic virus]
TRINITY_DN12559_c0_g1_i13	YP_009483690.1	40.8	196	104	6	729	1289	57	249	2.23e-30	129	YP_009483690.1 Carboxylic ester hydrolase [Pandoravirus quercus]
TRINITY_DN12559_c0_g1_i13	YP_009481512.1	40.8	196	104	6	729	1289	49	241	4.89e-30	128	YP_009481512.1 Carboxylic ester hydrolase [Pandoravirus macleodensis]
TRINITY_DN12559_c0_g1_i13	YP_009119216.1	40.0	120	66	3	948	1289	1	120	2.73e-14	79.0	YP_009119216.1 carboxylesterase [Pandoravirus inopinatum]
TRINITY_DN54068_c0_g1_i1	YP_009052194.1	41.6	449	250	5	100	1410	6	454	8.85e-116	354	YP_009052194.1 translation elongation factor [Aureococcus anophagefferens virus]
TRINITY_DN54068_c0_g1_i1	YP_009238667.1	34.1	440	256	10	106	1407	2	413	1.15e-61	212	YP_009238667.1 translation elongation factor [Brazilian marseillevirus]
TRINITY_DN54068_c0_g1_i1	YP_009254947.1	31.9	442	266	8	109	1413	5	418	7.17e-60	207	YP_009254947.1 conserved putative translation elongation factor 1-alpha [Tokyovirus A1]
TRINITY_DN54068_c0_g1_i1	YP_003406906.1	31.4	442	268	9	109	1413	5	418	1.48e-57	201	YP_003406906.1 translation elongation factor EF-1alpha [Marseillevirus marseillevirus]
TRINITY_DN54068_c0_g1_i1	YP_009094648.1	31.4	442	268	9	109	1413	5	418	2.06e-57	201	YP_009094648.1 conserved putative translation elongation factor 1-alpha [Marseillevirus sp. 'Melbournevirus']
TRINITY_DN13850_c0_g1_i13	YP_009011206.1	43.5	69	37	1	122	328	1	67	3.91e-09	57.4	YP_009011206.1 ubiquitin [Mamestra brassicae multiple nucleopolyhedrovirus]
TRINITY_DN13850_c0_g1_i13	NP_613235.1	43.5	69	37	1	122	328	1	67	3.91e-09	57.4	NP_613235.1 v-ubiquitin [Mamestra configurata nucleopolyhedrovirus A]
TRINITY_DN13850_c0_g1_i13	NP_689325.1	43.5	69	37	1	122	328	1	67	3.91e-09	57.4	NP_689325.1 putative ubiquitin [Mamestra configurata nucleopolyhedrovirus B]
TRINITY_DN13850_c0_g1_i13	YP_009112693.1	42.0	69	38	1	122	328	1	67	4.95e-09	56.6	YP_009112693.1 v-ubi [Agrotis segetum nucleopolyhedrovirus B]
TRINITY_DN13850_c0_g1_i13	YP_529805.1	44.9	69	36	1	122	328	1	67	5.63e-09	56.2	YP_529805.1 ubiquitin [Agrotis segetum nucleopolyhedrovirus A]
TRINITY_DN86619_c0_g1_i1	YP_010789530.1	36.4	165	83	4	322	783	6	159	3.11e-24	104	YP_010789530.1 enzyme E2 [Moumouvirus australiensis]
TRINITY_DN86619_c0_g1_i1	YP_007354170.1	37.2	145	72	2	373	783	26	159	1.97e-23	102	YP_007354170.1 ubiquitin-conjugating enzyme E2 [Acanthamoeba polyphaga moumouvirus]
TRINITY_DN86619_c0_g1_i1	YP_010789096.1	40.8	120	63	1	373	708	26	145	2.08e-23	103	YP_010789096.1 ubiquitin-conjugating enzyme E2 [Megavirus baoshan]
TRINITY_DN86619_c0_g1_i1	YP_010776132.1	39.8	123	66	1	373	717	26	148	6.16e-23	101	YP_010776132.1 putative ubiquitin-conjugating enzyme E2 [Powai lake megavirus]
TRINITY_DN86619_c0_g1_i1	YP_003969714.1	35.4	158	97	3	304	762	4	161	9.84e-23	96.7	YP_003969714.1 putative ubiquitin-conjugating enzyme E2 [Cafeteria roenbergensis virus BV-PW1]
TRINITY_DN14232_c0_g1_i25	YP_010804160.1	46.6	637	321	9	665	2554	19	643	1.90e-180	548	YP_010804160.1 long-chain fatty acid CoA synthetase [Fadolivirus algeromassiliense]
TRINITY_DN14232_c0_g1_i25	YP_013611773.1	34.3	650	361	16	671	2548	20	627	1.66e-91	311	YP_013611773.1 hypothetical protein YASMINEVIRUS_1487 [Yasminevirus sp. GU-2018]
TRINITY_DN14232_c0_g1_i25	YP_013610660.1	30.5	652	322	15	749	2551	59	630	1.44e-78	275	YP_013610660.1 AMP-binding enzyme [Yasminevirus sp. GU-2018]
TRINITY_DN45374_c0_g1_i4	YP_010777173.1	58.3	72	30	0	243	458	1	72	2.47e-17	87.8	YP_010777173.1 DnaJ-like protein [Acanthamoeba polyphaga mimivirus]
TRINITY_DN45374_c0_g1_i4	YP_003986758.1	56.9	72	31	0	243	458	1	72	3.30e-17	87.4	YP_003986758.1 DnaJ-like protein [Acanthamoeba polyphaga mimivirus]
TRINITY_DN45374_c0_g1_i4	YP_007354262.1	56.5	69	29	1	264	470	5	72	2.01e-15	82.0	YP_007354262.1 DnaJ-like protein [Acanthamoeba polyphaga moumouvirus]
TRINITY_DN45374_c0_g1_i4	YP_010789616.1	58.0	69	28	1	264	470	5	72	2.01e-15	82.0	YP_010789616.1 DnaJ-like protein [Moumouvirus australiensis]
TRINITY_DN45374_c0_g1_i4	YP_003969759.1	54.1	74	33	1	252	470	3	76	1.98e-14	79.0	YP_003969759.1 putative DnaJ/Hsp40 [Cafeteria roenbergensis virus BV-PW1]
TRINITY_DN45374_c0_g1_i8	YP_010777173.1	58.3	72	30	0	243	458	1	72	2.08e-18	87.8	YP_010777173.1 DnaJ-like protein [Acanthamoeba polyphaga mimivirus]
TRINITY_DN45374_c0_g1_i8	YP_003986758.1	56.9	72	31	0	243	458	1	72	2.83e-18	87.4	YP_003986758.1 DnaJ-like protein [Acanthamoeba polyphaga mimivirus]
TRINITY_DN45374_c0_g1_i8	YP_007354262.1	56.5	69	29	1	264	470	5	72	2.15e-16	82.0	YP_007354262.1 DnaJ-like protein [Acanthamoeba polyphaga moumouvirus]
TRINITY_DN45374_c0_g1_i8	YP_010789616.1	58.0	69	28	1	264	470	5	72	2.15e-16	82.0	YP_010789616.1 DnaJ-like protein [Moumouvirus australiensis]
TRINITY_DN45374_c0_g1_i8	YP_003969759.1	54.1	74	33	1	252	470	3	76	2.41e-15	79.0	YP_003969759.1 putative DnaJ/Hsp40 [Cafeteria roenbergensis virus BV-PW1]
TRINITY_DN36169_c0_g2_i4	YP_010796961.1	42.8	745	399	12	2128	4296	445	1184	4.41e-191	601	YP_010796961.1 PolB [Mayetiola barley midge adintovirus]
TRINITY_DN36169_c0_g2_i4	YP_007714631.1	28.2	701	424	23	2266	4287	452	1100	2.74e-57	221	YP_007714631.1 structural protein [Bombyx mori densovirus 3]
TRINITY_DN36169_c0_g2_i4	YP_009506248.1	28.2	701	424	23	2266	4287	452	1100	2.74e-57	221	YP_009506248.1 structural protein [Bombyx mori densovirus Zhenjiang]
TRINITY_DN36184_c0_g1_i1	YP_003986702.1	27.1	575	323	22	347	2026	45	538	2.35e-34	142	YP_003986702.1 putative serine/threonine-protein kinase [Acanthamoeba polyphaga mimivirus]
TRINITY_DN36184_c0_g1_i1	YP_010777118.1	27.3	567	332	21	347	2026	34	527	2.87e-33	139	YP_010777118.1 hypothetical protein QJ850_gp761 [Acanthamoeba polyphaga mimivirus]
TRINITY_DN36184_c0_g1_i1	YP_010779754.1	24.4	542	340	15	416	2026	44	520	7.02e-29	125	YP_010779754.1 hypothetical protein QJ854_gp263 [Moumouvirus goulette]
TRINITY_DN36184_c0_g1_i1	YP_010789565.1	25.3	541	336	15	416	2026	45	521	7.09e-29	125	YP_010789565.1 kinase domain protein [Moumouvirus australiensis]
TRINITY_DN36184_c0_g1_i1	YP_010841558.1	23.5	575	349	18	341	2026	22	518	3.93e-28	123	YP_010841558.1 putative serine/threonine-protein kinase [Cotonvirus japonicus]
TRINITY_DN28501_c0_g1_i10	YP_009345450.1	51.3	419	164	3	359	1615	4	382	1.54e-136	423	YP_009345450.1 eukaryotic peptide chain release factor subunit 1 [Noumeavirus]
TRINITY_DN28501_c0_g1_i10	YP_004347130.1	51.6	419	163	3	359	1615	4	382	3.02e-136	422	YP_004347130.1 eukaryotic peptide chain release factor subunit 1 [Lausannevirus]
TRINITY_DN28501_c0_g1_i10	YP_009506832.1	50.5	414	166	2	359	1600	15	389	2.66e-132	412	YP_009506832.1 eukaryotic peptide chain release factor [Tunisvirus fontaine2]
TRINITY_DN28501_c0_g1_i10	YP_009238704.1	49.8	414	169	2	359	1600	4	378	5.25e-131	409	YP_009238704.1 eukaryotic peptide chain release factor subunit 1 [Brazilian marseillevirus]
TRINITY_DN28501_c0_g1_i10	YP_009094617.1	46.7	415	181	3	359	1603	4	378	1.55e-119	378	YP_009094617.1 conserved eukaryotic peptide chain release factor [Marseillevirus sp. 'Melbournevirus']
TRINITY_DN28501_c0_g1_i7	YP_009345450.1	51.1	417	165	2	359	1609	4	381	1.35e-135	420	YP_009345450.1 eukaryotic peptide chain release factor subunit 1 [Noumeavirus]
TRINITY_DN28501_c0_g1_i7	YP_004347130.1	52.0	408	157	2	359	1582	4	372	3.72e-135	419	YP_004347130.1 eukaryotic peptide chain release factor subunit 1 [Lausannevirus]
TRINITY_DN28501_c0_g1_i7	YP_009506832.1	50.5	412	165	2	359	1594	15	387	1.69e-131	410	YP_009506832.1 eukaryotic peptide chain release factor [Tunisvirus fontaine2]
TRINITY_DN28501_c0_g1_i7	YP_009238704.1	49.8	412	168	2	359	1594	4	376	3.35e-130	406	YP_009238704.1 eukaryotic peptide chain release factor subunit 1 [Brazilian marseillevirus]
TRINITY_DN28501_c0_g1_i7	YP_009094617.1	46.5	415	182	3	359	1603	4	378	1.43e-118	375	YP_009094617.1 conserved eukaryotic peptide chain release factor [Marseillevirus sp. 'Melbournevirus']
TRINITY_DN23491_c0_g1_i12	YP_010803077.1	32.1	330	183	12	90	1010	17	328	4.75e-41	154	YP_010803077.1 methionine aminopeptidase [Fadolivirus algeromassiliense]
TRINITY_DN23491_c0_g1_i12	YP_013611253.1	22.7	375	224	16	42	1022	66	422	1.01e-10	67.4	YP_013611253.1 methionyl aminopeptidase [Yasminevirus sp. GU-2018]
TRINITY_DN23457_c0_g1_i5	YP_013611524.1	34.3	408	215	11	114	1310	8	371	4.34e-65	218	YP_013611524.1 actin-like [Yasminevirus sp. GU-2018]
TRINITY_DN7741_c0_g1_i21	YP_009221629.1	30.3	132	84	5	908	1297	1328	1453	1.78e-06	56.6	YP_009221629.1 regulator of chromosome condensation [Clostridium phage phiCD211]
TRINITY_DN7716_c0_g1_i11	YP_667874.1	30.0	260	141	10	438	1196	31	256	4.75e-20	94.4	YP_667874.1 trypsin-like protein [Neodiprion abietis nucleopolyhedrovirus]
TRINITY_DN7716_c0_g1_i11	YP_025203.1	29.6	260	142	10	438	1196	31	256	5.37e-19	91.3	YP_025203.1 unknown [Neodiprion lecontei nucleopolyhedrovirus]
TRINITY_DN7716_c0_g1_i11	YP_025114.1	30.7	231	124	10	525	1196	54	255	9.65e-19	90.5	YP_025114.1 trypsin-like protein [Neodiprion sertifer nucleopolyhedrovirus]
TRINITY_DN7716_c0_g1_i11	YP_002296247.1	29.6	253	141	9	528	1187	59	307	5.35e-15	81.6	YP_002296247.1 putative serine protease [Emiliania huxleyi virus 86]
TRINITY_DN7716_c0_g1_i11	YP_294119.1	29.6	253	141	9	528	1187	123	371	8.53e-15	81.6	YP_294119.1 putative serine protease [Emiliania huxleyi virus 86]
TRINITY_DN7700_c0_g1_i11	YP_010803257.1	48.3	271	133	4	317	1120	20	286	3.67e-76	251	YP_010803257.1 serine/threonine-protein kinase [Fadolivirus algeromassiliense]
TRINITY_DN7700_c0_g1_i11	YP_010778559.1	47.0	270	135	5	317	1117	16	280	6.28e-68	229	YP_010778559.1 casein kinase [Bodo saltans virus]
TRINITY_DN7700_c0_g1_i11	YP_013610845.1	42.9	280	154	4	284	1117	24	299	2.10e-66	233	YP_013610845.1 serine/threonine protein kinase [Yasminevirus sp. GU-2018]
TRINITY_DN7700_c0_g1_i11	YP_009480822.1	39.6	280	156	6	311	1117	140	417	1.02e-55	200	YP_009480822.1 Serine/threonine protein kinase [Pandoravirus macleodensis]
TRINITY_DN7700_c0_g1_i11	YP_008318868.2	38.9	280	158	6	311	1117	33	310	1.09e-55	197	YP_008318868.2 Serine/threonine protein kinase [Pandoravirus dulcis]
TRINITY_DN7700_c0_g1_i19	YP_010778559.1	55.6	162	68	2	95	577	122	280	1.57e-52	184	YP_010778559.1 casein kinase [Bodo saltans virus]
TRINITY_DN7700_c0_g1_i19	YP_010803257.1	54.5	156	69	1	113	580	133	286	2.22e-51	182	YP_010803257.1 serine/threonine-protein kinase [Fadolivirus algeromassiliense]
TRINITY_DN7700_c0_g1_i19	YP_013610845.1	50.3	161	78	1	95	577	141	299	1.80e-45	172	YP_013610845.1 serine/threonine protein kinase [Yasminevirus sp. GU-2018]
TRINITY_DN7700_c0_g1_i19	YP_009480822.1	45.3	161	83	2	104	577	259	417	2.44e-40	155	YP_009480822.1 Serine/threonine protein kinase [Pandoravirus macleodensis]
TRINITY_DN7700_c0_g1_i19	YP_008318868.2	43.5	161	86	2	104	577	152	310	2.13e-39	150	YP_008318868.2 Serine/threonine protein kinase [Pandoravirus dulcis]
TRINITY_DN90642_c0_g2_i4	YP_010782262.1	47.1	331	166	5	88	1077	3	325	2.65e-99	311	YP_010782262.1 UDP-glucose 4-epimerase [Tupanvirus soda lake]
TRINITY_DN90642_c0_g2_i4	YP_010780954.1	45.9	331	170	4	88	1077	3	325	3.61e-99	311	YP_010780954.1 UDP-glucose 4-epimerase GalE [Tupanvirus deep ocean]
TRINITY_DN90642_c0_g2_i4	YP_013611315.1	36.1	374	201	8	73	1083	12	384	5.47e-70	236	YP_013611315.1 UDP-glucose 4-epimerase GalE [Yasminevirus sp. GU-2018]
TRINITY_DN90642_c0_g2_i4	YP_010107233.1	36.1	324	191	6	88	1053	4	313	2.23e-52	187	YP_010107233.1 nucleotide-sugar epimerase [Agrobacterium phage OLIVR5]
TRINITY_DN90642_c0_g2_i4	YP_004322338.1	25.8	360	215	16	88	1095	4	335	1.08e-14	79.3	YP_004322338.1 nucleotide-sugar epimerase [Synechococcus phage S-SM2]
TRINITY_DN19276_c0_g1_i2	YP_009052194.1	30.0	333	175	9	262	1104	5	331	5.65e-36	142	YP_009052194.1 translation elongation factor [Aureococcus anophagefferens virus]
TRINITY_DN19276_c0_g1_i2	YP_009329269.1	24.4	430	252	14	280	1413	5	413	4.97e-18	89.7	YP_009329269.1 translation elongation factor [Cedratvirus A11]
TRINITY_DN19276_c0_g1_i2	YP_003970112.1	30.6	265	143	10	268	993	16	262	2.09e-17	87.8	YP_003970112.1 putative eIF-2gamma [Cafeteria roenbergensis virus BV-PW1]
TRINITY_DN19276_c0_g1_i2	YP_010803267.1	29.2	250	142	9	268	954	15	250	1.84e-14	79.0	YP_010803267.1 translation initiation factor 2 gamma subunit [Fadolivirus algeromassiliense]
TRINITY_DN19276_c0_g1_i2	YP_013610856.1	29.8	208	96	8	247	762	12	205	1.03e-11	70.5	YP_013610856.1 eukaryotic translation initiation factor 2 gamma subunit [Yasminevirus sp. GU-2018]
TRINITY_DN19263_c1_g1_i3	NP_612286.1	28.1	487	258	17	277	1719	4	404	6.52e-39	154	NP_612286.1 putative RNA guanylytransferase [Infectious spleen and kidney necrosis virus]
TRINITY_DN19263_c1_g1_i3	YP_009163849.1	28.4	388	207	13	277	1425	4	325	7.27e-38	147	YP_009163849.1 ORF_088L [Scale drop disease virus]
TRINITY_DN19263_c1_g1_i3	YP_008992233.1	33.0	179	109	4	277	810	3	171	9.66e-23	99.0	YP_008992233.1 ptp-1 [Choristoneura murinana nucleopolyhedrovirus]
TRINITY_DN19263_c1_g1_i3	YP_009316171.1	33.0	179	109	4	277	810	3	171	1.32e-22	98.6	YP_009316171.1 protein tyrosine phosphatase 1 [Anticarsia gemmatalis multiple nucleopolyhedrovirus]
TRINITY_DN19263_c1_g1_i3	NP_955108.1	32.5	194	116	6	247	810	3	187	1.53e-22	103	NP_955108.1 CNPV085 putative RNA phosphatase [Canarypox virus]
TRINITY_DN19216_c0_g1_i5	YP_009666148.1	37.3	370	228	4	482	1582	7	375	5.45e-79	263	YP_009666148.1 hypothetical protein FLA14_p101 [Diachasmimorpha longicaudata entomopoxvirus]
TRINITY_DN19216_c0_g1_i5	YP_010796805.1	37.3	370	228	4	482	1582	7	375	5.45e-79	263	YP_010796805.1 putative RNA helicase [Diachasmimorpha longicaudata entomopoxvirus]
TRINITY_DN19216_c0_g1_i5	YP_009173589.1	39.3	369	220	4	479	1573	23	391	1.80e-78	262	YP_009173589.1 Helicase 45 [Chrysochromulina ericina virus]
TRINITY_DN19216_c0_g1_i5	YP_010803108.1	36.0	375	237	3	479	1594	19	393	1.24e-75	254	YP_010803108.1 ATP-dependent RNA helicase DEAD-box [Fadolivirus algeromassiliense]
TRINITY_DN19216_c0_g1_i5	YP_013610636.1	35.9	373	231	4	479	1573	262	634	7.35e-68	241	YP_013610636.1 translation initiation factor 4A-III [Yasminevirus sp. GU-2018]
TRINITY_DN67408_c0_g1_i1	YP_003969913.1	35.4	65	39	2	1	192	88	150	9.31e-08	50.8	YP_003969913.1 putative ubiquitin-conjugating enzyme E2 [Cafeteria roenbergensis virus BV-PW1]
TRINITY_DN67408_c0_g1_i1	YP_009927265.1	37.3	75	36	2	1	192	84	158	1.93e-07	50.8	YP_009927265.1 hypothetical protein IM014_gp174 [African swine fever virus]
TRINITY_DN67408_c0_g1_i1	YP_010788932.1	39.1	64	38	1	1	192	90	152	3.90e-07	49.3	YP_010788932.1 ubiquitin-conjugating enzyme E2 [Megavirus baoshan]
TRINITY_DN67408_c0_g1_i1	NP_042834.1	34.7	75	38	2	1	192	84	158	1.36e-06	48.5	NP_042834.1 ubiquitin-conjugating enzyme [African swine fever virus]
TRINITY_DN67408_c0_g1_i1	YP_009702388.1	34.7	75	38	2	1	192	84	158	1.36e-06	48.5	YP_009702388.1 ubiquitin-conjugation enzyme [African swine fever virus]
TRINITY_DN5154_c0_g1_i6	YP_013610861.1	59.9	142	57	0	229	654	6	147	1.89e-55	176	YP_013610861.1 ubiquitin-conjugating enzyme E2 E1 [Yasminevirus sp. GU-2018]
TRINITY_DN5154_c0_g1_i6	YP_009173309.1	56.2	146	64	0	217	654	2	147	5.73e-55	175	YP_009173309.1 ubiquitin conjugating enzyme E2 [Chrysochromulina ericina virus]
TRINITY_DN5154_c0_g1_i6	YP_010803386.1	52.7	148	70	0	214	657	4	151	6.35e-53	171	YP_010803386.1 ubiquitin-conjugating enzyme E2 [Fadolivirus algeromassiliense]
TRINITY_DN5154_c0_g1_i6	YP_003969734.1	54.0	150	68	1	211	657	1	150	5.21e-48	157	YP_003969734.1 putative ubiquitin-conjugating enzyme E2 [Cafeteria roenbergensis virus BV-PW1]
TRINITY_DN5154_c0_g1_i6	YP_010782074.1	36.6	153	93	2	208	654	2	154	2.57e-26	102	YP_010782074.1 putative ubiquitin-conjugating enzyme E2 [Tupanvirus soda lake]
TRINITY_DN5155_c0_g1_i2	YP_013611234.1	41.1	236	128	5	83	772	219	449	2.91e-53	184	YP_013611234.1 68 kDa protein, putative [Yasminevirus sp. GU-2018]
TRINITY_DN5155_c0_g1_i2	YP_010803544.1	38.6	254	145	5	23	775	184	429	6.48e-50	175	YP_010803544.1 RNAse l inhibitor RLI1 [Fadolivirus algeromassiliense]
TRINITY_DN5155_c1_g1_i1	YP_013611234.1	47.8	161	82	1	17	493	457	617	2.60e-46	164	YP_013611234.1 68 kDa protein, putative [Yasminevirus sp. GU-2018]
TRINITY_DN5155_c1_g1_i1	YP_010803544.1	47.9	169	80	2	2	484	431	599	1.94e-40	148	YP_010803544.1 RNAse l inhibitor RLI1 [Fadolivirus algeromassiliense]
TRINITY_DN5107_c0_g1_i13	YP_008052334.1	28.3	187	112	6	602	1111	20	201	3.26e-13	72.0	YP_008052334.1 FkbM family methyltransferase [Phaeocystis globosa virus]
TRINITY_DN5107_c0_g1_i13	YP_009325537.1	31.5	203	112	11	575	1138	7	197	2.02e-12	70.5	YP_009325537.1 Methyltransferase FkbM family [Only Syngen Nebraska virus 5]
TRINITY_DN5107_c0_g1_i13	YP_008052326.1	26.4	197	124	5	608	1141	50	244	8.42e-10	62.8	YP_008052326.1 FkbM family methyltransferase [Phaeocystis globosa virus]
TRINITY_DN5184_c1_g1_i6	YP_013610990.1	28.6	245	162	6	1096	1803	24	264	5.65e-25	108	YP_013610990.1 hypothetical protein YASMINEVIRUS_635 [Yasminevirus sp. GU-2018]
TRINITY_DN5184_c1_g1_i6	YP_013611601.1	32.6	227	142	5	1183	1845	97	318	5.91e-25	114	YP_013611601.1 serine/threonine protein kinase [Yasminevirus sp. GU-2018]
TRINITY_DN5184_c1_g1_i6	YP_010778841.1	28.1	267	174	6	1093	1839	9	275	6.10e-24	108	YP_010778841.1 serine/threonine protein kinase [Bodo saltans virus]
TRINITY_DN5184_c1_g1_i6	YP_010801788.1	30.9	262	164	8	1072	1818	815	1072	1.76e-21	104	YP_010801788.1 Ser/Thr protein kinase [Acanthamoeba castellanii medusavirus]
TRINITY_DN5184_c1_g1_i6	YP_009162415.1	28.7	244	164	4	1096	1815	9	246	8.60e-21	96.7	YP_009162415.1 serine-threonine kinase [Salmon gill poxvirus]
TRINITY_DN10040_c0_g2_i1	YP_073558.1	33.3	114	71	3	3	341	192	301	1.04e-09	57.4	YP_073558.1 RNA-dependent DNA polymerase [lymphocystis disease virus-China]
TRINITY_DN10049_c0_g1_i3	YP_009448796.1	32.0	172	106	4	835	1341	19	182	1.34e-16	82.8	YP_009448796.1 Fatty acid hydroxylase (C-4 methyl sterol oxidase putative) [Orpheovirus IHUMI-LCC2]
TRINITY_DN10049_c0_g1_i3	YP_013610706.1	29.6	186	115	5	913	1443	69	247	5.02e-15	80.1	YP_013610706.1 AGAP002766-PA-like protein [Yasminevirus sp. GU-2018]
TRINITY_DN10049_c0_g1_i7	YP_009448796.1	32.0	172	106	4	472	978	19	182	1.65e-16	82.8	YP_009448796.1 Fatty acid hydroxylase (C-4 methyl sterol oxidase putative) [Orpheovirus IHUMI-LCC2]
TRINITY_DN10049_c0_g1_i7	YP_013610706.1	29.6	186	115	5	550	1080	69	247	6.22e-15	80.1	YP_013610706.1 AGAP002766-PA-like protein [Yasminevirus sp. GU-2018]
TRINITY_DN10047_c1_g1_i1	YP_010783176.1	41.7	247	126	4	36	728	23	267	9.42e-68	221	YP_010783176.1 E3 ubiquitin--protein ligase MIEL1-like protein [Tetraselmis virus 1]
TRINITY_DN10047_c1_g1_i1	YP_010803673.1	42.3	241	124	5	36	728	54	289	5.05e-63	210	YP_010803673.1 zinc finger CTCHY-type protein [Fadolivirus algeromassiliense]
TRINITY_DN10047_c1_g1_i1	YP_013611012.1	39.5	243	131	5	39	737	142	378	2.35e-53	187	YP_013611012.1 RING finger and CHY zinc finger domain-containing protein 1 [Yasminevirus sp. GU-2018]
TRINITY_DN10047_c1_g1_i1	YP_010778896.1	37.1	245	136	7	24	728	10	246	8.04e-52	179	YP_010778896.1 RING-finger domain-containing protein [Bodo saltans virus]
TRINITY_DN46679_c0_g1_i6	YP_009001589.1	46.9	175	84	4	106	624	1	168	8.37e-54	176	YP_009001589.1 translation initiation factor elF-4e [Alphaentomopoxvirus acuprea]
TRINITY_DN65797_c2_g1_i1	YP_013611346.1	30.5	292	194	3	2	856	388	677	5.24e-42	167	YP_013611346.1 hypothetical protein YASMINEVIRUS_991 [Yasminevirus sp. GU-2018]
TRINITY_DN65797_c2_g1_i3	YP_013611346.1	31.1	591	356	12	303	1931	60	647	1.13e-86	288	YP_013611346.1 hypothetical protein YASMINEVIRUS_991 [Yasminevirus sp. GU-2018]
TRINITY_DN69460_c0_g2_i1	YP_073558.1	37.7	61	34	1	17	187	176	236	4.66e-07	49.3	YP_073558.1 RNA-dependent DNA polymerase [lymphocystis disease virus-China]
TRINITY_DN62539_c0_g1_i1	YP_009021211.1	46.2	52	28	0	740	895	70	121	4.00e-07	52.8	YP_009021211.1 high mobility group protein-like protein [Chloriridovirus anopheles1]
TRINITY_DN24670_c0_g1_i10	YP_010840026.1	87.5	271	33	1	325	1137	1	270	4.79e-169	481	YP_010840026.1 hypothetical protein QK677_sMgp2 [red goblin roach virus 1]
TRINITY_DN1669_c0_g1_i4	YP_010841679.1	35.5	220	131	3	209	868	93	301	2.99e-35	135	YP_010841679.1 uridine kinase [Cotonvirus japonicus]
TRINITY_DN1669_c0_g1_i4	YP_010782092.1	36.2	213	125	3	230	868	101	302	3.27e-35	135	YP_010782092.1 uridine kinase [Tupanvirus soda lake]
TRINITY_DN1669_c0_g1_i4	YP_010788941.1	32.2	214	133	3	215	856	67	268	3.82e-31	124	YP_010788941.1 uridine kinase [Megavirus baoshan]
TRINITY_DN1669_c0_g1_i4	YP_004894468.1	31.8	214	134	3	215	856	67	268	1.40e-30	122	YP_004894468.1 uridine kinase [Megavirus chiliensis]
TRINITY_DN1669_c0_g1_i4	YP_010789666.1	34.3	210	124	4	230	856	47	243	1.53e-30	121	YP_010789666.1 kinase [Moumouvirus australiensis]
TRINITY_DN1669_c0_g1_i8	YP_010841679.1	37.2	199	114	3	209	805	93	280	2.17e-35	132	YP_010841679.1 uridine kinase [Cotonvirus japonicus]
TRINITY_DN1669_c0_g1_i8	YP_010782092.1	38.0	192	108	3	230	805	101	281	1.27e-34	130	YP_010782092.1 uridine kinase [Tupanvirus soda lake]
TRINITY_DN1669_c0_g1_i8	YP_010788941.1	33.5	197	119	3	215	805	67	251	5.26e-31	120	YP_010788941.1 uridine kinase [Megavirus baoshan]
TRINITY_DN1669_c0_g1_i8	YP_010789666.1	35.8	193	110	4	230	805	47	226	1.62e-30	118	YP_010789666.1 kinase [Moumouvirus australiensis]
TRINITY_DN1669_c0_g1_i8	YP_004894468.1	33.0	197	120	3	215	805	67	251	2.00e-30	119	YP_004894468.1 uridine kinase [Megavirus chiliensis]
TRINITY_DN1631_c0_g1_i12	YP_003969759.1	26.8	406	227	16	451	1557	8	380	1.22e-28	122	YP_003969759.1 putative DnaJ/Hsp40 [Cafeteria roenbergensis virus BV-PW1]
TRINITY_DN1631_c0_g1_i12	YP_013610701.1	24.3	420	229	13	445	1554	13	393	2.87e-17	88.6	YP_013610701.1 DnaJ domain protein [Yasminevirus sp. GU-2018]
TRINITY_DN1631_c0_g1_i12	YP_009174918.1	25.2	298	164	11	451	1299	2	255	1.05e-14	79.0	YP_009174918.1 hypothetical protein AR679_gp232 [Yellowstone lake phycodnavirus 1]
TRINITY_DN1631_c0_g1_i12	YP_007354268.1	52.4	63	28	1	445	633	3	63	5.81e-14	73.2	YP_007354268.1 Dnaj-like protein [Acanthamoeba polyphaga moumouvirus]
TRINITY_DN1631_c0_g1_i12	YP_010779693.1	56.3	64	25	2	445	633	3	64	8.10e-14	72.8	YP_010779693.1 hypothetical protein QJ854_gp324 [Moumouvirus goulette]
TRINITY_DN1682_c0_g2_i4	YP_009666308.1	30.7	722	459	11	2762	4888	327	1020	2.76e-97	343	YP_009666308.1 Reverse Transcriptase, partial [Cladosporium fulvum T-1 virus]
TRINITY_DN1682_c0_g2_i4	YP_009507248.1	31.1	492	326	5	2621	4060	94	584	1.14e-70	263	YP_009507248.1 ORF B [Trichoplusia ni TED virus]
TRINITY_DN1682_c0_g2_i4	NP_043933.1	27.4	521	349	9	2510	3991	184	702	3.49e-56	213	NP_043933.1 hypothetical protein [Strawberry vein banding virus]
TRINITY_DN1682_c0_g2_i4	YP_002519387.1	32.1	430	276	8	2741	3997	272	696	8.90e-53	202	YP_002519387.1 putative enzymatic polyprotein [Rudbeckia flower distortion virus]
TRINITY_DN1682_c0_g2_i4	YP_006907834.1	30.3	435	284	7	2744	4000	246	677	5.28e-51	196	YP_006907834.1 polyprotein [Horseradish latent virus]
TRINITY_DN1604_c0_g1_i1	YP_009119842.1	31.0	155	97	3	9	443	202	356	5.56e-13	72.4	YP_009119842.1 cys/met metabolism plpdependent enzyme [Pandoravirus inopinatum]
TRINITY_DN1604_c0_g1_i1	YP_008318634.2	34.9	106	64	2	6	311	238	342	5.10e-10	63.5	YP_008318634.2 Cystathionine gamma-lyase [Pandoravirus dulcis]
TRINITY_DN1604_c0_g1_i1	YP_009482774.1	31.9	113	72	2	6	332	256	367	7.09e-09	60.1	YP_009482774.1 Cystathionine gamma-lyase [Pandoravirus quercus]
TRINITY_DN1604_c0_g1_i1	YP_009120757.1	33.0	106	66	2	6	311	213	317	2.81e-08	58.2	YP_009120757.1 cys/met metabolism plpdependent enzyme [Pandoravirus inopinatum]
TRINITY_DN1618_c0_g1_i1	YP_009448713.1	30.4	217	131	6	777	1418	2	201	3.18e-18	94.0	YP_009448713.1 serine-threonine kinase [Orpheovirus IHUMI-LCC2]
TRINITY_DN1618_c0_g1_i1	YP_009448801.1	30.2	245	150	9	777	1490	2	232	2.09e-16	88.6	YP_009448801.1 serine-threonine kinase [Orpheovirus IHUMI-LCC2]
TRINITY_DN1618_c0_g1_i1	YP_003406940.1	33.7	166	100	4	1035	1514	93	254	2.30e-16	85.5	YP_003406940.1 serine/threonine protein kinase [Marseillevirus marseillevirus]
TRINITY_DN1618_c0_g1_i1	YP_010803506.1	24.9	325	164	12	741	1502	32	347	3.36e-16	87.0	YP_010803506.1 serine/threonine-protein kinase [Fadolivirus algeromassiliense]
TRINITY_DN1618_c0_g1_i1	YP_009094679.1	33.1	166	101	4	1035	1514	93	254	1.38e-15	83.2	YP_009094679.1 conserved putative serine/threonine protein kinase [Marseillevirus sp. 'Melbournevirus']
TRINITY_DN1620_c0_g1_i1	NP_127504.1	27.9	290	194	9	3496	4341	1538	1820	1.40e-20	103	NP_127504.1 ORF I polyprotein [Petunia vein clearing virus]
TRINITY_DN1620_c0_g1_i1	YP_010087807.1	30.9	288	178	11	3481	4293	353	636	1.13e-19	99.4	YP_010087807.1 replicase [Epiphyllum virus 4]
TRINITY_DN1620_c0_g1_i1	YP_004347415.1	27.4	303	198	10	3421	4290	338	631	3.63e-17	91.3	YP_004347415.1 replicase [Sweet potato collusive virus]
TRINITY_DN1620_c0_g1_i1	YP_009345075.1	24.2	326	217	10	3484	4416	1546	1856	2.22e-16	89.7	YP_009345075.1 polyprotein [Cacao yellow vein banding virus]
TRINITY_DN1620_c0_g1_i1	NP_056848.1	27.4	285	192	7	3481	4293	355	638	6.92e-15	84.0	NP_056848.1 aspartic protease/reverse transcriptase [Cassava vein mosaic virus]
TRINITY_DN1620_c0_g1_i2	NP_127504.1	27.9	290	194	9	3496	4341	1538	1820	1.42e-20	103	NP_127504.1 ORF I polyprotein [Petunia vein clearing virus]
TRINITY_DN1620_c0_g1_i2	YP_010087807.1	30.9	288	178	11	3481	4293	353	636	1.14e-19	99.4	YP_010087807.1 replicase [Epiphyllum virus 4]
TRINITY_DN1620_c0_g1_i2	YP_004347415.1	27.4	303	198	10	3421	4290	338	631	3.66e-17	91.3	YP_004347415.1 replicase [Sweet potato collusive virus]
TRINITY_DN1620_c0_g1_i2	YP_009345075.1	24.2	326	217	10	3484	4416	1546	1856	2.24e-16	89.7	YP_009345075.1 polyprotein [Cacao yellow vein banding virus]
TRINITY_DN1620_c0_g1_i2	NP_056848.1	27.4	285	192	7	3481	4293	355	638	6.98e-15	84.0	NP_056848.1 aspartic protease/reverse transcriptase [Cassava vein mosaic virus]
TRINITY_DN26541_c0_g1_i1	YP_010114486.1	55.0	535	234	4	435	2021	1	534	5.67e-187	546	YP_010114486.1 chaperonin groEL [Flavobacterium phage vB_FspM_immuto_2-6A]
TRINITY_DN26541_c0_g1_i1	YP_009845790.1	41.7	556	299	10	429	2033	2	553	9.35e-125	387	YP_009845790.1 chaperonin groEL [Vibrio phage VAP7]
TRINITY_DN26541_c0_g1_i1	YP_009838324.1	40.9	530	302	8	435	1997	1	528	2.07e-118	370	YP_009838324.1 chaperonin groEL [Vibrio phage YC]
TRINITY_DN26541_c0_g1_i1	YP_010356503.1	41.5	525	293	7	435	2000	2	515	3.31e-116	363	YP_010356503.1 chaperonin groEL [Flavobacterium phage vB_FspP_elemoC_14-1A]
TRINITY_DN26541_c0_g1_i1	YP_010356144.1	41.5	525	293	7	435	2000	2	515	3.31e-116	363	YP_010356144.1 chaperonin groEL [Flavobacterium phage vB_FspP_elemoB_14-3B]
TRINITY_DN50553_c0_g1_i7	YP_008004361.1	51.0	151	70	3	657	1106	1	148	8.08e-41	147	YP_008004361.1 superoxide dismutase precursor [Choristoneura biennis entomopoxvirus]
TRINITY_DN50553_c0_g1_i7	YP_008004661.1	50.3	151	71	3	657	1106	1	148	8.08e-41	147	YP_008004661.1 Cu/Zn superoxide dismutase [Choristoneura rosaceana entomopoxvirus 'L']
TRINITY_DN50553_c0_g1_i7	YP_006908566.1	54.0	139	62	2	693	1106	11	148	2.87e-40	147	YP_006908566.1 Superoxide Dismutase [Epinotia aporema granulovirus]
TRINITY_DN50553_c0_g1_i7	YP_009229947.1	49.7	151	72	3	657	1106	1	148	3.27e-39	144	YP_009229947.1 sod [Cnaphalocrocis medinalis granulovirus]
TRINITY_DN50553_c0_g1_i7	YP_013610974.1	49.3	152	75	2	654	1106	28	178	5.44e-39	144	YP_013610974.1 Cu/Zn-superoxide dismutase [Yasminevirus sp. GU-2018]
TRINITY_DN6507_c0_g1_i3	YP_010670319.1	34.5	264	163	7	11920	12705	29	284	1.16e-31	134	YP_010670319.1 regulator of chromosome condensation [Synechococcus phage S-SRM01]
TRINITY_DN6507_c0_g1_i3	YP_010670310.1	28.9	308	206	8	11764	12684	33	328	1.34e-26	117	YP_010670310.1 regulator of chromosome condensation [Synechococcus phage S-SRM01]
TRINITY_DN6507_c0_g1_i3	YP_009622570.1	26.4	273	181	4	11866	12624	451	723	4.64e-15	86.3	YP_009622570.1 tail fiber assembly [Pseudomonas phage PollyC]
TRINITY_DN6551_c0_g2_i6	YP_010781643.1	31.1	283	146	6	599	1300	14	296	5.38e-24	111	YP_010781643.1 putative serine threonine-protein kinase [Tupanvirus soda lake]
TRINITY_DN6551_c0_g2_i6	YP_010780357.1	30.4	283	148	6	599	1300	14	296	2.78e-23	108	YP_010780357.1 putative serine threonine-protein kinase [Tupanvirus deep ocean]
TRINITY_DN6551_c0_g2_i6	YP_009254903.1	28.1	274	174	6	521	1318	1192	1450	1.16e-21	105	YP_009254903.1 serine-threonine kinase [Tokyovirus A1]
TRINITY_DN6551_c0_g2_i6	YP_009094608.1	27.9	276	176	6	521	1324	1192	1452	1.03e-20	102	YP_009094608.1 serine-threonine kinase [Marseillevirus sp. 'Melbournevirus']
TRINITY_DN6551_c0_g2_i6	YP_013611601.1	33.5	194	119	6	602	1168	63	251	1.23e-20	100	YP_013611601.1 serine/threonine protein kinase [Yasminevirus sp. GU-2018]
TRINITY_DN6564_c0_g1_i1	YP_013611775.1	29.5	836	504	23	444	2783	93	899	1.53e-82	299	YP_013611775.1 calcium-transporting P-type ATPase, PMR1-type [Yasminevirus sp. GU-2018]
TRINITY_DN6564_c0_g1_i1	YP_013610613.1	28.1	834	514	20	408	2846	247	1015	5.13e-75	276	YP_013610613.1 calcium-transporting P-type ATPase, PMR1-type [Yasminevirus sp. GU-2018]
TRINITY_DN6564_c0_g1_i1	YP_009325865.1	29.1	798	450	25	444	2774	27	729	1.57e-70	258	YP_009325865.1 ATPase [Only Syngen Nebraska virus 5]
TRINITY_DN6564_c0_g1_i1	YP_009701904.1	29.9	779	421	23	507	2774	52	728	2.37e-68	252	YP_009701904.1 ATPase [Paramecium bursaria Chlorella virus CVA-1]
TRINITY_DN6564_c0_g1_i1	YP_001498866.1	26.8	799	467	22	444	2774	27	729	5.25e-62	233	YP_001498866.1 ATPase [Paramecium bursaria Chlorella virus AR158]
TRINITY_DN6564_c0_g1_i10	YP_013611775.1	29.5	836	504	23	313	2652	93	899	3.86e-82	299	YP_013611775.1 calcium-transporting P-type ATPase, PMR1-type [Yasminevirus sp. GU-2018]
TRINITY_DN6564_c0_g1_i10	YP_013610613.1	28.1	834	514	20	277	2715	247	1015	1.11e-74	276	YP_013610613.1 calcium-transporting P-type ATPase, PMR1-type [Yasminevirus sp. GU-2018]
TRINITY_DN6564_c0_g1_i10	YP_009325865.1	29.1	798	450	25	313	2643	27	729	2.72e-70	258	YP_009325865.1 ATPase [Only Syngen Nebraska virus 5]
TRINITY_DN6564_c0_g1_i10	YP_009701904.1	29.9	779	421	23	376	2643	52	728	4.06e-68	252	YP_009701904.1 ATPase [Paramecium bursaria Chlorella virus CVA-1]
TRINITY_DN6564_c0_g1_i10	YP_001498866.1	26.8	799	467	22	313	2643	27	729	8.82e-62	233	YP_001498866.1 ATPase [Paramecium bursaria Chlorella virus AR158]
TRINITY_DN6564_c0_g1_i3	YP_013611775.1	29.3	812	489	23	444	2711	93	875	1.12e-76	281	YP_013611775.1 calcium-transporting P-type ATPase, PMR1-type [Yasminevirus sp. GU-2018]
TRINITY_DN6564_c0_g1_i3	YP_013610613.1	27.7	790	493	18	408	2714	247	979	2.26e-69	259	YP_013610613.1 calcium-transporting P-type ATPase, PMR1-type [Yasminevirus sp. GU-2018]
TRINITY_DN6564_c0_g1_i3	YP_009325865.1	29.2	780	436	25	444	2720	27	711	6.69e-68	250	YP_009325865.1 ATPase [Only Syngen Nebraska virus 5]
TRINITY_DN6564_c0_g1_i3	YP_009701904.1	30.1	770	411	24	507	2747	52	717	2.31e-66	246	YP_009701904.1 ATPase [Paramecium bursaria Chlorella virus CVA-1]
TRINITY_DN6564_c0_g1_i3	YP_001498866.1	26.9	781	453	22	444	2720	27	711	1.59e-59	225	YP_001498866.1 ATPase [Paramecium bursaria Chlorella virus AR158]
TRINITY_DN6564_c0_g1_i6	YP_013611775.1	29.5	836	504	23	444	2783	93	899	2.27e-82	298	YP_013611775.1 calcium-transporting P-type ATPase, PMR1-type [Yasminevirus sp. GU-2018]
TRINITY_DN6564_c0_g1_i6	YP_013610613.1	28.1	810	504	18	408	2774	247	999	1.31e-75	278	YP_013610613.1 calcium-transporting P-type ATPase, PMR1-type [Yasminevirus sp. GU-2018]
TRINITY_DN6564_c0_g1_i6	YP_009325865.1	29.2	807	453	26	444	2801	27	736	2.80e-71	261	YP_009325865.1 ATPase [Only Syngen Nebraska virus 5]
TRINITY_DN6564_c0_g1_i6	YP_009701904.1	30.1	788	424	24	507	2801	52	735	1.75e-69	255	YP_009701904.1 ATPase [Paramecium bursaria Chlorella virus CVA-1]
TRINITY_DN6564_c0_g1_i6	YP_001498866.1	27.0	808	470	23	444	2801	27	736	9.49e-63	235	YP_001498866.1 ATPase [Paramecium bursaria Chlorella virus AR158]
TRINITY_DN6534_c0_g1_i30	YP_010777733.1	33.9	183	94	8	88	609	1375	1539	5.06e-12	67.4	YP_010777733.1 putative serine/threonine-protein kinase/receptor [Acanthamoeba polyphaga mimivirus]
TRINITY_DN6534_c0_g1_i30	YP_010790095.1	32.8	177	96	9	100	609	1364	1524	1.70e-11	65.9	YP_010790095.1 putative serine/threonine protein kinase receptor [Moumouvirus australiensis]
TRINITY_DN6534_c0_g1_i30	YP_010788479.1	30.0	207	107	10	55	609	1336	1526	3.12e-11	65.1	YP_010788479.1 serine/threonine-protein kinase [Megavirus baoshan]
TRINITY_DN6534_c0_g1_i30	YP_004894915.1	30.1	219	109	11	28	609	1329	1528	3.12e-11	65.1	YP_004894915.1 serine-threonine kinase [Megavirus chiliensis]
TRINITY_DN6534_c0_g1_i30	YP_009481560.1	30.2	182	105	8	85	609	1529	1695	1.94e-10	62.8	YP_009481560.1 serine-threonine kinase [Pandoravirus macleodensis]
TRINITY_DN6577_c0_g1_i3	YP_010778015.1	41.6	591	330	6	1796	3556	135	714	1.33e-137	446	YP_010778015.1 translation initiation factor IF-2 [Bodo saltans virus]
TRINITY_DN6577_c0_g1_i3	YP_003969745.1	32.8	606	381	8	1796	3571	21	614	2.00e-98	333	YP_003969745.1 putative eIF-2/eIF-5B [Cafeteria roenbergensis virus BV-PW1]
TRINITY_DN6577_c0_g1_i3	YP_010803583.1	31.4	592	370	11	1796	3502	32	610	1.80e-76	270	YP_010803583.1 translation initiation factor aIF- 2 [Fadolivirus algeromassiliense]
TRINITY_DN6577_c0_g1_i3	YP_013611268.1	26.4	622	370	15	1796	3463	9	608	1.24e-52	199	YP_013611268.1 PHD finger-like domain-containing protein 5A [Yasminevirus sp. GU-2018]
TRINITY_DN18973_c0_g1_i1	NP_149586.1	40.0	85	51	0	1361	1615	48	132	3.10e-13	70.9	NP_149586.1 123R [Invertebrate iridescent virus 6]
TRINITY_DN18973_c0_g1_i1	YP_013610801.1	37.4	99	62	0	1316	1612	88	186	5.45e-11	65.9	YP_013610801.1 dual specificity phosphatase domain protein [Yasminevirus sp. GU-2018]
TRINITY_DN18973_c0_g1_i1	YP_009046760.1	34.4	96	63	0	1331	1618	58	153	8.05e-11	64.7	YP_009046760.1 Dual specificity phosphatases [Armadillidium vulgare iridescent virus]
TRINITY_DN18973_c0_g1_i1	YP_010804735.1	34.0	100	66	0	1325	1624	51	150	3.03e-09	59.7	YP_010804735.1 dual specificity phosphatase [Acanthamoeba castellanii medusavirus]
TRINITY_DN18973_c0_g1_i1	YP_010086438.1	34.1	88	57	1	1361	1624	83	169	6.35e-09	59.3	YP_010086438.1 protein tyrosine phosphatase-2 [Spodoptera exempta nucleopolyhedrovirus]
TRINITY_DN18973_c0_g1_i2	NP_149586.1	40.0	85	51	0	451	705	48	132	1.18e-13	70.9	NP_149586.1 123R [Invertebrate iridescent virus 6]
TRINITY_DN18973_c0_g1_i2	YP_013610801.1	37.4	99	62	0	406	702	88	186	1.99e-11	65.9	YP_013610801.1 dual specificity phosphatase domain protein [Yasminevirus sp. GU-2018]
TRINITY_DN18973_c0_g1_i2	YP_009046760.1	34.4	96	63	0	421	708	58	153	3.09e-11	64.7	YP_009046760.1 Dual specificity phosphatases [Armadillidium vulgare iridescent virus]
TRINITY_DN18973_c0_g1_i2	YP_010804735.1	34.0	100	66	0	415	714	51	150	1.22e-09	59.7	YP_010804735.1 dual specificity phosphatase [Acanthamoeba castellanii medusavirus]
TRINITY_DN18973_c0_g1_i2	YP_010086438.1	34.1	88	57	1	451	714	83	169	2.48e-09	59.3	YP_010086438.1 protein tyrosine phosphatase-2 [Spodoptera exempta nucleopolyhedrovirus]
TRINITY_DN11243_c0_g1_i1	YP_010804325.1	36.2	138	80	3	419	18	1294	1427	2.71e-18	83.6	YP_010804325.1 p194 [Agapanthus tungrovirus]
TRINITY_DN11243_c0_g1_i1	NP_955579.1	26.4	110	81	0	332	3	219	328	5.93e-11	62.4	NP_955579.1 reverse transcriptase [Feline leukemia virus]
TRINITY_DN11243_c0_g1_i1	NP_955577.1	26.4	110	81	0	332	3	344	453	6.33e-11	62.4	NP_955577.1 pol gene polyprotein [Feline leukemia virus]
TRINITY_DN11243_c0_g1_i1	NP_047255.1	26.4	110	81	0	332	3	920	1029	6.49e-11	62.4	NP_047255.1 Gag-Pro-Pol precursor polyprotein gPr80 [Feline leukemia virus]
TRINITY_DN11243_c0_g1_i3	YP_004347415.1	31.1	103	70	1	346	38	324	425	1.03e-09	57.8	YP_004347415.1 replicase [Sweet potato collusive virus]
TRINITY_DN11252_c0_g1_i1	YP_010780597.1	79.5	171	35	0	3	515	9	179	2.57e-94	275	YP_010780597.1 putative heat shock 70 kDa protein [Tupanvirus deep ocean]
TRINITY_DN11252_c0_g1_i1	YP_010781892.1	78.9	171	36	0	3	515	9	179	5.19e-94	274	YP_010781892.1 putative heat shock 70 kDa protein [Tupanvirus soda lake]
TRINITY_DN11252_c0_g1_i1	YP_010779557.1	77.8	171	38	0	3	515	8	178	1.56e-92	270	YP_010779557.1 hypothetical protein QJ854_gp460 [Moumouvirus goulette]
TRINITY_DN11252_c0_g1_i1	YP_007354398.1	76.6	171	40	0	3	515	8	178	1.82e-90	265	YP_007354398.1 HSP70-like protein [Acanthamoeba polyphaga moumouvirus]
TRINITY_DN11252_c0_g1_i1	YP_010788858.1	74.9	171	43	0	3	515	9	179	5.97e-90	264	YP_010788858.1 heat shock 70 kDa protein-like protein [Megavirus baoshan]
TRINITY_DN21988_c0_g1_i3	YP_002898968.1	29.4	102	68	2	732	1031	2	101	1.56e-08	55.8	YP_002898968.1 thioredoxin domain [Sulfitobacter phage EE36phi1]
TRINITY_DN21988_c0_g1_i3	YP_009507011.1	34.3	99	43	4	387	653	46	132	5.77e-07	52.4	YP_009507011.1 thioredoxin [Tunisvirus fontaine2]
TRINITY_DN21988_c0_g1_i3	YP_009345273.1	32.6	92	44	4	402	653	52	133	8.02e-07	52.0	YP_009345273.1 thioredoxin [Noumeavirus]
TRINITY_DN21988_c0_g1_i3	YP_004347305.1	32.6	92	44	4	402	653	52	133	1.09e-06	51.6	YP_004347305.1 thioredoxin [Lausannevirus]
TRINITY_DN13962_c0_g1_i1	YP_010781422.1	25.8	698	360	21	260	1963	12	681	3.67e-40	160	YP_010781422.1 glucose-methanol-choline oxidoreductase [Tupanvirus soda lake]
TRINITY_DN13962_c0_g1_i1	YP_010780147.1	25.6	699	360	22	260	1963	12	681	4.43e-37	151	YP_010780147.1 putative oxireductase [Tupanvirus deep ocean]
TRINITY_DN13962_c0_g1_i1	YP_010779322.1	24.3	670	351	19	260	1897	12	649	8.09e-33	138	YP_010779322.1 oxidoreductase [Moumouvirus goulette]
TRINITY_DN13962_c0_g1_i1	YP_010789959.1	29.6	382	181	12	260	1192	12	376	2.54e-29	127	YP_010789959.1 glucose-methanol-choline oxidoreductase [Moumouvirus australiensis]
TRINITY_DN13962_c0_g1_i1	YP_010842031.1	29.0	379	189	13	248	1192	3	365	4.38e-29	126	YP_010842031.1 glucose-methanol-choline oxidoreductase [Cotonvirus japonicus]
TRINITY_DN13915_c0_g4_i2	YP_004821511.1	29.9	107	71	1	245	553	5	111	3.67e-09	63.2	YP_004821511.1 BTB kelch domain protein [Yokapox virus]
TRINITY_DN47585_c0_g1_i6	YP_003407062.1	37.1	116	62	4	141	467	84	195	1.85e-14	75.9	YP_003407062.1 thioredoxin [Marseillevirus marseillevirus]
TRINITY_DN47585_c0_g1_i6	YP_009094795.1	35.3	116	64	4	141	467	22	133	3.84e-14	73.2	YP_009094795.1 conserved thioredoxin [Marseillevirus sp. 'Melbournevirus']
TRINITY_DN47585_c0_g1_i6	YP_009173307.1	36.0	86	51	2	222	476	45	127	1.17e-12	68.6	YP_009173307.1 putative thioredoxin [Chrysochromulina ericina virus]
TRINITY_DN47585_c0_g1_i6	YP_009255120.1	34.2	114	68	3	141	467	22	133	7.38e-12	66.6	YP_009255120.1 conserved thioredoxin [Tokyovirus A1]
TRINITY_DN47585_c0_g1_i6	YP_009904145.1	38.2	76	46	1	1194	1418	4	79	7.18e-11	62.8	YP_009904145.1 thioredoxin domain [Burkholderia phage BcepSaruman]
TRINITY_DN5769_c1_g1_i3	YP_013611121.1	59.2	103	42	0	22	330	19	121	3.52e-42	141	YP_013611121.1 hypothetical protein YASMINEVIRUS_766 [Yasminevirus sp. GU-2018]
TRINITY_DN5769_c1_g1_i3	YP_013611720.1	52.9	104	49	0	22	333	8	111	6.77e-40	135	YP_013611720.1 Ras-related protein Rab-1A [Yasminevirus sp. GU-2018]
TRINITY_DN5769_c1_g1_i3	YP_010780883.1	51.9	106	51	0	22	339	4	109	3.88e-38	130	YP_010780883.1 rab family small GTPase [Tupanvirus deep ocean]
TRINITY_DN5769_c1_g1_i3	YP_010782189.1	49.1	106	54	0	22	339	4	109	1.43e-35	123	YP_010782189.1 rab family small GTPase [Tupanvirus soda lake]
TRINITY_DN5769_c1_g1_i3	YP_013611042.1	47.7	107	56	0	7	327	1	107	4.51e-32	115	YP_013611042.1 Rab GTPase 2d (macronuclear) [Yasminevirus sp. GU-2018]
TRINITY_DN5769_c1_g1_i5	YP_013611720.1	48.9	139	67	2	22	429	8	145	6.12e-45	149	YP_013611720.1 Ras-related protein Rab-1A [Yasminevirus sp. GU-2018]
TRINITY_DN5769_c1_g1_i5	YP_013611121.1	53.8	132	59	2	22	417	19	148	2.38e-44	148	YP_013611121.1 hypothetical protein YASMINEVIRUS_766 [Yasminevirus sp. GU-2018]
TRINITY_DN5769_c1_g1_i5	YP_010780883.1	51.2	121	58	1	22	381	4	124	4.47e-41	139	YP_010780883.1 rab family small GTPase [Tupanvirus deep ocean]
TRINITY_DN5769_c1_g1_i5	YP_010782189.1	47.9	121	62	1	22	381	4	124	3.28e-38	132	YP_010782189.1 rab family small GTPase [Tupanvirus soda lake]
TRINITY_DN5769_c1_g1_i5	YP_013611042.1	43.5	138	78	0	7	420	1	138	4.08e-37	129	YP_013611042.1 Rab GTPase 2d (macronuclear) [Yasminevirus sp. GU-2018]
TRINITY_DN5769_c1_g1_i7	YP_013611121.1	50.0	168	82	2	22	525	19	184	1.69e-46	169	YP_013611121.1 hypothetical protein YASMINEVIRUS_766 [Yasminevirus sp. GU-2018]
TRINITY_DN5769_c1_g1_i7	YP_010780883.1	47.0	168	88	1	22	522	4	171	6.19e-46	167	YP_010780883.1 rab family small GTPase [Tupanvirus deep ocean]
TRINITY_DN5769_c1_g1_i7	YP_013611720.1	42.6	204	107	5	22	606	8	210	1.24e-44	164	YP_013611720.1 Ras-related protein Rab-1A [Yasminevirus sp. GU-2018]
TRINITY_DN5769_c1_g1_i7	YP_010782189.1	42.5	181	103	1	22	561	4	184	1.62e-43	160	YP_010782189.1 rab family small GTPase [Tupanvirus soda lake]
TRINITY_DN5769_c1_g1_i7	YP_013611042.1	42.8	173	99	0	7	525	1	173	5.97e-40	150	YP_013611042.1 Rab GTPase 2d (macronuclear) [Yasminevirus sp. GU-2018]
TRINITY_DN5727_c1_g1_i17	YP_009665657.1	38.9	90	54	1	264	530	2	91	1.02e-11	67.4	YP_009665657.1 serine-threonine kinase [Feldmannia irregularis virus a]
TRINITY_DN5727_c1_g1_i17	YP_002154675.1	38.0	92	56	1	264	536	2	93	1.39e-11	67.0	YP_002154675.1 serine-threonine kinase [Feldmannia species virus]
TRINITY_DN5727_c1_g1_i17	YP_007354522.1	40.2	82	46	1	291	527	15	96	2.16e-09	60.5	YP_007354522.1 serine-threonine kinase [Acanthamoeba polyphaga moumouvirus]
TRINITY_DN5727_c1_g1_i17	YP_010789881.1	40.4	89	49	2	273	527	8	96	2.89e-09	60.1	YP_010789881.1 serine/threonine protein kinase [Moumouvirus australiensis]
TRINITY_DN5727_c1_g1_i17	YP_010779412.1	38.2	89	51	2	273	527	8	96	6.21e-09	58.5	YP_010779412.1 kinase [Moumouvirus goulette]
TRINITY_DN5727_c1_g1_i6	NP_077596.1	33.8	281	128	2	262	930	6	286	4.60e-47	169	NP_077596.1 serine-threonine kinase [Ectocarpus siliculosus virus 1]
TRINITY_DN5727_c1_g1_i6	YP_009665657.1	34.4	244	120	2	253	864	2	245	6.83e-42	155	YP_009665657.1 serine-threonine kinase [Feldmannia irregularis virus a]
TRINITY_DN5727_c1_g1_i6	YP_002154675.1	33.1	257	127	4	253	894	2	256	2.08e-39	148	YP_002154675.1 serine-threonine kinase [Feldmannia species virus]
TRINITY_DN5727_c1_g1_i6	YP_010803051.1	31.5	238	144	7	250	915	3	237	3.94e-28	117	YP_010803051.1 serine/threonine-protein kinase [Fadolivirus algeromassiliense]
TRINITY_DN5727_c1_g1_i6	YP_010779412.1	30.4	253	138	7	262	918	8	256	2.88e-26	109	YP_010779412.1 kinase [Moumouvirus goulette]
TRINITY_DN5715_c0_g1_i7	YP_013610855.1	36.0	175	73	6	1454	1933	117	267	8.03e-20	93.6	YP_013610855.1 serine/threonine protein phosphatase [Yasminevirus sp. GU-2018]
TRINITY_DN5715_c0_g1_i7	YP_003970108.1	35.3	201	86	11	1391	1933	93	269	7.61e-18	87.8	YP_003970108.1 putative family 2C serine/threonine phosphatase [Cafeteria roenbergensis virus BV-PW1]
TRINITY_DN17593_c0_g1_i17	YP_009162415.1	33.1	287	161	10	1746	2597	2	260	1.92e-37	146	YP_009162415.1 serine-threonine kinase [Salmon gill poxvirus]
TRINITY_DN17593_c0_g1_i17	NP_203561.1	30.0	207	117	4	1773	2390	26	205	1.06e-21	100	NP_203561.1 protein kinase [Helicoverpa armigera nucleopolyhedrovirus]
TRINITY_DN17593_c0_g1_i17	NP_075072.1	30.0	207	117	4	1773	2390	26	205	1.94e-21	99.4	NP_075072.1 pk-1 [Helicoverpa armigera nucleopolyhedrovirus G4]
TRINITY_DN17593_c0_g1_i17	YP_008319462.1	30.9	223	128	7	1746	2396	1447	1649	3.16e-14	82.4	YP_008319462.1 serine-threonine kinase [Pandoravirus dulcis]
TRINITY_DN17593_c0_g1_i17	YP_008437707.2	29.6	223	131	7	1746	2396	1454	1656	3.58e-13	79.0	YP_008437707.2 serine-threonine kinase [Pandoravirus salinus]
TRINITY_DN13728_c0_g1_i16	YP_009480733.1	26.8	127	87	2	2713	3093	63	183	7.12e-06	52.8	YP_009480733.1 guanylate kinase [Pandoravirus macleodensis]
TRINITY_DN13773_c0_g1_i1	YP_010796957.1	42.1	114	61	3	22	357	552	662	6.90e-26	103	YP_010796957.1 PolB [Terrapene box turtle adintovirus]
TRINITY_DN9645_c0_g1_i20	YP_239400.1	30.2	265	163	10	2373	3116	46	305	2.15e-29	123	YP_239400.1 PTP 2 [Bracoviriform demolitoris]
TRINITY_DN9645_c0_g1_i20	YP_184809.1	33.3	252	134	10	2379	3074	48	285	5.55e-29	122	YP_184809.1 PTPN [Bracoviriform congregatae]
TRINITY_DN9645_c0_g1_i20	YP_001029435.1	32.7	248	153	7	2388	3098	79	323	1.70e-28	121	YP_001029435.1 GfV-B2-ORF1 [Ichnoviriform fumiferanae]
TRINITY_DN9645_c0_g1_i20	YP_001029437.1	31.3	249	158	7	2349	3065	53	298	8.26e-27	115	YP_001029437.1 GfV-B36-ORF1 [Ichnoviriform fumiferanae]
TRINITY_DN9645_c0_g1_i20	YP_001029418.1	31.8	280	173	9	2274	3074	34	308	1.03e-26	115	YP_001029418.1 GfV-C16-ORF1 [Ichnoviriform fumiferanae]
TRINITY_DN9645_c0_g1_i3	YP_239400.1	30.2	265	163	10	2373	3116	46	305	1.95e-29	123	YP_239400.1 PTP 2 [Bracoviriform demolitoris]
TRINITY_DN9645_c0_g1_i3	YP_184809.1	33.3	252	134	10	2379	3074	48	285	5.06e-29	122	YP_184809.1 PTPN [Bracoviriform congregatae]
TRINITY_DN9645_c0_g1_i3	YP_001029435.1	32.7	248	153	7	2388	3098	79	323	1.55e-28	121	YP_001029435.1 GfV-B2-ORF1 [Ichnoviriform fumiferanae]
TRINITY_DN9645_c0_g1_i3	YP_001029437.1	31.3	249	158	7	2349	3065	53	298	7.51e-27	115	YP_001029437.1 GfV-B36-ORF1 [Ichnoviriform fumiferanae]
TRINITY_DN9645_c0_g1_i3	YP_001029418.1	31.8	280	173	9	2274	3074	34	308	9.41e-27	115	YP_001029418.1 GfV-C16-ORF1 [Ichnoviriform fumiferanae]
TRINITY_DN9686_c0_g1_i1	YP_003422404.1	27.5	305	176	9	305	1198	68	334	7.26e-29	121	YP_003422404.1 cathepsin [Pseudalatia unipuncta granulovirus]
TRINITY_DN9686_c0_g1_i1	YP_009506126.1	27.5	305	176	9	305	1198	68	334	7.26e-29	121	YP_009506126.1 cathepsin [Trichoplusia ni granulovirus LBIV-12]
TRINITY_DN9686_c0_g1_i1	YP_010796516.1	26.8	302	183	8	305	1198	70	337	1.06e-28	120	YP_010796516.1 cathepsin [Mythimna unipuncta nucleopolyhedrovirus]
TRINITY_DN9686_c0_g1_i1	NP_203611.1	28.4	271	156	9	398	1198	124	360	1.48e-26	115	NP_203611.1 cathepsin [Helicoverpa armigera nucleopolyhedrovirus]
TRINITY_DN9686_c0_g1_i1	NP_075125.1	28.4	271	156	9	398	1198	124	360	1.48e-26	115	NP_075125.1 cathepsin [Helicoverpa armigera nucleopolyhedrovirus G4]
TRINITY_DN9697_c1_g1_i13	YP_443922.1	26.0	242	169	5	1477	764	1773	2008	7.69e-12	72.4	YP_443922.1 polyprotein [Atlantic salmon swim bladder sarcoma virus]
TRINITY_DN9697_c1_g1_i13	YP_184882.1	25.0	164	119	4	1240	752	28	188	2.45e-09	61.2	YP_184882.1 hypothetical protein CcBV_31.2 [Bracoviriform congregatae]
TRINITY_DN9657_c0_g1_i2	YP_418157.1	30.9	123	69	3	334	5	26	145	3.12e-06	46.6	YP_418157.1 Rnase H [Pseudomonas phage EL]
TRINITY_DN72626_c0_g1_i2	YP_010803131.1	28.9	76	53	1	347	571	56	131	7.48e-06	48.9	YP_010803131.1 autophagy protein atg8 ubiquitin-like protein [Fadolivirus algeromassiliense]
TRINITY_DN76147_c0_g1_i1	YP_443922.1	27.7	101	71	2	14	310	1872	1972	8.77e-07	48.9	YP_443922.1 polyprotein [Atlantic salmon swim bladder sarcoma virus]
TRINITY_DN76147_c0_g1_i1	YP_184882.1	26.4	91	66	1	11	283	49	138	1.09e-06	48.1	YP_184882.1 hypothetical protein CcBV_31.2 [Bracoviriform congregatae]
TRINITY_DN11180_c1_g2_i4	YP_010778573.1	26.4	129	94	1	386	3	260	388	2.91e-08	53.9	YP_010778573.1 putative Non-LTR retrotransposon [Bodo saltans virus]
TRINITY_DN11122_c0_g1_i16	YP_010780657.1	42.1	549	274	9	30	1649	43	556	3.32e-137	429	YP_010780657.1 dna topoisomerase 1b [Tupanvirus deep ocean]
TRINITY_DN11122_c0_g1_i16	YP_010781963.1	42.2	550	272	11	30	1649	22	535	1.95e-135	423	YP_010781963.1 topoisomerase 1b [Tupanvirus soda lake]
TRINITY_DN11122_c0_g1_i16	YP_010804172.1	40.6	545	288	8	30	1652	44	556	7.73e-128	404	YP_010804172.1 DNA topoisomerase I [Fadolivirus algeromassiliense]
TRINITY_DN11122_c0_g1_i16	YP_010790083.1	41.3	549	280	10	30	1652	22	536	1.60e-127	402	YP_010790083.1 topoisomerase 1b [Moumouvirus australiensis]
TRINITY_DN11122_c0_g1_i16	YP_010788482.1	40.5	550	283	9	30	1652	23	537	9.35e-126	398	YP_010788482.1 DNA topoisomerase 1b [Megavirus baoshan]
TRINITY_DN11122_c0_g1_i2	YP_010780657.1	41.2	274	152	4	330	1151	43	307	5.29e-66	225	YP_010780657.1 dna topoisomerase 1b [Tupanvirus deep ocean]
TRINITY_DN11122_c0_g1_i2	YP_010781963.1	41.2	274	152	4	330	1151	22	286	9.54e-65	221	YP_010781963.1 topoisomerase 1b [Tupanvirus soda lake]
TRINITY_DN11122_c0_g1_i2	YP_010790083.1	40.9	276	150	4	330	1151	22	286	1.38e-63	218	YP_010790083.1 topoisomerase 1b [Moumouvirus australiensis]
TRINITY_DN11122_c0_g1_i2	YP_007354733.1	39.5	276	154	4	330	1151	22	286	3.77e-63	217	YP_007354733.1 DNA topoisomerase 1b [Acanthamoeba polyphaga moumouvirus]
TRINITY_DN11122_c0_g1_i2	YP_010779190.1	39.1	276	155	4	330	1151	22	286	2.00e-62	215	YP_010779190.1 topoisomerase 1b [Moumouvirus goulette]
TRINITY_DN11134_c0_g1_i1	YP_003208050.1	37.2	113	70	1	349	11	1505	1616	1.29e-15	75.9	YP_003208050.1 putative polyprotein [Pelargonium vein banding virus]
TRINITY_DN11134_c0_g1_i1	YP_009229919.1	36.6	112	70	1	349	14	1459	1569	1.12e-14	73.2	YP_009229919.1 polyprotein [Blackberry virus F]
TRINITY_DN11134_c0_g1_i1	YP_010798182.1	36.3	113	71	1	349	11	1488	1599	1.12e-14	73.2	YP_010798182.1 polyprotein [Green Sichuan pepper vein clearing-associated virus]
TRINITY_DN11134_c0_g1_i1	YP_010790446.1	31.9	116	78	1	355	8	1646	1760	9.73e-14	70.5	YP_010790446.1 ORF3 [Dioscorea bacilliform virus]
TRINITY_DN11134_c0_g1_i1	YP_002321513.1	37.7	114	70	1	349	8	1803	1915	9.78e-14	70.5	YP_002321513.1 polyprotein [Bougainvillea chlorotic vein banding virus]
TRINITY_DN11134_c0_g3_i1	YP_003208050.1	34.3	70	46	0	220	11	1547	1616	3.97e-07	50.8	YP_003208050.1 putative polyprotein [Pelargonium vein banding virus]
TRINITY_DN11134_c0_g3_i1	YP_010798182.1	32.4	74	50	0	232	11	1526	1599	3.98e-07	50.8	YP_010798182.1 polyprotein [Green Sichuan pepper vein clearing-associated virus]
TRINITY_DN11134_c0_g3_i1	YP_009229919.1	32.9	73	49	0	232	14	1497	1569	7.36e-07	50.1	YP_009229919.1 polyprotein [Blackberry virus F]
TRINITY_DN11134_c0_g3_i1	YP_010790446.1	26.8	71	52	0	220	8	1690	1760	8.68e-06	47.0	YP_010790446.1 ORF3 [Dioscorea bacilliform virus]
TRINITY_DN11159_c0_g1_i1	NP_203611.1	38.7	323	168	7	106	1014	52	364	7.05e-70	225	NP_203611.1 cathepsin [Helicoverpa armigera nucleopolyhedrovirus]
TRINITY_DN11159_c0_g1_i1	NP_075125.1	38.7	323	168	7	106	1014	52	364	7.05e-70	225	NP_075125.1 cathepsin [Helicoverpa armigera nucleopolyhedrovirus G4]
TRINITY_DN11159_c0_g1_i1	NP_258322.1	39.0	313	169	7	115	1014	33	336	3.52e-69	223	NP_258322.1 cathepsin-like cysteine proteinase [Spodoptera litura nucleopolyhedrovirus]
TRINITY_DN11159_c0_g1_i1	YP_003422404.1	39.2	314	171	8	106	1014	34	338	1.44e-68	221	YP_003422404.1 cathepsin [Pseudalatia unipuncta granulovirus]
TRINITY_DN11159_c0_g1_i1	YP_009506126.1	39.2	314	171	8	106	1014	34	338	1.44e-68	221	YP_009506126.1 cathepsin [Trichoplusia ni granulovirus LBIV-12]
TRINITY_DN18612_c0_g1_i8	NP_077596.1	33.5	313	151	2	216	983	3	315	9.77e-55	199	NP_077596.1 serine-threonine kinase [Ectocarpus siliculosus virus 1]
TRINITY_DN18612_c0_g1_i8	YP_009665657.1	30.8	321	165	5	216	1052	2	307	7.36e-44	167	YP_009665657.1 serine-threonine kinase [Feldmannia irregularis virus a]
TRINITY_DN18612_c0_g1_i8	YP_002154675.1	29.0	303	166	2	216	998	2	297	5.90e-40	156	YP_002154675.1 serine-threonine kinase [Feldmannia species virus]
TRINITY_DN18612_c0_g1_i8	YP_010781034.1	28.0	346	211	8	225	1157	12	354	2.71e-36	145	YP_010781034.1 putative SNF1-related protein kinase catalytic subunit alpha KIN11-like [Tupanvirus deep ocean]
TRINITY_DN18612_c0_g1_i8	YP_010782412.1	27.1	365	233	9	225	1235	12	371	8.68e-36	145	YP_010782412.1 hypothetical protein QJ857_gp0295 [Tupanvirus soda lake]
TRINITY_DN26919_c0_g1_i2	YP_009855816.1	42.3	52	30	0	471	316	345	396	1.21e-06	50.1	YP_009855816.1 helicase [Alteromonas phage vB_AmeM_PT11-V22]
TRINITY_DN26919_c0_g1_i3	YP_009855816.1	33.8	74	49	0	628	407	345	418	1.02e-06	51.6	YP_009855816.1 helicase [Alteromonas phage vB_AmeM_PT11-V22]
TRINITY_DN26958_c0_g1_i1	YP_010803386.1	33.1	136	87	3	336	734	9	143	1.45e-21	95.1	YP_010803386.1 ubiquitin-conjugating enzyme E2 [Fadolivirus algeromassiliense]
TRINITY_DN26958_c0_g1_i1	YP_009173309.1	35.1	134	82	4	336	725	6	138	3.27e-20	90.1	YP_009173309.1 ubiquitin conjugating enzyme E2 [Chrysochromulina ericina virus]
TRINITY_DN26958_c0_g1_i1	YP_010782074.1	33.9	115	74	2	402	740	35	149	4.24e-18	84.3	YP_010782074.1 putative ubiquitin-conjugating enzyme E2 [Tupanvirus soda lake]
TRINITY_DN26949_c1_g2_i1	YP_002154675.1	29.0	334	156	10	323	1192	9	305	8.99e-32	129	YP_002154675.1 serine-threonine kinase [Feldmannia species virus]
TRINITY_DN26949_c1_g2_i1	YP_010778246.1	29.3	321	186	10	257	1168	2	298	1.86e-31	127	YP_010778246.1 serine/threonine protein kinase [Bodo saltans virus]
TRINITY_DN26949_c1_g2_i1	YP_010778841.1	28.4	292	175	8	305	1135	2	274	3.17e-29	121	YP_010778841.1 serine/threonine protein kinase [Bodo saltans virus]
TRINITY_DN26949_c1_g2_i1	YP_009665657.1	25.2	326	173	8	323	1177	9	304	5.52e-28	118	YP_009665657.1 serine-threonine kinase [Feldmannia irregularis virus a]
TRINITY_DN26949_c1_g2_i1	NP_077596.1	26.9	372	169	10	329	1204	12	360	1.16e-27	117	NP_077596.1 serine-threonine kinase [Ectocarpus siliculosus virus 1]
TRINITY_DN15018_c0_g1_i12	YP_001031228.1	35.9	359	217	5	169	1236	12	360	1.15e-73	247	YP_001031228.1 innexin Vnx-d5.1 [Ichnoviriform fugitivi]
TRINITY_DN15018_c0_g1_i12	YP_001031223.1	36.7	357	211	6	190	1248	4	349	2.84e-72	243	YP_001031223.1 innexin Vnx-c16 [Ichnoviriform fugitivi]
TRINITY_DN15018_c0_g1_i12	YP_589075.1	35.1	362	220	6	181	1251	1	352	6.45e-72	242	YP_589075.1 innexin-like protein 2 [Ichnoviriform sonorense]
TRINITY_DN15018_c0_g1_i12	YP_001031233.1	37.1	361	211	6	190	1257	4	353	1.41e-70	238	YP_001031233.1 innexin Vnx-b17 [Ichnoviriform fugitivi]
TRINITY_DN15018_c0_g1_i12	YP_001031226.1	36.5	359	211	7	193	1251	5	352	2.52e-68	233	YP_001031226.1 innexin Vnx-b7 [Ichnoviriform fugitivi]
TRINITY_DN15018_c0_g1_i8	YP_589075.1	35.5	203	124	4	180	785	1	197	1.54e-36	136	YP_589075.1 innexin-like protein 2 [Ichnoviriform sonorense]
TRINITY_DN15018_c0_g1_i8	YP_001031228.1	35.3	207	121	5	168	779	12	208	5.21e-35	132	YP_001031228.1 innexin Vnx-d5.1 [Ichnoviriform fugitivi]
TRINITY_DN15018_c0_g1_i8	YP_001031223.1	35.2	199	115	5	189	773	4	192	7.06e-33	127	YP_001031223.1 innexin Vnx-c16 [Ichnoviriform fugitivi]
TRINITY_DN15018_c0_g1_i8	YP_001031229.1	36.1	205	120	6	171	779	1	196	4.16e-32	125	YP_001031229.1 innexin Vnx-d5.2 [Ichnoviriform fugitivi]
TRINITY_DN15018_c0_g1_i8	YP_001031350.1	37.6	197	107	6	189	779	4	184	1.70e-31	122	YP_001031350.1 viral innexin-g1.1 [Ichnoviriform fugitivi]
TRINITY_DN15046_c0_g1_i1	YP_010796575.1	30.7	501	309	11	113	1549	4	488	1.14e-61	214	YP_010796575.1 EGT [Mythimna unipuncta nucleopolyhedrovirus]
TRINITY_DN15046_c0_g1_i1	YP_758442.1	28.5	513	324	9	110	1576	45	538	3.81e-57	203	YP_758442.1 egt [Leucania separata nucleopolyhedrovirus]
TRINITY_DN15046_c0_g1_i1	YP_009117047.1	28.6	511	311	15	92	1513	1	494	1.73e-49	182	YP_009117047.1 ecdysone glucose transferase [Pseudoplusia includens SNPV IE]
TRINITY_DN15046_c0_g1_i1	YP_010086996.1	27.4	503	316	14	110	1531	6	488	9.66e-49	179	YP_010086996.1 egt [Cryptophlebia peltastica nucleopolyhedrovirus]
TRINITY_DN15046_c0_g1_i1	NP_258389.1	29.5	505	311	16	146	1579	33	519	1.69e-48	179	NP_258389.1 ecdysteroid UDP-glucosyltransferase [Spodoptera litura nucleopolyhedrovirus]
TRINITY_DN39881_c0_g2_i1	YP_009665180.1	34.8	115	74	1	344	3	956	1070	1.84e-15	73.9	YP_009665180.1 pol polyprotein, partial [Walleye epidermal hyperplasia virus 2]
TRINITY_DN39881_c0_g2_i1	YP_009665179.1	33.0	115	76	1	344	3	912	1026	1.94e-13	68.2	YP_009665179.1 pol polyprotein, partial [Walleye epidermal hyperplasia virus 1]
TRINITY_DN39881_c0_g2_i1	NP_045937.2	32.2	115	77	1	344	3	1506	1620	2.37e-12	65.1	NP_045937.2 Pr gag-pro-pol [Walleye dermal sarcoma virus]
TRINITY_DN6607_c0_g1_i6	NP_046191.1	38.0	166	81	4	569	129	104	266	1.29e-31	122	NP_046191.1 inhibitor of apoptosis protein 3 [Orgyia pseudotsugata multiple nucleopolyhedrovirus]
TRINITY_DN6607_c0_g1_i6	NP_064803.1	38.0	163	81	3	563	129	102	262	6.69e-28	112	NP_064803.1 inhibitor of apoptosis protein [Betaentomopoxvirus amoorei]
TRINITY_DN6607_c0_g1_i6	YP_009091936.1	41.3	160	80	5	572	123	114	269	2.01e-27	111	YP_009091936.1 inhibitor of apoptosis 3 [Erinnyis ello granulovirus]
TRINITY_DN6607_c0_g1_i6	YP_009513093.1	34.3	169	94	3	590	129	100	266	2.79e-27	110	YP_009513093.1 iap-1 [Agrotis segetum granulovirus]
TRINITY_DN6607_c0_g1_i6	YP_009249946.1	33.5	179	92	5	587	123	68	243	3.06e-27	110	YP_009249946.1 IAP-3 [Mocis latipes granulovirus]
TRINITY_DN18816_c0_g4_i1	YP_009882647.1	29.3	256	165	4	284	1036	355	599	6.23e-20	94.4	YP_009882647.1 RNA polymerase sigma factor [Klebsiella phage ST13-OXA48phi12.1]
TRINITY_DN18816_c0_g4_i1	YP_009882596.1	29.3	256	165	4	284	1036	355	599	6.23e-20	94.4	YP_009882596.1 RNA polymerase sigma factor [Klebsiella phage ST147-VIM1phi7.1]
TRINITY_DN18816_c0_g4_i1	YP_008318421.1	25.1	263	165	7	281	1045	7	245	8.32e-09	59.7	YP_008318421.1 RNA polymerase sigma factor [Bacillus phage phiNIT1]
TRINITY_DN18816_c0_g4_i1	YP_008771532.1	25.6	262	164	6	284	1045	7	245	3.56e-08	57.8	YP_008771532.1 RNA polymerase sigma factor [Bacillus phage Grass]
TRINITY_DN18816_c0_g4_i1	YP_010581901.1	25.4	260	167	6	284	1045	7	245	8.50e-08	56.6	YP_010581901.1 RNA polymerase sigma factor [Bacillus phage SPG24]
TRINITY_DN21409_c2_g1_i4	YP_009483487.1	34.4	326	161	10	328	1287	42	320	1.81e-35	144	YP_009483487.1 Carboxylic ester hydrolase [Pandoravirus quercus]
TRINITY_DN21409_c2_g1_i4	YP_762368.1	36.2	69	44	0	799	1005	207	275	7.00e-06	52.8	YP_762368.1 67.3 kDa Esterase_Lipase [Spodoptera frugiperda ascovirus 1a]
TRINITY_DN21485_c0_g2_i1	YP_009507789.1	55.4	186	81	2	262	816	4	188	2.21e-57	195	YP_009507789.1 p21 v-has transforming protein [Harvey murine sarcoma virus]
TRINITY_DN21485_c0_g2_i1	YP_009507788.1	55.4	186	81	2	262	816	56	240	1.13e-56	195	YP_009507788.1 protein p30 [Harvey murine sarcoma virus]
TRINITY_DN21485_c0_g2_i1	YP_013611042.1	33.3	168	110	2	250	750	6	172	2.10e-18	87.4	YP_013611042.1 Rab GTPase 2d (macronuclear) [Yasminevirus sp. GU-2018]
TRINITY_DN21485_c0_g2_i1	YP_010777125.1	32.3	189	116	5	262	819	6	185	3.71e-18	86.7	YP_010777125.1 putative rab-related GTPase [Acanthamoeba polyphaga mimivirus]
TRINITY_DN21485_c0_g2_i1	YP_003986711.1	31.7	189	117	5	262	819	6	185	6.84e-18	85.9	YP_003986711.1 probable RAB-related GTPase [Acanthamoeba polyphaga mimivirus]
TRINITY_DN57525_c1_g1_i2	YP_013611589.1	46.2	106	41	3	361	639	7	109	1.10e-17	87.0	YP_013611589.1 hypothetical protein YASMINEVIRUS_1303 [Yasminevirus sp. GU-2018]
TRINITY_DN57525_c1_g1_i2	YP_003969759.1	53.8	78	34	1	364	591	4	81	4.12e-16	82.8	YP_003969759.1 putative DnaJ/Hsp40 [Cafeteria roenbergensis virus BV-PW1]
TRINITY_DN57525_c1_g1_i2	YP_007354262.1	56.2	73	32	0	364	582	2	74	4.19e-16	82.8	YP_007354262.1 DnaJ-like protein [Acanthamoeba polyphaga moumouvirus]
TRINITY_DN57525_c1_g1_i2	YP_004894410.1	54.3	70	32	0	364	573	2	71	1.78e-15	80.9	YP_004894410.1 DnaJ-like protein [Megavirus chiliensis]
TRINITY_DN57525_c1_g1_i2	YP_010789616.1	53.4	73	34	0	364	582	2	74	1.83e-15	80.9	YP_010789616.1 DnaJ-like protein [Moumouvirus australiensis]
TRINITY_DN2869_c0_g1_i9	YP_008052514.1	43.3	97	53	1	570	860	78	172	8.28e-15	75.1	YP_008052514.1 transcription elongation factor TFIIS_C domain-containing protein [Phaeocystis globosa virus]
TRINITY_DN2869_c0_g1_i9	YP_004061904.1	36.3	171	86	8	357	860	20	170	3.77e-14	73.2	YP_004061904.1 hypothetical protein MpV1_021c [Micromonas sp. RCC1109 virus MpV1]
TRINITY_DN2869_c0_g1_i9	YP_009174876.1	41.2	97	56	1	573	860	118	214	3.54e-12	68.6	YP_009174876.1 putative transcription elongation factor SII [Yellowstone lake phycodnavirus 1]
TRINITY_DN2869_c0_g1_i9	YP_010783554.1	37.8	82	46	1	630	860	84	165	2.38e-11	65.1	YP_010783554.1 putative transcription elongation factor TFIIS [Tetraselmis virus 1]
TRINITY_DN2869_c0_g1_i9	NP_048472.1	62.5	40	15	0	741	860	140	179	5.56e-11	64.3	NP_048472.1 hypothetical protein PBCV1_A125L [Paramecium bursaria Chlorella virus 1]
TRINITY_DN2834_c0_g1_i9	YP_009666308.1	29.8	811	503	16	2154	4544	271	1029	1.77e-97	344	YP_009666308.1 Reverse Transcriptase, partial [Cladosporium fulvum T-1 virus]
TRINITY_DN2834_c0_g1_i9	NP_043933.1	30.6	471	304	8	2238	3620	245	702	1.88e-58	219	NP_043933.1 hypothetical protein [Strawberry vein banding virus]
TRINITY_DN2834_c0_g1_i9	YP_002519387.1	30.0	444	286	10	2319	3620	266	694	5.69e-52	200	YP_002519387.1 putative enzymatic polyprotein [Rudbeckia flower distortion virus]
TRINITY_DN2834_c0_g1_i9	YP_009254008.1	28.0	461	278	10	2394	3620	213	671	5.71e-44	175	YP_009254008.1 putative aspartic protease [Water chestnut soymovirus 1]
TRINITY_DN2834_c0_g1_i9	YP_009345071.1	28.1	442	284	10	2364	3623	1400	1829	8.95e-42	173	YP_009345071.1 polyprotein [Cacao mild mosaic virus]
TRINITY_DN2892_c0_g1_i28	YP_184882.1	52.6	156	73	1	5739	5275	3	158	1.60e-44	164	YP_184882.1 hypothetical protein CcBV_31.2 [Bracoviriform congregatae]
TRINITY_DN2892_c0_g1_i28	YP_184883.1	60.7	117	45	1	4460	4110	98	213	3.08e-42	165	YP_184883.1 unnamed protein product [Bracoviriform congregatae]
TRINITY_DN2892_c0_g1_i28	YP_010796965.1	53.4	133	60	2	4460	4068	99	231	2.31e-41	155	YP_010796965.1 FtsK [Mayetiola barley midge adintovirus]
TRINITY_DN2892_c0_g1_i28	YP_010796970.1	48.4	153	74	2	5270	4821	159	309	5.46e-35	140	YP_010796970.1 integrase [Mayetiola barley midge adintovirus]
TRINITY_DN2892_c0_g1_i28	YP_010796949.1	45.3	150	81	1	5721	5275	52	201	1.16e-30	129	YP_010796949.1 integrase [Terrapene box turtle adintovirus]
TRINITY_DN2898_c0_g1_i8	YP_010803171.1	38.1	441	260	7	378	1685	15	447	4.55e-94	302	YP_010803171.1 histidyl-tRNA synthetase [Fadolivirus algeromassiliense]
TRINITY_DN2898_c0_g1_i8	YP_010780539.1	36.9	436	250	11	393	1661	11	434	1.85e-80	266	YP_010780539.1 histidine tRNA synthetase [Tupanvirus deep ocean]
TRINITY_DN2898_c0_g1_i8	YP_010781831.1	37.1	442	249	13	393	1670	11	439	1.99e-79	263	YP_010781831.1 histidine--tRNA synthetase [Tupanvirus soda lake]
TRINITY_DN2898_c0_g1_i8	YP_013611640.1	31.2	462	259	11	378	1655	6	444	9.89e-63	219	YP_013611640.1 histidine-tRNA ligase, partial [Yasminevirus sp. GU-2018]
TRINITY_DN2000_c0_g1_i3	YP_013610560.1	35.4	127	60	4	378	707	68	189	5.85e-08	59.3	YP_013610560.1 hypothetical protein YASMINEVIRUS_205, partial [Yasminevirus sp. GU-2018]
TRINITY_DN2012_c0_g1_i23	NP_659585.1	23.4	295	204	7	336	1208	91	367	3.96e-11	69.3	NP_659585.1 G protein-coupled chemokine receptor-like protein [Sheeppox virus]
TRINITY_DN2012_c0_g1_i23	YP_010084932.1	22.9	319	208	7	333	1226	61	362	4.54e-11	69.7	YP_010084932.1 membrane protein Mo6 [Beluga whale alphaherpesvirus 1]
TRINITY_DN2024_c0_g2_i4	NP_955598.1	42.7	75	43	0	628	852	110	184	8.96e-08	57.8	NP_955598.1 FOS [Murine osteosarcoma virus]
TRINITY_DN2024_c0_g2_i4	NP_056890.1	42.7	75	43	0	628	852	418	492	3.49e-07	57.8	NP_056890.1 gag polyprotein [Murine osteosarcoma virus]
TRINITY_DN2024_c0_g2_i4	NP_041237.1	42.7	75	43	0	628	852	418	492	3.49e-07	57.8	NP_041237.1 gag-fos fusion protein [Finkel-Biskis-Jinkins murine sarcoma virus]
TRINITY_DN2083_c0_g1_i1	YP_009002822.1	44.9	136	74	1	3	410	17	151	2.58e-30	119	YP_009002822.1 SsrA-binding protein SmpB [Staphylococcus phage StauST398-5]
TRINITY_DN2076_c0_g1_i5	YP_009701987.1	32.5	160	106	2	4545	5024	18	175	6.93e-14	81.6	YP_009701987.1 ABC transporter [Paramecium bursaria Chlorella virus CVA-1]
TRINITY_DN2076_c0_g1_i5	YP_001426365.1	32.5	160	106	2	4545	5024	19	176	9.09e-14	81.3	YP_001426365.1 ABC transporter [Paramecium bursaria Chlorella virus FR483]
TRINITY_DN2046_c0_g1_i2	YP_007354522.1	28.2	308	181	12	1894	2751	3	292	8.33e-24	108	YP_007354522.1 serine-threonine kinase [Acanthamoeba polyphaga moumouvirus]
TRINITY_DN2046_c0_g1_i2	YP_010776489.1	29.7	306	174	13	1894	2745	3	289	2.67e-23	107	YP_010776489.1 putative serine/threonine protein kinase [Powai lake megavirus]
TRINITY_DN2046_c0_g1_i2	YP_010778841.1	29.6	291	185	9	1903	2760	2	277	7.24e-23	105	YP_010778841.1 serine/threonine protein kinase [Bodo saltans virus]
TRINITY_DN2046_c0_g1_i2	YP_004894687.1	29.7	306	174	13	1894	2745	6	292	9.42e-23	105	YP_004894687.1 serine-threonine kinase [Megavirus chiliensis]
TRINITY_DN2046_c0_g1_i2	YP_010789881.1	29.4	296	170	12	1927	2751	15	292	2.78e-22	104	YP_010789881.1 serine/threonine protein kinase [Moumouvirus australiensis]
TRINITY_DN2051_c0_g1_i4	YP_009513242.1	24.8	400	265	10	1537	353	759	1127	1.18e-21	103	YP_009513242.1 pol [Rhesus macaque simian foamy virus]
TRINITY_DN2051_c0_g1_i4	YP_009666126.1	27.0	285	197	6	1537	692	759	1035	2.06e-21	102	YP_009666126.1 pol protein [Guenon simian foamy virus]
TRINITY_DN2051_c0_g1_i4	YP_001956722.2	26.7	285	198	6	1537	692	759	1035	6.28e-21	101	YP_001956722.2 Pol precursor [African green monkey simian foamy virus]
TRINITY_DN2051_c0_g1_i4	YP_009508561.1	25.3	391	260	11	1537	374	756	1117	8.32e-21	100	YP_009508561.1 pol [Spider monkey simian foamy virus]
TRINITY_DN2051_c0_g1_i4	YP_009508556.1	24.2	393	262	10	1537	374	759	1120	1.10e-20	100	YP_009508556.1 pol protein [Japanese macaque simian foamy virus]
TRINITY_DN2051_c0_g1_i7	YP_009666308.1	27.8	461	299	10	1924	569	600	1035	3.43e-40	161	YP_009666308.1 Reverse Transcriptase, partial [Cladosporium fulvum T-1 virus]
TRINITY_DN2051_c0_g1_i7	YP_009666126.1	26.6	394	251	11	1399	236	759	1120	4.33e-22	105	YP_009666126.1 pol protein [Guenon simian foamy virus]
TRINITY_DN2051_c0_g1_i7	YP_001956722.2	26.1	402	259	11	1423	236	751	1120	1.32e-21	103	YP_001956722.2 Pol precursor [African green monkey simian foamy virus]
TRINITY_DN2051_c0_g1_i7	YP_009513242.1	25.9	394	254	10	1399	236	759	1120	2.31e-21	102	YP_009513242.1 pol [Rhesus macaque simian foamy virus]
TRINITY_DN2051_c0_g1_i7	YP_009508561.1	26.9	394	250	12	1399	236	756	1117	4.03e-21	102	YP_009508561.1 pol [Spider monkey simian foamy virus]
TRINITY_DN2051_c0_g2_i1	YP_009666308.1	33.7	427	280	3	1367	96	311	737	1.31e-72	263	YP_009666308.1 Reverse Transcriptase, partial [Cladosporium fulvum T-1 virus]
TRINITY_DN2051_c0_g2_i1	NP_127504.1	31.7	419	269	8	1310	87	1395	1807	2.49e-49	194	NP_127504.1 ORF I polyprotein [Petunia vein clearing virus]
TRINITY_DN2051_c0_g2_i1	YP_009506264.1	30.2	460	281	13	1379	93	1236	1686	6.09e-44	177	YP_009506264.1 polyprotein [Canna yellow mottle virus]
TRINITY_DN2051_c0_g2_i1	YP_010790446.1	30.2	454	281	13	1355	81	1523	1969	1.16e-43	176	YP_010790446.1 ORF3 [Dioscorea bacilliform virus]
TRINITY_DN2051_c0_g2_i1	YP_003208050.1	29.5	461	284	12	1379	93	1371	1822	1.52e-43	176	YP_003208050.1 putative polyprotein [Pelargonium vein banding virus]
TRINITY_DN2041_c3_g1_i5	YP_009302533.1	32.5	456	281	9	332	1696	6	435	8.78e-64	220	YP_009302533.1 UDP-glucose dehydrogenase [Bacillus phage SP-15]
TRINITY_DN2041_c3_g1_i5	YP_004324311.1	25.8	368	237	14	332	1411	6	345	3.82e-19	93.2	YP_004324311.1 UDP-glucose dehydrogenase [Synechococcus phage S-SSM7]
TRINITY_DN2041_c3_g1_i5	YP_009213692.1	27.0	278	180	8	332	1147	6	266	9.38e-16	82.8	YP_009213692.1 UDP-glucose dehydrogenase [Prochlorococcus phage P-TIM68]
TRINITY_DN2022_c2_g1_i9	YP_009448801.1	34.5	232	140	5	124	813	3	224	1.28e-31	133	YP_009448801.1 serine-threonine kinase [Orpheovirus IHUMI-LCC2]
TRINITY_DN2022_c2_g1_i9	YP_009448713.1	33.5	227	136	5	127	807	4	215	3.04e-28	122	YP_009448713.1 serine-threonine kinase [Orpheovirus IHUMI-LCC2]
TRINITY_DN2022_c2_g1_i9	YP_009448906.1	33.5	263	139	6	262	1008	49	289	9.60e-28	117	YP_009448906.1 Negative regulator of the PHO system [Orpheovirus IHUMI-LCC2]
TRINITY_DN2022_c2_g1_i9	YP_009448722.1	29.7	286	182	7	127	978	4	272	1.54e-26	118	YP_009448722.1 serine-threonine kinase [Orpheovirus IHUMI-LCC2]
TRINITY_DN2022_c2_g1_i9	YP_004894875.1	29.9	281	163	8	145	978	257	506	1.73e-21	102	YP_004894875.1 putative serine/threonine-protein kinase [Megavirus chiliensis]
TRINITY_DN89060_c3_g1_i1	YP_009665827.1	38.7	62	38	0	112	297	431	492	6.27e-07	48.9	YP_009665827.1 hypothetical protein CsmBV13.10 [Bracoviriform facetosae]
TRINITY_DN12632_c2_g1_i3	YP_803294.1	31.3	252	159	6	95	832	18	261	9.10e-25	104	YP_803294.1 FabG-like 3-oxoacyl-(acyl-carrier-protein) reductase [Trichoplusia ni ascovirus 2c]
TRINITY_DN4423_c0_g2_i5	NP_048132.1	25.9	410	272	9	1522	317	144	529	3.67e-24	111	NP_048132.1 Reverse transcriptase [Melanoplus sanguinipes entomopoxvirus]
TRINITY_DN4472_c1_g1_i11	YP_010803208.1	44.4	72	33	4	248	451	221	289	1.06e-08	57.4	YP_010803208.1 RING H2 subclass finger protein [Fadolivirus algeromassiliense]
TRINITY_DN4427_c0_g3_i6	YP_009507248.1	49.1	1056	489	17	1641	4778	1	1017	1.75e-315	971	YP_009507248.1 ORF B [Trichoplusia ni TED virus]
TRINITY_DN4427_c0_g3_i6	YP_009666308.1	40.0	423	246	5	9331	10593	321	737	1.27e-78	288	YP_009666308.1 Reverse Transcriptase, partial [Cladosporium fulvum T-1 virus]
TRINITY_DN4427_c0_g3_i6	YP_002519387.1	33.5	415	261	9	9376	10593	286	694	9.09e-56	212	YP_002519387.1 putative enzymatic polyprotein [Rudbeckia flower distortion virus]
TRINITY_DN4427_c0_g3_i6	NP_043933.1	33.1	414	269	5	2130	3353	291	702	1.37e-55	212	NP_043933.1 hypothetical protein [Strawberry vein banding virus]
TRINITY_DN4427_c0_g3_i6	YP_001931967.1	31.7	423	276	6	2115	3353	250	669	5.20e-53	203	YP_001931967.1 replicase [Eupatorium vein clearing virus]
TRINITY_DN4427_c0_g3_i7	YP_009507248.1	66.0	479	162	1	5903	7339	87	564	6.24e-216	684	YP_009507248.1 ORF B [Trichoplusia ni TED virus]
TRINITY_DN4427_c0_g3_i7	YP_009666308.1	40.0	423	246	5	6056	7318	321	737	7.48e-79	288	YP_009666308.1 Reverse Transcriptase, partial [Cladosporium fulvum T-1 virus]
TRINITY_DN4427_c0_g3_i7	YP_002519387.1	33.5	415	261	9	6101	7318	286	694	5.75e-56	212	YP_002519387.1 putative enzymatic polyprotein [Rudbeckia flower distortion virus]
TRINITY_DN4427_c0_g3_i7	NP_043933.1	31.2	414	277	5	6095	7318	291	702	5.06e-55	209	NP_043933.1 hypothetical protein [Strawberry vein banding virus]
TRINITY_DN4427_c0_g3_i7	YP_006607892.1	31.7	413	272	6	6101	7318	286	695	4.89e-53	203	YP_006607892.1 reverse transcriptase [Soybean Putnam virus]
TRINITY_DN4427_c0_g3_i9	YP_009507248.1	47.5	1035	508	10	1895	4993	1	1002	1.36e-306	947	YP_009507248.1 ORF B [Trichoplusia ni TED virus]
TRINITY_DN4427_c0_g3_i9	YP_009666308.1	40.0	423	246	5	9579	10841	321	737	1.31e-78	288	YP_009666308.1 Reverse Transcriptase, partial [Cladosporium fulvum T-1 virus]
TRINITY_DN4427_c0_g3_i9	YP_002519387.1	33.5	415	261	9	9624	10841	286	694	9.34e-56	212	YP_002519387.1 putative enzymatic polyprotein [Rudbeckia flower distortion virus]
TRINITY_DN4427_c0_g3_i9	NP_043933.1	31.9	414	274	5	2378	3601	291	702	1.41e-55	212	NP_043933.1 hypothetical protein [Strawberry vein banding virus]
TRINITY_DN4427_c0_g3_i9	YP_006607892.1	31.7	413	272	6	9624	10841	286	695	7.94e-53	203	YP_006607892.1 reverse transcriptase [Soybean Putnam virus]
TRINITY_DN4460_c2_g1_i7	YP_010780883.1	35.6	188	113	3	397	954	9	190	1.92e-25	105	YP_010780883.1 rab family small GTPase [Tupanvirus deep ocean]
TRINITY_DN4460_c2_g1_i7	YP_010782189.1	35.6	188	113	3	397	954	9	190	1.92e-25	105	YP_010782189.1 rab family small GTPase [Tupanvirus soda lake]
TRINITY_DN4460_c2_g1_i7	YP_010789044.1	27.9	172	107	4	397	891	7	168	2.21e-16	80.1	YP_010789044.1 rab-related GTPase [Megavirus baoshan]
TRINITY_DN4485_c0_g1_i30	YP_009448556.1	27.6	257	135	4	642	1412	22	227	4.31e-20	94.7	YP_009448556.1 G protein alpha subunit [Orpheovirus IHUMI-LCC2]
TRINITY_DN4403_c2_g1_i1	NP_570581.1	29.3	352	214	11	162	1187	56	382	1.97e-34	136	NP_570581.1 CMLV191 [Camelpox virus]
TRINITY_DN4403_c2_g1_i1	YP_009282884.1	31.2	349	205	13	162	1187	14	334	2.70e-34	135	YP_009282884.1 serpin [Skunkpox virus]
TRINITY_DN4403_c2_g1_i1	YP_010085859.1	29.3	352	214	11	162	1187	14	340	3.19e-34	135	YP_010085859.1 putative B14R protein [Orthopoxvirus Abatino]
TRINITY_DN4403_c2_g1_i1	YP_717508.1	29.3	348	219	11	162	1187	14	340	4.30e-34	134	YP_717508.1 SPI-2/CrmA IL-1 convertase [Taterapox virus]
TRINITY_DN4403_c2_g1_i1	NP_073534.1	28.8	365	210	13	135	1184	3	332	6.63e-34	134	NP_073534.1 149R protein [Yaba-like disease virus]
TRINITY_DN4403_c2_g1_i2	YP_009282884.1	32.1	349	202	13	186	1211	14	334	4.22e-36	137	YP_009282884.1 serpin [Skunkpox virus]
TRINITY_DN4403_c2_g1_i2	NP_073534.1	28.4	363	214	12	159	1208	3	332	7.68e-35	134	NP_073534.1 149R protein [Yaba-like disease virus]
TRINITY_DN4403_c2_g1_i2	NP_570581.1	29.0	352	215	11	186	1211	56	382	2.92e-34	134	NP_570581.1 CMLV191 [Camelpox virus]
TRINITY_DN4403_c2_g1_i2	YP_009143498.1	31.2	349	205	12	186	1211	14	334	4.22e-34	132	YP_009143498.1 Serpin [Raccoonpox virus]
TRINITY_DN4403_c2_g1_i2	YP_010085859.1	29.0	352	215	11	186	1211	14	340	4.97e-34	132	YP_010085859.1 putative B14R protein [Orthopoxvirus Abatino]
TRINITY_DN4403_c2_g1_i8	NP_051864.1	29.5	349	214	12	147	1178	8	329	9.89e-35	138	NP_051864.1 m151R [Myxoma virus]
TRINITY_DN4403_c2_g1_i8	YP_009282884.1	31.2	343	205	12	162	1172	14	331	7.73e-33	133	YP_009282884.1 serpin [Skunkpox virus]
TRINITY_DN4403_c2_g1_i8	NP_570581.1	29.7	347	211	11	162	1172	56	379	8.25e-33	134	NP_570581.1 CMLV191 [Camelpox virus]
TRINITY_DN4403_c2_g1_i8	YP_010085859.1	29.7	347	211	11	162	1172	14	337	1.24e-32	132	YP_010085859.1 putative B14R protein [Orthopoxvirus Abatino]
TRINITY_DN4403_c2_g1_i8	YP_717508.1	29.7	343	216	11	162	1172	14	337	1.64e-32	132	YP_717508.1 SPI-2/CrmA IL-1 convertase [Taterapox virus]
TRINITY_DN4491_c2_g1_i3	YP_010804837.1	57.3	164	63	3	104	580	2	163	3.67e-59	194	YP_010804837.1 DCMP deaminase [Acanthamoeba castellanii medusavirus]
TRINITY_DN4491_c2_g1_i3	YP_009165462.1	50.3	183	88	2	104	643	2	184	2.09e-55	186	YP_009165462.1 DCMP deaminase [Mollivirus sibericum]
TRINITY_DN4491_c2_g1_i3	YP_013612714.1	56.8	162	66	3	104	583	25	184	3.21e-55	184	YP_013612714.1 putative deoxycytidylate deaminase [Cedratvirus lausannensis]
TRINITY_DN4491_c2_g1_i3	YP_009329257.1	56.8	162	66	3	104	583	24	183	4.38e-55	184	YP_009329257.1 dCMP deaminase [Cedratvirus A11]
TRINITY_DN4491_c2_g1_i3	YP_013612361.1	55.2	165	70	3	95	583	42	204	1.73e-54	183	YP_013612361.1 Deoxycytidylate deaminase [Brazilian cedratvirus IHUMI]
TRINITY_DN4436_c0_g1_i17	NP_671571.1	27.6	98	68	1	246	530	4	101	2.97e-07	52.0	NP_671571.1 glutaredoxin [Ectromelia virus]
TRINITY_DN4436_c0_g1_i17	YP_010085738.1	26.5	98	69	1	246	530	4	101	4.05e-07	51.6	YP_010085738.1 putative O2L protein [Orthopoxvirus Abatino]
TRINITY_DN4436_c0_g1_i17	YP_232951.1	26.5	98	69	1	246	530	4	101	7.54e-07	50.8	YP_232951.1 nonessential glutaredoxin [Orthopoxvirus vaccinia]
TRINITY_DN4436_c0_g1_i17	NP_570457.1	26.5	98	69	1	246	530	4	101	7.54e-07	50.8	NP_570457.1 glutaredoxin [Camelpox virus]
TRINITY_DN4436_c0_g1_i17	YP_010509279.1	26.5	98	69	1	246	530	4	101	7.54e-07	50.8	YP_010509279.1 Glutaredoxin-1 [Horsepox virus]
TRINITY_DN4407_c0_g3_i3	YP_010087614.1	26.1	306	193	10	846	1	1314	1610	2.73e-15	84.7	YP_010087614.1 polyprotein [Polyscias mosaic virus]
TRINITY_DN4407_c0_g3_i3	YP_003284237.1	26.1	314	190	10	849	7	1030	1334	1.36e-14	82.4	YP_003284237.1 ORF3 protein [Sugarcane bacilliform Guadeloupe D virus]
TRINITY_DN4407_c0_g3_i3	YP_009552737.1	23.0	322	195	11	849	4	1206	1514	2.38e-14	81.6	YP_009552737.1 polyprotein [Birch leaf roll-associated virus]
TRINITY_DN4407_c0_g3_i3	YP_009259698.1	33.8	151	87	4	420	7	1104	1254	1.17e-13	79.3	YP_009259698.1 polyprotein [Canna yellow mottle associated virus]
TRINITY_DN4407_c0_g3_i3	YP_224289.1	24.0	312	201	9	849	4	1094	1399	2.71e-13	78.2	YP_224289.1 ORF III polyprotein [Banana streak MY virus]
TRINITY_DN40949_c0_g1_i1	YP_001111235.1	58.4	89	37	0	12	278	1	89	1.44e-25	99.0	YP_001111235.1 DNA binding protein [Burkholderia phage phiE255]
TRINITY_DN40949_c0_g1_i1	YP_024677.1	57.3	89	38	0	12	278	1	89	7.96e-25	97.1	YP_024677.1 DNA binding protein [Burkholderia phage BcepMu]
TRINITY_DN40949_c0_g1_i1	YP_001429759.1	53.9	89	41	0	12	278	22	110	1.30e-21	89.4	YP_001429759.1 DNA binding protein [Bacillus phage 0305phi8-36]
TRINITY_DN40949_c0_g1_i1	YP_002221439.1	47.8	90	47	0	12	281	1	90	1.18e-19	83.6	YP_002221439.1 DNA binding protein [Burkholderia phage KS10]
TRINITY_DN40949_c0_g1_i1	YP_010299075.1	45.6	90	49	0	12	281	1	90	3.47e-18	79.7	YP_010299075.1 DNA binding protein [Pseudomonas phage YMC12/01/R24]
TRINITY_DN77980_c0_g1_i2	YP_009449315.1	35.1	259	150	8	319	1077	1	247	1.03e-31	130	YP_009449315.1 serine-threonine kinase [Orpheovirus IHUMI-LCC2]
TRINITY_DN77980_c0_g1_i2	YP_010789473.1	30.3	284	172	10	337	1161	261	527	5.76e-30	126	YP_010789473.1 cyclin-dependent serine/threonine protein kinase [Moumouvirus australiensis]
TRINITY_DN77980_c0_g1_i2	YP_009448911.1	32.5	249	150	6	469	1188	42	281	8.23e-30	121	YP_009448911.1 Negative regulator of the PHO system [Orpheovirus IHUMI-LCC2]
TRINITY_DN77980_c0_g1_i2	YP_010790051.1	30.7	293	182	7	310	1161	247	527	2.58e-29	124	YP_010790051.1 kinase [Moumouvirus australiensis]
TRINITY_DN77980_c0_g1_i2	YP_004894865.1	29.5	298	186	8	337	1188	264	551	5.43e-29	123	YP_004894865.1 putative serine/threonine-protein kinase [Megavirus chiliensis]
TRINITY_DN79630_c0_g1_i2	YP_002854714.1	56.2	153	65	2	126	581	2	153	6.94e-56	179	YP_002854714.1 sod [Euproctis pseudoconspersa nucleopolyhedrovirus]
TRINITY_DN79630_c0_g1_i2	YP_001651015.1	57.7	149	61	2	126	569	2	149	4.78e-55	176	YP_001651015.1 superoxide dismutase [Orgyia leucostigma nucleopolyhedrovirus]
TRINITY_DN79630_c0_g1_i2	YP_010800143.1	54.2	153	68	2	126	581	2	153	1.24e-54	175	YP_010800143.1 sod [Euproctis digramma nucleopolyhedrovirus]
TRINITY_DN79630_c0_g1_i2	YP_009666643.1	55.7	149	64	2	126	569	2	149	3.51e-54	174	YP_009666643.1 sod [Oxyplax ochracea nucleopolyhedrovirus]
TRINITY_DN79630_c0_g1_i2	YP_008004361.1	57.7	149	61	2	126	569	2	149	6.61e-54	173	YP_008004361.1 superoxide dismutase precursor [Choristoneura biennis entomopoxvirus]
TRINITY_DN14750_c1_g1_i5	YP_010803822.1	35.6	160	95	4	545	1015	412	566	7.15e-22	102	YP_010803822.1 bifunctional polyADP-ribose polymerase and ubiquitin-conjugating enzyme E2 domain protein [Fadolivirus algeromassiliense]
TRINITY_DN14799_c0_g1_i2	YP_010789984.1	40.7	54	32	0	88	249	21	74	8.40e-08	53.1	YP_010789984.1 B5-like protein [Moumouvirus australiensis]
TRINITY_DN14799_c0_g1_i2	YP_010779294.1	38.9	54	33	0	88	249	58	111	5.64e-07	52.0	YP_010779294.1 B5-like protein [Moumouvirus goulette]
TRINITY_DN14799_c0_g1_i2	YP_007354627.1	38.9	54	33	0	88	249	57	110	3.56e-06	49.7	YP_007354627.1 cytochrome b5-like protein [Acanthamoeba polyphaga moumouvirus]
TRINITY_DN14799_c0_g1_i2	YP_010776601.1	37.0	54	34	0	88	249	47	100	5.48e-06	48.9	YP_010776601.1 hypothetical protein QJ849_gp688 [Powai lake megavirus]
TRINITY_DN14799_c0_g1_i9	YP_013611373.1	43.9	82	43	1	722	967	6	84	7.09e-14	73.6	YP_013611373.1 hypothetical protein YASMINEVIRUS_1018 [Yasminevirus sp. GU-2018]
TRINITY_DN14799_c0_g1_i9	YP_010802999.1	35.0	80	45	2	719	949	8	83	7.68e-08	53.9	YP_010802999.1 cytochrome b5-like protein [Fadolivirus algeromassiliense]
TRINITY_DN73195_c0_g1_i2	NP_659397.1	29.7	165	111	2	1174	1656	256	419	3.39e-17	88.6	NP_659397.1 hypothetical protein [Mirabilis mosaic virus]
TRINITY_DN73195_c0_g1_i2	YP_006732334.1	28.5	165	113	2	1174	1656	278	441	1.23e-16	86.7	YP_006732334.1 polyprotein [Dahlia mosaic virus]
TRINITY_DN73195_c0_g1_i2	YP_009666308.1	25.6	234	167	3	1027	1707	283	516	3.98e-15	82.4	YP_009666308.1 Reverse Transcriptase, partial [Cladosporium fulvum T-1 virus]
TRINITY_DN73195_c0_g2_i3	YP_009507248.1	35.3	476	297	5	2406	1006	84	557	1.40e-85	300	YP_009507248.1 ORF B [Trichoplusia ni TED virus]
TRINITY_DN73195_c0_g2_i3	YP_009666308.1	28.0	767	503	15	2346	112	281	1020	3.13e-77	276	YP_009666308.1 Reverse Transcriptase, partial [Cladosporium fulvum T-1 virus]
TRINITY_DN73195_c0_g2_i3	NP_659397.1	28.0	407	282	5	2196	1006	258	663	1.87e-42	169	NP_659397.1 hypothetical protein [Mirabilis mosaic virus]
TRINITY_DN73195_c0_g2_i3	NP_127504.1	29.7	407	270	8	2196	1006	1404	1804	6.01e-41	167	NP_127504.1 ORF I polyprotein [Petunia vein clearing virus]
TRINITY_DN73195_c0_g2_i3	YP_009553045.1	29.0	428	272	11	2211	1006	1273	1694	3.83e-37	155	YP_009553045.1 ORF3 polyprotein [Cacao swollen shoot Ghana R virus]
TRINITY_DN1033_c0_g2_i1	YP_010803610.1	28.3	501	305	15	363	1811	5	469	2.93e-43	168	YP_010803610.1 deoxyribodipyrimidine photolyase [Fadolivirus algeromassiliense]
TRINITY_DN1033_c0_g2_i1	YP_013610725.1	28.5	459	283	16	360	1688	2	431	3.01e-36	147	YP_013610725.1 deoxyribodipyrimidine photolyase [Yasminevirus sp. GU-2018]
TRINITY_DN1033_c0_g2_i1	YP_003969747.1	25.7	456	289	12	381	1685	7	433	3.81e-33	138	YP_003969747.1 putative CPD class I photolyase [Cafeteria roenbergensis virus BV-PW1]
TRINITY_DN1033_c0_g2_i1	YP_009352817.1	26.6	488	317	16	381	1823	8	461	6.43e-31	131	YP_009352817.1 Deoxyribodipyrimidine photolyase [Kaumoebavirus]
TRINITY_DN1085_c0_g1_i7	YP_010803051.1	30.6	258	155	9	2288	3007	15	266	1.19e-22	105	YP_010803051.1 serine/threonine-protein kinase [Fadolivirus algeromassiliense]
TRINITY_DN1085_c0_g1_i7	YP_013611601.1	30.2	275	170	10	2219	3007	39	303	3.67e-22	106	YP_013611601.1 serine/threonine protein kinase [Yasminevirus sp. GU-2018]
TRINITY_DN1085_c0_g1_i7	YP_001036296.1	28.3	205	128	5	2303	2908	37	225	3.78e-22	101	YP_001036296.1 protein kinase 1 [Spodoptera frugiperda multiple nucleopolyhedrovirus]
TRINITY_DN1085_c0_g1_i7	YP_010804552.1	31.6	228	143	6	2270	2932	825	1046	3.71e-20	101	YP_010804552.1 Ser/Thr protein kinase [Acanthamoeba castellanii medusavirus]
TRINITY_DN1085_c0_g1_i7	YP_010778841.1	28.3	258	162	7	2267	2983	1	254	8.30e-20	96.7	YP_010778841.1 serine/threonine protein kinase [Bodo saltans virus]
TRINITY_DN1057_c0_g1_i28	YP_008438378.1	32.5	126	73	4	1071	1442	155	270	4.16e-06	53.5	YP_008438378.1 WD40-repeat-containing protein [Pandoravirus salinus]
TRINITY_DN1057_c0_g1_i28	YP_009483610.1	31.2	125	74	4	1074	1442	156	270	4.16e-06	53.5	YP_009483610.1 WD40-repeat containing protein [Pandoravirus quercus]
TRINITY_DN1079_c0_g2_i1	NP_598374.1	52.3	132	60	2	97	483	1	132	3.39e-35	123	NP_598374.1 ubiquitin-like protein [Murine osteosarcoma virus]
TRINITY_DN1075_c0_g1_i4	YP_009177047.1	37.0	243	149	3	412	1137	61	300	6.34e-47	170	YP_009177047.1 GNS1/SUR4-like protein [Turkeypox virus]
TRINITY_DN1075_c0_g1_i4	YP_009447965.1	37.5	251	147	4	412	1161	20	261	1.41e-46	168	YP_009447965.1 GNS1/SUR4 [Flamingopox virus FGPVKD09]
TRINITY_DN1075_c0_g1_i4	NP_039011.1	36.7	237	146	3	412	1119	20	253	3.76e-46	167	NP_039011.1 GNS1/SUR4 protein [Fowlpox virus]
TRINITY_DN1075_c0_g1_i4	YP_009046285.1	37.1	251	148	4	412	1161	20	261	7.22e-46	166	YP_009046285.1 GNS1/SUR4 [Pigeonpox virus]
TRINITY_DN1075_c0_g1_i4	YP_009046048.1	36.7	251	149	4	412	1161	20	261	2.66e-45	164	YP_009046048.1 GNS1/SUR4 [Penguinpox virus]
TRINITY_DN1018_c7_g1_i3	YP_009052252.1	52.9	263	118	2	140	910	37	299	3.10e-93	300	YP_009052252.1 NinI-like serine-threonine phosphatase [Aureococcus anophagefferens virus]
TRINITY_DN1018_c7_g1_i3	YP_010778752.1	32.8	250	138	7	194	859	91	338	1.05e-29	125	YP_010778752.1 serine/threonine-protein phosphatase [Bodo saltans virus]
TRINITY_DN1018_c7_g1_i3	YP_010778827.1	30.4	253	133	8	200	856	235	478	1.06e-25	115	YP_010778827.1 serine/threonine-protein phosphatase [Bodo saltans virus]
TRINITY_DN1018_c7_g1_i8	YP_009052252.1	50.0	162	76	1	67	537	138	299	4.79e-55	180	YP_009052252.1 NinI-like serine-threonine phosphatase [Aureococcus anophagefferens virus]
TRINITY_DN1021_c0_g1_i8	YP_009507534.1	32.5	166	95	4	3647	4123	53	208	8.81e-18	88.2	YP_009507534.1 putative ribonuclease III [Heterosigma akashiwo virus 01]
TRINITY_DN1021_c0_g1_i8	YP_010780480.1	29.9	187	121	3	3647	4195	351	531	2.69e-15	84.7	YP_010780480.1 putative ribonuclease 3 [Tupanvirus deep ocean]
TRINITY_DN1021_c0_g1_i8	YP_010781770.1	29.9	187	121	3	3647	4195	351	531	2.69e-15	84.7	YP_010781770.1 putative ribonuclease 3 [Tupanvirus soda lake]
TRINITY_DN1021_c0_g1_i8	YP_007354453.1	27.7	188	124	3	3647	4195	340	520	8.80e-13	76.6	YP_007354453.1 ribonuclease III [Acanthamoeba polyphaga moumouvirus]
TRINITY_DN1021_c0_g1_i8	YP_010779491.1	28.2	188	123	3	3647	4195	342	522	2.04e-12	75.5	YP_010779491.1 hypothetical protein QJ854_gp526 [Moumouvirus goulette]
TRINITY_DN38071_c0_g1_i14	YP_010780883.1	38.1	197	110	3	125	715	7	191	1.47e-36	138	YP_010780883.1 rab family small GTPase [Tupanvirus deep ocean]
TRINITY_DN38071_c0_g1_i14	YP_013611720.1	38.7	181	109	2	125	667	11	189	4.50e-36	137	YP_013611720.1 Ras-related protein Rab-1A [Yasminevirus sp. GU-2018]
TRINITY_DN38071_c0_g1_i14	YP_010782189.1	41.9	167	94	2	125	625	7	170	6.63e-35	134	YP_010782189.1 rab family small GTPase [Tupanvirus soda lake]
TRINITY_DN38071_c0_g1_i14	YP_013611121.1	38.7	168	97	2	125	628	22	183	7.81e-32	126	YP_013611121.1 hypothetical protein YASMINEVIRUS_766 [Yasminevirus sp. GU-2018]
TRINITY_DN38071_c0_g1_i14	YP_010778822.1	39.6	159	91	3	125	601	3	156	4.17e-30	120	YP_010778822.1 rab domain-containing protein [Bodo saltans virus]
TRINITY_DN38071_c0_g1_i4	YP_013611720.1	45.3	75	40	1	83	307	64	137	4.16e-13	68.9	YP_013611720.1 Ras-related protein Rab-1A [Yasminevirus sp. GU-2018]
TRINITY_DN38071_c0_g1_i4	YP_010778822.1	40.0	75	41	2	83	307	56	126	7.17e-12	65.5	YP_010778822.1 rab domain-containing protein [Bodo saltans virus]
TRINITY_DN10939_c0_g1_i5	YP_009666148.1	54.7	373	167	2	180	1295	8	379	5.68e-146	426	YP_009666148.1 hypothetical protein FLA14_p101 [Diachasmimorpha longicaudata entomopoxvirus]
TRINITY_DN10939_c0_g1_i5	YP_010796805.1	54.7	373	167	2	180	1295	8	379	5.68e-146	426	YP_010796805.1 putative RNA helicase [Diachasmimorpha longicaudata entomopoxvirus]
TRINITY_DN10939_c0_g1_i5	YP_009173589.1	48.8	385	195	2	126	1274	7	391	1.12e-126	378	YP_009173589.1 Helicase 45 [Chrysochromulina ericina virus]
TRINITY_DN10939_c0_g1_i5	YP_010803108.1	47.4	388	203	1	135	1295	6	393	8.14e-126	375	YP_010803108.1 ATP-dependent RNA helicase DEAD-box [Fadolivirus algeromassiliense]
TRINITY_DN10939_c0_g1_i5	YP_003970003.1	40.3	375	220	2	180	1295	10	383	2.69e-104	320	YP_003970003.1 putative superfamily II helicase/eIF-4AIII [Cafeteria roenbergensis virus BV-PW1]
TRINITY_DN71958_c0_g1_i3	YP_010796784.1	25.3	399	236	13	514	1698	20	360	4.14e-22	104	YP_010796784.1 putative gamma-glutamyl transpeptidase [Diachasmimorpha longicaudata entomopoxvirus]
TRINITY_DN71958_c0_g1_i3	YP_009666161.1	25.2	361	209	12	625	1698	1	303	4.54e-18	91.7	YP_009666161.1 hypothetical protein FLA14_p501 [Diachasmimorpha longicaudata entomopoxvirus]
TRINITY_DN3073_c0_g1_i11	YP_010803051.1	27.0	296	167	11	565	1407	17	278	5.40e-23	106	YP_010803051.1 serine/threonine-protein kinase [Fadolivirus algeromassiliense]
TRINITY_DN3073_c0_g1_i11	NP_077596.1	27.3	362	171	14	556	1452	9	341	2.18e-22	105	NP_077596.1 serine-threonine kinase [Ectocarpus siliculosus virus 1]
TRINITY_DN3073_c0_g1_i11	YP_013610990.1	31.3	214	125	7	556	1185	21	216	6.79e-22	100	YP_013610990.1 hypothetical protein YASMINEVIRUS_635 [Yasminevirus sp. GU-2018]
TRINITY_DN3073_c0_g1_i11	YP_002154675.1	23.3	417	234	12	559	1668	9	386	1.21e-21	102	YP_002154675.1 serine-threonine kinase [Feldmannia species virus]
TRINITY_DN3073_c0_g1_i11	YP_009665657.1	25.6	312	171	9	559	1404	9	289	9.39e-18	90.5	YP_009665657.1 serine-threonine kinase [Feldmannia irregularis virus a]
TRINITY_DN3095_c0_g1_i4	YP_010800843.1	35.8	179	102	3	478	1008	19	186	3.25e-28	115	YP_010800843.1 Maph125 [Matsumuraeses phaseoli granulovirus]
TRINITY_DN3072_c1_g1_i7	YP_073558.1	32.3	127	83	2	400	23	130	254	2.57e-11	68.2	YP_073558.1 RNA-dependent DNA polymerase [lymphocystis disease virus-China]
TRINITY_DN3009_c0_g1_i6	YP_009481583.1	34.4	96	60	1	133	420	1009	1101	2.75e-10	62.0	YP_009481583.1 serine-threonine kinase [Pandoravirus macleodensis]
TRINITY_DN3009_c0_g1_i6	YP_009345532.1	35.4	96	53	2	133	420	870	956	9.09e-10	60.5	YP_009345532.1 serine-threonine kinase [Noumeavirus]
TRINITY_DN3009_c0_g1_i6	YP_008319984.2	35.7	98	57	3	133	420	1083	1176	1.26e-09	60.1	YP_008319984.2 serine-threonine kinase [Pandoravirus dulcis]
TRINITY_DN3009_c0_g1_i6	YP_009482569.1	34.4	96	60	1	133	420	998	1090	2.30e-09	59.3	YP_009482569.1 serine-threonine kinase [Pandoravirus neocaledonia]
TRINITY_DN3009_c0_g1_i6	YP_008437740.2	41.2	97	48	4	133	420	951	1039	5.68e-09	58.2	YP_008437740.2 serine-threonine kinase [Pandoravirus salinus]
TRINITY_DN3009_c0_g1_i8	YP_009345532.1	27.7	296	165	11	1005	1874	756	1008	3.06e-20	101	YP_009345532.1 serine-threonine kinase [Noumeavirus]
TRINITY_DN3009_c0_g1_i8	YP_009238627.1	26.9	305	174	11	1005	1901	755	1016	5.23e-18	94.4	YP_009238627.1 serine-threonine kinase [Brazilian marseillevirus]
TRINITY_DN3009_c0_g1_i8	YP_009507230.1	24.6	305	181	8	1005	1901	934	1195	6.13e-15	84.3	YP_009507230.1 serine-threonine kinase [Tunisvirus fontaine2]
TRINITY_DN3009_c0_g1_i8	YP_009481583.1	26.5	219	134	5	1032	1661	901	1101	7.16e-14	80.9	YP_009481583.1 serine-threonine kinase [Pandoravirus macleodensis]
TRINITY_DN3009_c0_g1_i8	YP_009482569.1	26.5	219	134	5	1032	1661	890	1090	2.76e-13	79.0	YP_009482569.1 serine-threonine kinase [Pandoravirus neocaledonia]
TRINITY_DN3015_c0_g4_i1	YP_009015740.1	54.3	35	16	0	134	30	8	42	6.92e-07	48.1	YP_009015740.1 gp437 [Bacillus phage G]
TRINITY_DN3030_c0_g1_i17	YP_010803251.1	28.7	157	89	3	651	1055	40	195	7.76e-11	67.4	YP_010803251.1 peptidase C19 ubiquitin carboxyl-terminal hydrolase [Fadolivirus algeromassiliense]
TRINITY_DN3030_c0_g1_i17	YP_009173615.1	31.0	129	74	4	648	1022	19	136	8.95e-07	54.3	YP_009173615.1 ubiquitin specific peptidase C19 [Chrysochromulina ericina virus]
TRINITY_DN3026_c2_g1_i1	YP_003969714.1	37.6	133	72	3	407	790	37	163	4.39e-22	95.5	YP_003969714.1 putative ubiquitin-conjugating enzyme E2 [Cafeteria roenbergensis virus BV-PW1]
TRINITY_DN3026_c2_g1_i1	YP_010782590.1	32.9	146	88	3	377	784	26	171	3.12e-19	92.0	YP_010782590.1 putative ubiquitin-conjugating enzyme E2 [Tupanvirus soda lake]
TRINITY_DN3026_c2_g1_i1	YP_010781206.1	30.4	161	100	4	332	784	13	171	1.05e-18	90.1	YP_010781206.1 putative ubiquitin-conjugating enzyme E2 [Tupanvirus deep ocean]
TRINITY_DN3026_c2_g1_i1	YP_004894311.1	30.2	139	88	2	389	778	29	167	5.77e-18	88.6	YP_004894311.1 putative ubiquitin-conjugating enzyme E2 [Megavirus chiliensis]
TRINITY_DN3026_c2_g1_i1	YP_010789096.1	30.2	139	88	2	389	778	29	167	5.79e-18	88.2	YP_010789096.1 ubiquitin-conjugating enzyme E2 [Megavirus baoshan]
TRINITY_DN3057_c0_g1_i14	YP_001497584.1	21.7	263	173	6	5813	6556	21	265	3.88e-13	75.5	YP_001497584.1 hypothetical protein NY2A_B388L [Paramecium bursaria Chlorella virus NY2A]
TRINITY_DN3057_c0_g1_i14	YP_013022811.1	29.8	215	128	7	5789	6388	1302	1508	4.15e-13	79.3	YP_013022811.1 serine/Threonine-protein kinase with PBP type 2 domain [Cedratvirus kamchatka]
TRINITY_DN3057_c0_g1_i14	YP_013612310.1	28.8	215	130	7	5789	6388	1313	1519	2.74e-12	76.6	YP_013612310.1 Serine/Threonine-protein kinase [Brazilian cedratvirus IHUMI]
TRINITY_DN3057_c0_g1_i14	YP_009011068.1	25.4	205	139	7	5957	6556	76	271	2.66e-11	70.1	YP_009011068.1 pk1 [Mamestra brassicae multiple nucleopolyhedrovirus]
TRINITY_DN3057_c0_g1_i14	NP_689178.1	25.4	205	139	7	5957	6556	76	271	2.66e-11	70.1	NP_689178.1 putative protein kinase [Mamestra configurata nucleopolyhedrovirus B]
TRINITY_DN3057_c0_g1_i19	YP_010781034.1	26.1	268	181	7	6885	7658	10	270	6.22e-19	95.9	YP_010781034.1 putative SNF1-related protein kinase catalytic subunit alpha KIN11-like [Tupanvirus deep ocean]
TRINITY_DN3057_c0_g1_i19	YP_010782412.1	25.5	267	181	7	6885	7655	10	268	3.59e-15	84.7	YP_010782412.1 hypothetical protein QJ857_gp0295 [Tupanvirus soda lake]
TRINITY_DN3057_c0_g1_i19	YP_001497584.1	21.7	263	173	6	4770	5513	21	265	4.38e-13	75.5	YP_001497584.1 hypothetical protein NY2A_B388L [Paramecium bursaria Chlorella virus NY2A]
TRINITY_DN3057_c0_g1_i19	YP_013022811.1	29.8	215	128	7	4746	5345	1302	1508	4.73e-13	79.3	YP_013022811.1 serine/Threonine-protein kinase with PBP type 2 domain [Cedratvirus kamchatka]
TRINITY_DN3057_c0_g1_i19	YP_010803051.1	23.6	275	188	7	6903	7676	15	284	1.48e-12	75.9	YP_010803051.1 serine/threonine-protein kinase [Fadolivirus algeromassiliense]
TRINITY_DN3057_c0_g1_i3	YP_010781034.1	26.1	268	181	7	8723	9496	10	270	7.64e-19	95.9	YP_010781034.1 putative SNF1-related protein kinase catalytic subunit alpha KIN11-like [Tupanvirus deep ocean]
TRINITY_DN3057_c0_g1_i3	YP_010782412.1	25.5	267	181	7	8723	9493	10	268	4.42e-15	84.7	YP_010782412.1 hypothetical protein QJ857_gp0295 [Tupanvirus soda lake]
TRINITY_DN3057_c0_g1_i3	YP_001497584.1	21.7	263	173	6	6608	7351	21	265	5.35e-13	75.5	YP_001497584.1 hypothetical protein NY2A_B388L [Paramecium bursaria Chlorella virus NY2A]
TRINITY_DN3057_c0_g1_i3	YP_013022811.1	29.8	215	128	7	6584	7183	1302	1508	5.82e-13	79.3	YP_013022811.1 serine/Threonine-protein kinase with PBP type 2 domain [Cedratvirus kamchatka]
TRINITY_DN3057_c0_g1_i3	YP_010803051.1	23.6	275	188	7	8741	9514	15	284	1.81e-12	75.9	YP_010803051.1 serine/threonine-protein kinase [Fadolivirus algeromassiliense]
TRINITY_DN3059_c0_g1_i14	YP_009173627.1	56.3	48	21	0	2096	2239	2	49	3.98e-07	57.4	YP_009173627.1 Hsp70 protein [Chrysochromulina ericina virus]
TRINITY_DN3059_c0_g1_i14	YP_010778094.1	64.1	39	14	0	2120	2236	6	44	6.11e-07	54.3	YP_010778094.1 putative DnaK/HSP70-like protein [Bodo saltans virus]
TRINITY_DN3059_c0_g1_i14	YP_013611657.1	56.8	44	19	0	2108	2239	4	47	1.21e-06	53.5	YP_013611657.1 heat shock-like protein [Yasminevirus sp. GU-2018]
TRINITY_DN3059_c0_g1_i14	YP_007354398.1	60.0	40	16	0	2120	2239	6	45	1.54e-06	53.1	YP_007354398.1 HSP70-like protein [Acanthamoeba polyphaga moumouvirus]
TRINITY_DN3059_c0_g1_i14	YP_010780597.1	54.5	44	20	0	2108	2239	3	46	2.70e-06	52.4	YP_010780597.1 putative heat shock 70 kDa protein [Tupanvirus deep ocean]
TRINITY_DN3059_c0_g1_i22	YP_009173627.1	56.3	48	21	0	551	694	2	49	2.64e-08	57.0	YP_009173627.1 Hsp70 protein [Chrysochromulina ericina virus]
TRINITY_DN3059_c0_g1_i22	YP_010778094.1	64.1	39	14	0	575	691	6	44	9.76e-08	53.9	YP_010778094.1 putative DnaK/HSP70-like protein [Bodo saltans virus]
TRINITY_DN3059_c0_g1_i22	YP_013611657.1	56.8	44	19	0	563	694	4	47	1.94e-07	53.1	YP_013611657.1 heat shock-like protein [Yasminevirus sp. GU-2018]
TRINITY_DN3059_c0_g1_i22	YP_007354398.1	60.0	40	16	0	575	694	6	45	2.54e-07	52.8	YP_007354398.1 HSP70-like protein [Acanthamoeba polyphaga moumouvirus]
TRINITY_DN3059_c0_g1_i22	YP_003970036.1	59.1	44	18	0	560	691	3	46	3.78e-07	53.5	YP_003970036.1 putative DnaK/Hsp70 [Cafeteria roenbergensis virus BV-PW1]
TRINITY_DN3059_c0_g1_i26	YP_013611657.1	52.3	155	71	2	130	588	4	157	7.55e-44	149	YP_013611657.1 heat shock-like protein [Yasminevirus sp. GU-2018]
TRINITY_DN3059_c0_g1_i26	YP_010803277.1	51.6	153	70	2	139	588	7	158	1.90e-43	147	YP_010803277.1 Hsp70 protein [Fadolivirus algeromassiliense]
TRINITY_DN3059_c0_g1_i26	YP_010779557.1	52.0	152	68	3	142	588	6	155	1.81e-42	145	YP_010779557.1 hypothetical protein QJ854_gp460 [Moumouvirus goulette]
TRINITY_DN3059_c0_g1_i26	YP_007354398.1	50.7	152	70	3	142	588	6	155	8.56e-42	143	YP_007354398.1 HSP70-like protein [Acanthamoeba polyphaga moumouvirus]
TRINITY_DN3059_c0_g1_i26	YP_010781892.1	51.0	155	73	2	130	588	3	156	2.22e-41	142	YP_010781892.1 putative heat shock 70 kDa protein [Tupanvirus soda lake]
TRINITY_DN3059_c0_g1_i28	YP_004061438.1	49.7	589	277	7	299	2032	5	585	7.86e-179	533	YP_004061438.1 hypothetical protein BpV1_008c [Bathycoccus sp. RCC1105 virus BpV1]
TRINITY_DN3059_c0_g1_i28	YP_009173627.1	51.0	586	267	10	275	1990	2	581	4.94e-178	532	YP_009173627.1 Hsp70 protein [Chrysochromulina ericina virus]
TRINITY_DN3059_c0_g1_i28	YP_007676312.1	52.3	547	245	7	299	1906	5	546	9.05e-176	525	YP_007676312.1 heat shock protein 70 [Micromonas pusilla virus 12T]
TRINITY_DN3059_c0_g1_i28	YP_003970036.1	48.5	633	288	13	284	2116	3	619	1.24e-173	520	YP_003970036.1 putative DnaK/Hsp70 [Cafeteria roenbergensis virus BV-PW1]
TRINITY_DN3059_c0_g1_i28	YP_010777306.1	50.2	546	257	7	299	1906	7	547	4.91e-172	515	YP_010777306.1 HSP70 [Acanthamoeba polyphaga mimivirus]
TRINITY_DN81581_c1_g1_i1	YP_009165693.1	43.1	65	32	1	109	303	15	74	5.53e-10	57.8	YP_009165693.1 VP80 [Perigonia lusca single nucleopolyhedrovirus]
TRINITY_DN81581_c1_g1_i1	YP_010805530.1	42.1	57	33	0	100	270	11	67	2.60e-09	55.8	YP_010805530.1 vp80 [Erannis ankeraria nucleopolyhedrovirus]
TRINITY_DN81581_c1_g1_i1	YP_717628.1	45.1	51	28	0	136	288	3	53	4.85e-09	55.1	YP_717628.1 P87/VP80 [Clanis bilineata nucleopolyhedrovirus]
TRINITY_DN81581_c1_g1_i1	YP_008378308.1	37.9	58	36	0	97	270	1	58	4.87e-09	55.1	YP_008378308.1 vp80 [Hemileuca sp. nucleopolyhedrovirus]
TRINITY_DN81581_c1_g1_i1	YP_009186778.1	43.1	58	28	1	97	270	10	62	1.69e-08	53.5	YP_009186778.1 vp80 [Sucra jujuba nucleopolyhedrovirus]
TRINITY_DN25253_c0_g1_i10	YP_009052252.1	35.7	280	155	7	296	1117	34	294	5.55e-54	188	YP_009052252.1 NinI-like serine-threonine phosphatase [Aureococcus anophagefferens virus]
TRINITY_DN25253_c0_g1_i10	YP_010778827.1	28.2	294	154	10	338	1111	223	495	4.39e-18	90.9	YP_010778827.1 serine/threonine-protein phosphatase [Bodo saltans virus]
TRINITY_DN25253_c0_g1_i13	YP_009052252.1	35.7	280	155	7	296	1117	34	294	5.50e-52	188	YP_009052252.1 NinI-like serine-threonine phosphatase [Aureococcus anophagefferens virus]
TRINITY_DN25253_c0_g1_i13	YP_010778827.1	28.2	294	154	10	338	1111	223	495	1.65e-17	90.9	YP_010778827.1 serine/threonine-protein phosphatase [Bodo saltans virus]
TRINITY_DN25253_c0_g1_i17	YP_009052252.1	35.7	280	155	7	296	1117	34	294	5.55e-52	188	YP_009052252.1 NinI-like serine-threonine phosphatase [Aureococcus anophagefferens virus]
TRINITY_DN25253_c0_g1_i17	YP_010778827.1	28.2	294	154	10	338	1111	223	495	1.67e-17	90.9	YP_010778827.1 serine/threonine-protein phosphatase [Bodo saltans virus]
TRINITY_DN25253_c0_g1_i3	YP_009052252.1	37.1	159	94	2	296	754	34	192	1.96e-32	125	YP_009052252.1 NinI-like serine-threonine phosphatase [Aureococcus anophagefferens virus]
TRINITY_DN25253_c0_g1_i3	YP_010778827.1	31.5	149	73	5	338	712	223	366	1.49e-11	68.6	YP_010778827.1 serine/threonine-protein phosphatase [Bodo saltans virus]
TRINITY_DN23665_c0_g1_i6	YP_009507247.1	33.1	169	109	3	803	1300	12	179	3.03e-20	97.4	YP_009507247.1 ORF A [Trichoplusia ni TED virus]
TRINITY_DN23632_c0_g1_i8	YP_009666308.1	33.3	120	71	3	451	107	620	735	3.10e-10	60.8	YP_009666308.1 Reverse Transcriptase, partial [Cladosporium fulvum T-1 virus]
TRINITY_DN23656_c0_g1_i4	YP_009001225.1	28.9	508	313	11	316	1803	41	512	8.61e-58	212	YP_009001225.1 ABC transporter [Pithovirus sibericum]
TRINITY_DN23656_c0_g1_i6	YP_009001225.1	37.3	271	158	4	316	1107	41	306	9.54e-53	190	YP_009001225.1 ABC transporter [Pithovirus sibericum]
TRINITY_DN61466_c0_g1_i1	YP_004061438.1	65.6	128	43	1	4	384	388	515	6.37e-47	162	YP_004061438.1 hypothetical protein BpV1_008c [Bathycoccus sp. RCC1105 virus BpV1]
TRINITY_DN61466_c0_g1_i1	YP_010788857.1	61.7	128	48	1	4	384	187	314	1.82e-45	155	YP_010788857.1 heat shock 70 kDa protein-like protein [Megavirus baoshan]
TRINITY_DN61466_c0_g1_i1	YP_007676312.1	65.1	129	44	1	1	384	386	514	3.06e-45	157	YP_007676312.1 heat shock protein 70 [Micromonas pusilla virus 12T]
TRINITY_DN61466_c0_g1_i1	YP_010779556.1	61.9	126	48	0	4	381	187	312	3.28e-45	154	YP_010779556.1 hypothetical protein QJ854_gp461 [Moumouvirus goulette]
TRINITY_DN61466_c0_g1_i1	YP_004894551.1	61.7	128	48	1	4	384	388	515	2.47e-44	155	YP_004894551.1 heat shock 70 kDa protein-like protein [Megavirus chiliensis]
TRINITY_DN36065_c2_g1_i1	YP_003208050.1	30.8	120	75	2	370	35	1545	1664	4.04e-12	66.2	YP_003208050.1 putative polyprotein [Pelargonium vein banding virus]
TRINITY_DN36065_c2_g1_i1	YP_002519387.1	33.1	118	75	2	364	23	425	542	6.78e-12	65.5	YP_002519387.1 putative enzymatic polyprotein [Rudbeckia flower distortion virus]
TRINITY_DN36065_c2_g1_i1	YP_009553548.1	32.5	120	73	2	370	35	1371	1490	1.01e-11	65.1	YP_009553548.1 ORF3 polyprotein [Cacao bacilliform Sri Lanka virus]
TRINITY_DN36065_c2_g1_i1	YP_009508443.1	29.5	112	74	1	370	50	1565	1676	1.88e-11	64.3	YP_009508443.1 ORF3 [Dioscorea bacilliform TR virus]
TRINITY_DN36065_c2_g1_i1	YP_010798182.1	30.0	120	79	1	370	26	1528	1647	1.89e-11	64.3	YP_010798182.1 polyprotein [Green Sichuan pepper vein clearing-associated virus]
TRINITY_DN19315_c0_g1_i18	YP_010781034.1	25.9	305	187	7	240	1142	1	270	2.96e-23	106	YP_010781034.1 putative SNF1-related protein kinase catalytic subunit alpha KIN11-like [Tupanvirus deep ocean]
TRINITY_DN19315_c0_g1_i18	YP_010782412.1	27.5	306	160	10	267	1139	10	268	2.75e-21	100	YP_010782412.1 hypothetical protein QJ857_gp0295 [Tupanvirus soda lake]
TRINITY_DN19315_c0_g1_i18	NP_048597.1	24.8	303	171	10	273	1139	45	304	2.64e-15	80.5	NP_048597.1 serine-threonine kinase [Paramecium bursaria Chlorella virus 1]
TRINITY_DN19315_c0_g1_i18	YP_010783420.1	28.3	198	106	5	567	1142	166	333	3.57e-15	80.5	YP_010783420.1 serine/threonine-protein kinase [Tetraselmis virus 1]
TRINITY_DN19315_c0_g1_i18	YP_009702008.1	23.8	303	179	9	258	1136	7	267	2.27e-14	77.0	YP_009702008.1 serine-threonine kinase [Paramecium bursaria Chlorella virus CVA-1]
TRINITY_DN19310_c0_g1_i10	NP_077596.1	28.7	359	185	10	252	1151	2	348	2.55e-23	107	NP_077596.1 serine-threonine kinase [Ectocarpus siliculosus virus 1]
TRINITY_DN19310_c0_g1_i10	YP_010783420.1	31.3	195	118	3	483	1043	146	332	2.52e-22	102	YP_010783420.1 serine/threonine-protein kinase [Tetraselmis virus 1]
TRINITY_DN19310_c0_g1_i10	YP_013611601.1	28.1	274	178	10	276	1067	60	324	3.93e-21	102	YP_013611601.1 serine/threonine protein kinase [Yasminevirus sp. GU-2018]
TRINITY_DN19310_c0_g1_i10	YP_010803051.1	26.3	232	161	6	396	1073	60	287	1.31e-20	98.6	YP_010803051.1 serine/threonine-protein kinase [Fadolivirus algeromassiliense]
TRINITY_DN19310_c0_g1_i10	YP_010841926.1	24.5	277	179	6	294	1043	22	295	7.38e-19	93.6	YP_010841926.1 putative serine/threonine-protein kinase [Cotonvirus japonicus]
TRINITY_DN19321_c0_g1_i11	NP_955595.1	43.6	365	197	5	605	1678	13	375	3.73e-89	296	NP_955595.1 ABL [Abelson murine leukemia virus]
TRINITY_DN19321_c0_g1_i11	NP_057866.1	43.6	365	197	5	605	1678	248	610	2.58e-87	296	NP_057866.1 p120 Gag-Abl polyprotein [Abelson murine leukemia virus]
TRINITY_DN19321_c0_g1_i11	YP_628286.1	40.8	387	210	10	590	1711	143	523	1.71e-73	251	YP_628286.1 protein-tyrosine kinase [Y73 sarcoma virus]
TRINITY_DN19321_c0_g1_i11	NP_955616.1	40.3	380	208	10	590	1690	142	515	2.18e-71	243	NP_955616.1 pp60 SRC [Rous sarcoma virus]
TRINITY_DN19321_c0_g1_i11	NP_056888.1	40.3	380	208	10	590	1690	143	516	2.24e-71	243	NP_056888.1 p60 src [Rous sarcoma virus]
TRINITY_DN5388_c0_g1_i3	YP_010802933.1	37.6	157	87	2	3614	4075	16	164	5.85e-27	112	YP_010802933.1 protein-tyrosine phosphatase [Fadolivirus algeromassiliense]
TRINITY_DN5320_c0_g1_i3	YP_009162415.1	26.4	212	112	8	1107	1679	53	241	1.10e-07	58.2	YP_009162415.1 serine-threonine kinase [Salmon gill poxvirus]
TRINITY_DN5303_c1_g1_i15	YP_009162415.1	35.0	280	170	5	405	1241	2	270	8.89e-49	178	YP_009162415.1 serine-threonine kinase [Salmon gill poxvirus]
TRINITY_DN5303_c1_g1_i15	YP_009665657.1	28.1	288	154	6	405	1142	4	280	2.27e-28	122	YP_009665657.1 serine-threonine kinase [Feldmannia irregularis virus a]
TRINITY_DN5303_c1_g1_i15	YP_010781034.1	29.5	281	177	8	1485	2291	8	279	1.01e-27	120	YP_010781034.1 putative SNF1-related protein kinase catalytic subunit alpha KIN11-like [Tupanvirus deep ocean]
TRINITY_DN5303_c1_g1_i15	YP_010782412.1	29.4	289	176	9	1485	2306	8	283	1.53e-26	118	YP_010782412.1 hypothetical protein QJ857_gp0295 [Tupanvirus soda lake]
TRINITY_DN5303_c1_g1_i15	YP_002154675.1	28.9	287	148	8	408	1133	5	280	9.31e-26	114	YP_002154675.1 serine-threonine kinase [Feldmannia species virus]
TRINITY_DN5315_c0_g1_i1	YP_009179388.1	42.0	891	495	7	305	2941	20	900	5.29e-230	682	YP_009179388.1 NS5-like protein [Wuhan aphid virus 1]
TRINITY_DN5315_c0_g1_i1	YP_009179378.1	42.5	918	493	12	236	2941	2	900	5.65e-223	664	YP_009179378.1 NS5-like protein [Wuhan aphid virus 2]
TRINITY_DN5315_c0_g1_i1	YP_009179403.1	41.6	910	508	13	254	2941	4	904	1.75e-219	655	YP_009179403.1 NS5-like protein [Wuhan flea virus]
TRINITY_DN5315_c0_g1_i1	YP_009179401.1	40.1	863	486	12	314	2854	22	869	5.59e-195	591	YP_009179401.1 NS5-like protein [Shuangao insect virus 7]
TRINITY_DN5315_c0_g1_i1	YP_009179405.1	37.6	906	528	15	305	2935	25	922	2.07e-180	555	YP_009179405.1 NS5-like protein [Wuhan cricket virus]
TRINITY_DN5397_c0_g1_i2	YP_009666308.1	26.3	693	436	19	1882	3858	326	977	2.35e-53	209	YP_009666308.1 Reverse Transcriptase, partial [Cladosporium fulvum T-1 virus]
TRINITY_DN5397_c0_g1_i2	NP_056728.1	26.1	452	301	9	1810	3105	234	672	1.06e-33	144	NP_056728.1 reverse transcriptase [Cauliflower mosaic virus]
TRINITY_DN5397_c0_g1_i2	YP_006907834.1	26.3	448	307	7	1810	3105	234	674	1.87e-33	143	YP_006907834.1 polyprotein [Horseradish latent virus]
TRINITY_DN5397_c0_g1_i2	NP_619548.1	25.7	443	311	7	1810	3105	227	662	2.82e-31	136	NP_619548.1 unnamed protein product [Figwort mosaic virus]
TRINITY_DN5397_c0_g1_i2	YP_001931961.1	26.3	384	257	6	1993	3105	316	686	2.21e-28	127	YP_001931961.1 replicase [Lamium leaf distortion virus]
TRINITY_DN92525_c0_g1_i5	YP_010778292.1	26.4	148	94	4	301	723	105	244	1.02e-12	71.2	YP_010778292.1 eukaryotic translation initiation factor eIF-4E [Bodo saltans virus]
TRINITY_DN92525_c0_g1_i5	YP_010781628.1	29.2	137	87	3	298	702	22	150	1.52e-11	66.6	YP_010781628.1 hypothetical protein QJ857_gp1079 [Tupanvirus soda lake]
TRINITY_DN92525_c0_g1_i5	YP_008052407.1	25.2	143	100	3	301	726	4	140	1.15e-07	55.1	YP_008052407.1 eukaryotic initiation factor 4E family protein [Phaeocystis globosa virus]
TRINITY_DN38481_c0_g2_i2	YP_009186717.1	57.1	77	33	0	154	384	1	77	1.87e-25	96.3	YP_009186717.1 ubiquitin [Sucra jujuba nucleopolyhedrovirus]
TRINITY_DN38481_c0_g2_i2	YP_009552587.1	59.2	76	31	0	154	381	1	76	1.90e-25	95.9	YP_009552587.1 ubiquitin [Operophtera brumata nucleopolyhedrovirus]
TRINITY_DN38481_c0_g2_i2	NP_955119.1	59.7	77	31	0	154	384	1	77	2.44e-25	95.9	NP_955119.1 CNPV096 ubiquitin [Canarypox virus]
TRINITY_DN38481_c0_g2_i2	YP_002854658.1	58.4	77	32	0	154	384	1	77	4.02e-25	95.1	YP_002854658.1 ubiquitin [Euproctis pseudoconspersa nucleopolyhedrovirus]
TRINITY_DN38481_c0_g2_i2	YP_009447989.1	59.2	76	31	0	154	381	1	76	5.53e-25	94.7	YP_009447989.1 ubiquitin family protein [Flamingopox virus FGPVKD09]
TRINITY_DN38493_c0_g1_i2	YP_013611121.1	39.4	160	94	2	264	737	19	177	9.26e-34	128	YP_013611121.1 hypothetical protein YASMINEVIRUS_766 [Yasminevirus sp. GU-2018]
TRINITY_DN38493_c0_g1_i2	YP_013611042.1	41.1	158	90	2	264	728	6	163	1.38e-31	122	YP_013611042.1 Rab GTPase 2d (macronuclear) [Yasminevirus sp. GU-2018]
TRINITY_DN38493_c0_g1_i2	YP_010780883.1	35.0	163	102	2	261	737	3	165	3.56e-27	109	YP_010780883.1 rab family small GTPase [Tupanvirus deep ocean]
TRINITY_DN38493_c0_g1_i2	YP_010782189.1	32.5	163	106	2	261	737	3	165	1.29e-24	102	YP_010782189.1 rab family small GTPase [Tupanvirus soda lake]
TRINITY_DN38493_c0_g1_i2	YP_010778822.1	31.0	155	103	3	273	728	3	156	1.75e-18	86.3	YP_010778822.1 rab domain-containing protein [Bodo saltans virus]
TRINITY_DN68202_c0_g1_i1	YP_013611017.1	46.6	118	60	1	4	348	165	282	3.97e-28	108	YP_013611017.1 class I SAM-dependent methyltransferase [Yasminevirus sp. GU-2018]
TRINITY_DN68202_c0_g1_i1	YP_009449147.1	42.7	110	59	1	19	348	109	214	5.43e-21	89.0	YP_009449147.1 Cyclopropane-fatty-acyl-phospholipid synthase [Orpheovirus IHUMI-LCC2]
TRINITY_DN10283_c1_g1_i1	YP_009665762.1	24.8	419	293	10	3059	1827	4	408	3.17e-35	148	YP_009665762.1 19.5g1 protein [Bracoviriform inaniti]
TRINITY_DN10200_c0_g1_i2	YP_008319025.2	53.3	45	21	0	653	787	260	304	2.02e-09	61.2	YP_008319025.2 Ring finger protein [Pandoravirus dulcis]
TRINITY_DN10200_c0_g1_i2	YP_002154623.1	42.0	50	29	0	638	787	114	163	4.56e-06	49.3	YP_002154623.1 putative ubiquitin ligase [Feldmannia species virus]
TRINITY_DN10280_c0_g1_i5	YP_010780157.1	29.8	289	146	15	227	1027	5	258	1.38e-15	82.8	YP_010780157.1 cytidyltransferaserelated domain containing protein [Tupanvirus deep ocean]
TRINITY_DN10280_c0_g1_i5	YP_010781435.1	28.9	277	164	13	227	1027	5	258	7.62e-15	80.5	YP_010781435.1 cytidylyltransferase [Tupanvirus soda lake]
TRINITY_DN7157_c1_g2_i10	YP_003359177.1	42.6	54	31	0	479	640	124	177	3.45e-07	58.2	YP_003359177.1 hypothetical protein [Diplodia scrobiculata RNA virus 1]
TRINITY_DN7157_c1_g2_i19	YP_003359177.1	42.6	54	31	0	3025	3186	124	177	5.47e-07	58.2	YP_003359177.1 hypothetical protein [Diplodia scrobiculata RNA virus 1]
TRINITY_DN7157_c1_g2_i20	YP_003359177.1	42.6	54	31	0	3025	3186	124	177	5.45e-07	58.2	YP_003359177.1 hypothetical protein [Diplodia scrobiculata RNA virus 1]
TRINITY_DN7163_c0_g1_i24	YP_009015548.1	27.4	190	116	5	3191	3748	16	187	2.21e-11	68.2	YP_009015548.1 ABC transporter [Bacillus phage G]
TRINITY_DN5043_c2_g1_i16	YP_009876632.1	32.1	190	120	5	468	1016	4	191	8.30e-19	91.7	YP_009876632.1 adenylate kinase [Tenacibaculum phage pT24]
TRINITY_DN5043_c2_g1_i3	YP_009876632.1	32.1	190	120	5	244	792	4	191	5.23e-19	91.7	YP_009876632.1 adenylate kinase [Tenacibaculum phage pT24]
TRINITY_DN5043_c2_g1_i6	YP_009876632.1	32.1	190	120	5	250	798	4	191	5.32e-19	91.7	YP_009876632.1 adenylate kinase [Tenacibaculum phage pT24]
TRINITY_DN5050_c0_g1_i2	YP_009165750.1	31.5	254	165	5	1860	2609	362	610	3.96e-25	117	YP_009165750.1 ORF5 [Atractylodes mild mottle virus]
TRINITY_DN5050_c0_g1_i2	YP_010790446.1	29.7	273	174	7	1818	2609	1633	1896	2.39e-23	112	YP_010790446.1 ORF3 [Dioscorea bacilliform virus]
TRINITY_DN5050_c0_g1_i2	YP_009666830.1	28.8	278	170	7	1818	2609	1389	1652	2.27e-21	106	YP_009666830.1 ORF3 polyprotein [Cacao swollen shoot Ghana Q virus]
TRINITY_DN5050_c0_g1_i2	YP_009665179.1	29.7	202	130	5	1953	2549	321	513	3.54e-14	82.4	YP_009665179.1 pol polyprotein, partial [Walleye epidermal hyperplasia virus 1]
TRINITY_DN5050_c0_g1_i2	YP_009507248.1	24.6	195	135	6	3026	3592	744	932	3.84e-11	72.4	YP_009507248.1 ORF B [Trichoplusia ni TED virus]
TRINITY_DN5050_c0_g3_i1	YP_009665180.1	33.5	164	92	6	997	554	929	1091	6.38e-13	73.9	YP_009665180.1 pol polyprotein, partial [Walleye epidermal hyperplasia virus 2]
TRINITY_DN5041_c0_g1_i5	YP_010803261.1	27.5	320	192	16	1377	2273	80	380	2.00e-17	89.4	YP_010803261.1 tubulin-tyrosine ligase/tubulin polyglutamylase [Fadolivirus algeromassiliense]
TRINITY_DN5041_c0_g1_i5	YP_010778556.1	20.0	280	201	8	1464	2273	83	349	6.36e-08	59.7	YP_010778556.1 tubulin-tyrosine ligase [Bodo saltans virus]
TRINITY_DN5027_c0_g1_i3	YP_008003847.1	28.6	147	94	3	93	530	34	170	4.42e-15	77.4	YP_008003847.1 unknown similar to AMEV004 [Adoxophyes honmai entomopoxvirus 'L']
TRINITY_DN5074_c2_g1_i7	YP_009449015.1	54.3	197	85	1	273	848	1	197	2.64e-69	234	YP_009449015.1 GTP ras-related protein Rac1 [Orpheovirus IHUMI-LCC2]
TRINITY_DN5013_c0_g1_i1	YP_003969759.1	47.8	113	42	2	203	538	8	104	3.55e-21	94.7	YP_003969759.1 putative DnaJ/Hsp40 [Cafeteria roenbergensis virus BV-PW1]
TRINITY_DN5013_c0_g1_i1	YP_013610701.1	56.3	71	31	0	185	397	9	79	1.63e-17	84.7	YP_013610701.1 DnaJ domain protein [Yasminevirus sp. GU-2018]
TRINITY_DN5013_c0_g1_i1	YP_010778702.1	54.1	74	33	1	200	418	6	79	7.82e-17	82.4	YP_010778702.1 molecular chaperone DnaJ/Hsp40 [Bodo saltans virus]
TRINITY_DN5013_c0_g1_i1	YP_003986758.1	55.6	72	31	1	197	412	7	77	1.05e-16	82.0	YP_003986758.1 DnaJ-like protein [Acanthamoeba polyphaga mimivirus]
TRINITY_DN5013_c0_g1_i1	YP_010777173.1	54.2	72	32	1	197	412	7	77	1.43e-16	81.6	YP_010777173.1 DnaJ-like protein [Acanthamoeba polyphaga mimivirus]
TRINITY_DN5013_c0_g1_i12	YP_013610701.1	58.0	69	29	0	185	391	9	77	2.01e-18	83.2	YP_013610701.1 DnaJ domain protein [Yasminevirus sp. GU-2018]
TRINITY_DN5013_c0_g1_i12	YP_010803062.1	58.6	70	27	1	197	406	6	73	1.04e-17	79.3	YP_010803062.1 DnaJ chaperone protein [Fadolivirus algeromassiliense]
TRINITY_DN5013_c0_g1_i12	YP_003969759.1	63.5	63	23	0	203	391	8	70	1.49e-17	80.5	YP_003969759.1 putative DnaJ/Hsp40 [Cafeteria roenbergensis virus BV-PW1]
TRINITY_DN5013_c0_g1_i12	YP_008052738.1	62.1	58	22	0	200	373	5	62	4.16e-17	75.9	YP_008052738.1 DnaJ superfamily [Phaeocystis globosa virus]
TRINITY_DN5013_c0_g1_i12	YP_013611589.1	55.1	69	27	1	197	391	10	78	4.04e-16	76.3	YP_013611589.1 hypothetical protein YASMINEVIRUS_1303 [Yasminevirus sp. GU-2018]
TRINITY_DN5013_c0_g1_i16	YP_008052738.1	63.6	55	20	0	208	372	5	59	7.64e-16	76.6	YP_008052738.1 DnaJ superfamily [Phaeocystis globosa virus]
TRINITY_DN5013_c0_g1_i16	YP_013610701.1	59.7	62	25	0	193	378	9	70	4.14e-15	78.6	YP_013610701.1 DnaJ domain protein [Yasminevirus sp. GU-2018]
TRINITY_DN5013_c0_g1_i16	YP_003969759.1	63.6	55	20	0	211	375	8	62	1.22e-13	73.9	YP_003969759.1 putative DnaJ/Hsp40 [Cafeteria roenbergensis virus BV-PW1]
TRINITY_DN5013_c0_g1_i16	YP_010803062.1	63.0	54	18	1	205	366	6	57	6.15e-13	70.5	YP_010803062.1 DnaJ chaperone protein [Fadolivirus algeromassiliense]
TRINITY_DN5013_c0_g1_i16	YP_013611589.1	54.8	62	24	1	205	378	10	71	1.51e-12	70.5	YP_013611589.1 hypothetical protein YASMINEVIRUS_1303 [Yasminevirus sp. GU-2018]
TRINITY_DN5066_c0_g1_i5	YP_009507248.1	35.4	347	219	2	3	1043	216	557	3.01e-57	219	YP_009507248.1 ORF B [Trichoplusia ni TED virus]
TRINITY_DN5066_c0_g1_i5	YP_009665180.1	29.5	329	222	5	12	977	250	575	3.04e-29	130	YP_009665180.1 pol polyprotein, partial [Walleye epidermal hyperplasia virus 2]
TRINITY_DN5066_c0_g1_i5	YP_009665179.1	29.8	329	221	5	12	977	250	575	1.15e-28	128	YP_009665179.1 pol polyprotein, partial [Walleye epidermal hyperplasia virus 1]
TRINITY_DN5066_c0_g1_i5	NP_045937.2	26.1	329	233	5	12	977	846	1171	6.63e-27	122	NP_045937.2 Pr gag-pro-pol [Walleye dermal sarcoma virus]
TRINITY_DN5066_c0_g2_i4	YP_009507248.1	33.5	442	282	4	65	1375	134	568	1.24e-69	254	YP_009507248.1 ORF B [Trichoplusia ni TED virus]
TRINITY_DN5066_c0_g2_i4	YP_009665180.1	30.3	436	284	9	2	1276	149	575	1.45e-39	162	YP_009665180.1 pol polyprotein, partial [Walleye epidermal hyperplasia virus 2]
TRINITY_DN5066_c0_g2_i4	YP_009665179.1	29.4	462	304	10	2	1348	149	601	3.26e-36	152	YP_009665179.1 pol polyprotein, partial [Walleye epidermal hyperplasia virus 1]
TRINITY_DN5066_c0_g2_i4	NP_045937.2	26.2	428	303	7	17	1276	749	1171	3.26e-33	142	NP_045937.2 Pr gag-pro-pol [Walleye dermal sarcoma virus]
TRINITY_DN5066_c0_g2_i4	YP_006907834.1	23.8	445	316	9	53	1342	238	674	2.89e-27	122	YP_006907834.1 polyprotein [Horseradish latent virus]
TRINITY_DN5092_c1_g1_i1	YP_004821511.1	29.2	113	76	1	169	495	5	117	3.07e-07	57.4	YP_004821511.1 BTB kelch domain protein [Yokapox virus]
TRINITY_DN70826_c0_g1_i1	YP_002296164.1	40.0	270	157	2	407	1216	482	746	2.52e-59	218	YP_002296164.1 putative serine palmitoyltransferase [Emiliania huxleyi virus 86]
TRINITY_DN70826_c0_g1_i1	YP_293804.1	40.0	270	157	2	407	1216	501	765	3.04e-59	218	YP_293804.1 putative serine palmitoyltransferase [Emiliania huxleyi virus 86]
TRINITY_DN70809_c1_g1_i6	YP_009119842.1	29.7	286	183	8	209	1015	31	315	2.40e-26	116	YP_009119842.1 cys/met metabolism plpdependent enzyme [Pandoravirus inopinatum]
TRINITY_DN33222_c1_g1_i1	YP_010796575.1	29.6	503	300	13	87	1514	6	481	5.05e-58	207	YP_010796575.1 EGT [Mythimna unipuncta nucleopolyhedrovirus]
TRINITY_DN33222_c1_g1_i1	YP_758442.1	28.3	492	307	14	114	1511	50	521	5.12e-54	197	YP_758442.1 egt [Leucania separata nucleopolyhedrovirus]
TRINITY_DN33222_c1_g1_i1	YP_009117047.1	29.0	503	287	20	126	1505	21	496	4.36e-47	177	YP_009117047.1 ecdysone glucose transferase [Pseudoplusia includens SNPV IE]
TRINITY_DN33222_c1_g1_i1	YP_249745.1	29.4	511	291	20	102	1505	11	494	2.80e-46	175	YP_249745.1 EGT [Chrysodeixis chalcites nucleopolyhedrovirus]
TRINITY_DN33222_c1_g1_i1	YP_309022.1	29.0	503	287	20	126	1505	22	497	6.83e-45	171	YP_309022.1 ecdysone glucose transferase (egt) [Trichoplusia ni single nucleopolyhedrovirus]
TRINITY_DN57646_c0_g1_i1	YP_001700576.1	37.9	169	90	5	173	652	10	172	1.49e-27	105	YP_001700576.1 putative Lom-like outer membrane protein [Salmonella phage Fels-1]
TRINITY_DN57646_c0_g1_i1	YP_001700688.1	37.1	159	87	6	137	598	1	151	4.08e-21	89.0	YP_001700688.1 bacteriophage virulence determinant; Lom homolog [Phage Gifsy-2]
TRINITY_DN57646_c0_g1_i1	YP_009909992.1	31.8	201	106	8	137	652	1	199	1.32e-19	85.9	YP_009909992.1 Lom outer membrane protein [Escherichia phage 2G7b]
TRINITY_DN57646_c0_g1_i1	YP_009909184.1	33.2	202	102	9	137	652	1	199	2.59e-19	85.1	YP_009909184.1 Lom outer membrane protein [Escherichia phage JLK-2012]
TRINITY_DN57646_c0_g1_i1	YP_007112093.1	31.3	201	107	8	137	652	1	199	9.89e-19	83.6	YP_007112093.1 Lom outer membrane protein [Enterobacteria phage mEp460]
TRINITY_DN41713_c0_g1_i1	YP_073558.1	29.8	124	84	2	3	371	133	254	7.74e-09	55.8	YP_073558.1 RNA-dependent DNA polymerase [lymphocystis disease virus-China]
TRINITY_DN41772_c0_g1_i1	YP_010796966.1	74.5	51	13	0	257	409	41	91	3.54e-20	87.8	YP_010796966.1 PLA2X-adenain [Mayetiola barley midge adintovirus]
TRINITY_DN90166_c0_g2_i1	YP_009465730.1	84.7	137	21	0	119	529	53	189	1.08e-70	221	YP_009465730.1 hypothetical protein C5Y57_gp013 [Dishui lake phycodnavirus 1]
TRINITY_DN90166_c0_g2_i1	YP_009046636.1	59.2	76	31	0	308	535	64	139	3.41e-20	88.6	YP_009046636.1 Histone H2A-like protein [Armadillidium vulgare iridescent virus]
TRINITY_DN90166_c0_g2_i1	YP_010802031.1	39.9	138	73	3	119	523	6	136	7.02e-17	80.1	YP_010802031.1 histone H3 [Acanthamoeba castellanii medusavirus]
TRINITY_DN90166_c0_g2_i1	YP_010804778.1	40.9	115	53	2	224	523	35	149	1.98e-14	75.5	YP_010804778.1 Fused protein of histone H3 and histone H4 [Acanthamoeba castellanii medusavirus]
TRINITY_DN90166_c0_g2_i2	YP_009465730.1	83.2	95	16	0	119	403	53	147	2.25e-45	149	YP_009465730.1 hypothetical protein C5Y57_gp013 [Dishui lake phycodnavirus 1]
TRINITY_DN90166_c0_g2_i2	YP_010802031.1	40.8	98	48	3	119	403	6	96	1.26e-09	56.6	YP_010802031.1 histone H3 [Acanthamoeba castellanii medusavirus]
TRINITY_DN90166_c0_g2_i2	YP_009046636.1	71.9	32	9	0	308	403	64	95	1.86e-06	47.8	YP_009046636.1 Histone H2A-like protein [Armadillidium vulgare iridescent virus]
TRINITY_DN90166_c0_g2_i2	YP_010804778.1	40.0	75	30	2	224	403	35	109	3.73e-06	48.1	YP_010804778.1 Fused protein of histone H3 and histone H4 [Acanthamoeba castellanii medusavirus]
TRINITY_DN40363_c0_g1_i21	YP_010780370.1	32.3	300	189	4	3152	4051	251	536	4.33e-41	164	YP_010780370.1 hypothetical protein QJ856_gp0995 [Tupanvirus deep ocean]
TRINITY_DN40363_c0_g1_i21	YP_010795490.1	31.7	309	191	8	3164	4072	3	297	1.91e-33	135	YP_010795490.1 putative cyclin-dependent kinase 2 [Chelonid alphaherpesvirus 5]
TRINITY_DN40363_c0_g1_i21	YP_009448906.1	32.4	256	152	4	3320	4075	49	287	1.02e-32	132	YP_009448906.1 Negative regulator of the PHO system [Orpheovirus IHUMI-LCC2]
TRINITY_DN40363_c0_g1_i21	YP_009448713.1	29.8	302	189	7	3173	4078	1	279	2.42e-32	136	YP_009448713.1 serine-threonine kinase [Orpheovirus IHUMI-LCC2]
TRINITY_DN40363_c0_g1_i21	YP_009448911.1	32.2	261	149	6	3323	4078	42	283	4.67e-31	127	YP_009448911.1 Negative regulator of the PHO system [Orpheovirus IHUMI-LCC2]
TRINITY_DN40356_c2_g1_i1	YP_009052267.1	26.7	255	128	8	240	992	11	210	1.89e-11	67.8	YP_009052267.1 putative DNA directed RNA polymerase II subunit rpb3 [Aureococcus anophagefferens virus]
TRINITY_DN40355_c0_g1_i2	YP_010670273.1	64.8	335	110	1	237	1241	2	328	5.61e-157	451	YP_010670273.1 nucleotide-sugar epimerase [Synechococcus phage S-SRM01]
TRINITY_DN40355_c0_g1_i2	YP_007674420.1	64.5	335	110	2	237	1241	2	327	7.41e-157	450	YP_007674420.1 nucleotide-sugar epimerase [Synechococcus phage S-SKS1]
TRINITY_DN40355_c0_g1_i2	YP_009778373.1	65.8	333	106	1	243	1241	3	327	1.54e-156	449	YP_009778373.1 nucleotide-sugar epimerase [Synechococcus phage ACG-2014f_Syn7803C7]
TRINITY_DN40355_c0_g1_i2	YP_009778936.1	65.8	333	106	1	243	1241	3	327	1.54e-156	449	YP_009778936.1 nucleotide-sugar epimerase [Synechococcus phage ACG-2014f_Syn7803US26]
TRINITY_DN40355_c0_g1_i2	YP_009778660.1	65.8	333	106	1	243	1241	3	327	2.19e-156	449	YP_009778660.1 nucleotide-sugar epimerase [Synechococcus phage ACG-2014f_Syn7803C8]
TRINITY_DN93498_c0_g1_i1	YP_009143498.1	51.6	62	22	3	4	183	276	331	9.34e-06	49.7	YP_009143498.1 Serpin [Raccoonpox virus]
TRINITY_DN68111_c0_g1_i1	YP_002519387.1	31.7	199	131	2	606	22	287	484	4.07e-24	112	YP_002519387.1 putative enzymatic polyprotein [Rudbeckia flower distortion virus]
TRINITY_DN68111_c0_g1_i1	YP_006907834.1	32.5	203	128	3	627	43	251	452	6.15e-23	108	YP_006907834.1 polyprotein [Horseradish latent virus]
TRINITY_DN68111_c0_g1_i1	YP_009113237.2	29.6	216	138	3	615	4	1439	1652	6.78e-19	96.7	YP_009113237.2 polyprotein [Mulberry badnavirus 1]
TRINITY_DN68111_c0_g1_i1	YP_004347415.1	29.0	217	141	4	636	22	201	416	4.90e-18	92.8	YP_004347415.1 replicase [Sweet potato collusive virus]
TRINITY_DN68154_c3_g1_i12	YP_009665657.1	30.4	280	149	5	710	1432	5	277	1.77e-32	133	YP_009665657.1 serine-threonine kinase [Feldmannia irregularis virus a]
TRINITY_DN68154_c3_g1_i12	NP_818652.1	29.8	258	155	6	737	1486	26	265	2.07e-28	118	NP_818652.1 protein kinase [Adoxophyes honmai nucleopolyhedrovirus]
TRINITY_DN68154_c3_g1_i12	YP_002300523.1	29.6	257	155	6	737	1483	26	264	6.44e-28	116	YP_002300523.1 protein kinase [Adoxophyes orana nucleopolyhedrovirus]
TRINITY_DN68154_c3_g1_i12	YP_009666655.1	32.8	241	143	6	737	1435	40	269	1.84e-27	116	YP_009666655.1 protein kinase-1 [Mythimna unipuncta nucleopolyhedrovirus]
TRINITY_DN68154_c3_g1_i12	YP_010789881.1	31.7	300	164	12	692	1501	7	295	2.47e-27	118	YP_010789881.1 serine/threonine protein kinase [Moumouvirus australiensis]
TRINITY_DN2431_c0_g1_i19	YP_009665923.1	34.4	250	151	3	3791	4513	62	307	2.19e-39	153	YP_009665923.1 PTP8 [Bracoviriform indiense]
TRINITY_DN2431_c0_g1_i19	YP_184809.1	33.6	256	148	6	3758	4495	47	290	1.50e-37	147	YP_184809.1 PTPN [Bracoviriform congregatae]
TRINITY_DN2431_c0_g1_i19	YP_010802902.1	35.0	243	139	6	3788	4495	166	396	2.58e-36	146	YP_010802902.1 protein-tyrosine phosphatase [Fadolivirus algeromassiliense]
TRINITY_DN2431_c0_g1_i19	YP_001029421.1	33.1	284	171	8	3671	4498	44	316	6.80e-34	137	YP_001029421.1 GfV-C18-ORF1 [Ichnoviriform fumiferanae]
TRINITY_DN2431_c0_g1_i19	YP_001029418.1	33.3	264	162	7	3731	4498	57	314	8.80e-34	137	YP_001029418.1 GfV-C16-ORF1 [Ichnoviriform fumiferanae]
TRINITY_DN2470_c1_g2_i2	YP_010782291.1	29.8	215	123	6	306	890	115	321	1.22e-14	79.0	YP_010782291.1 alcohol dehydrogenase [Tupanvirus soda lake]
TRINITY_DN2416_c0_g1_i4	YP_010780396.1	35.4	257	135	5	234	938	277	524	3.76e-42	156	YP_010780396.1 prolyl-tRNA synthetase [Tupanvirus deep ocean]
TRINITY_DN2416_c0_g1_i4	YP_010803188.1	37.2	239	121	8	234	938	279	492	1.19e-40	152	YP_010803188.1 prolyl-tRNA synthetase class IIa archaeal-type [Fadolivirus algeromassiliense]
TRINITY_DN2416_c0_g1_i4	YP_010781689.1	33.5	257	140	4	234	938	277	524	1.88e-40	152	YP_010781689.1 prolyl-tRNA synthetase [Tupanvirus soda lake]
TRINITY_DN2416_c0_g1_i4	YP_013611033.1	32.4	247	141	5	234	938	292	524	1.22e-26	113	YP_013611033.1 prolyl-tRNA synthetase [Yasminevirus sp. GU-2018]
TRINITY_DN2416_c0_g1_i6	YP_010780396.1	49.7	523	230	7	3251	4750	12	524	2.22e-163	508	YP_010780396.1 prolyl-tRNA synthetase [Tupanvirus deep ocean]
TRINITY_DN2416_c0_g1_i6	YP_010781689.1	49.7	513	226	5	3278	4750	22	524	2.22e-163	508	YP_010781689.1 prolyl-tRNA synthetase [Tupanvirus soda lake]
TRINITY_DN2416_c0_g1_i6	YP_010803188.1	48.0	504	232	9	3251	4750	15	492	4.98e-152	476	YP_010803188.1 prolyl-tRNA synthetase class IIa archaeal-type [Fadolivirus algeromassiliense]
TRINITY_DN2416_c0_g1_i6	YP_010780537.1	42.1	516	275	5	602	2140	11	505	6.77e-130	417	YP_010780537.1 bifunctional glutamate/proline tRNA-synthetase [Tupanvirus deep ocean]
TRINITY_DN2416_c0_g1_i6	YP_010781829.1	43.1	503	272	5	602	2101	11	502	6.57e-129	414	YP_010781829.1 glutamate/proline- tRNA synthetase [Tupanvirus soda lake]
TRINITY_DN2498_c0_g1_i4	YP_013611589.1	34.7	378	177	11	252	1265	9	356	2.08e-51	183	YP_013611589.1 hypothetical protein YASMINEVIRUS_1303 [Yasminevirus sp. GU-2018]
TRINITY_DN2498_c0_g1_i4	YP_010803170.1	28.3	374	231	10	252	1313	14	370	6.70e-26	113	YP_010803170.1 DnaJ chaperone protein [Fadolivirus algeromassiliense]
TRINITY_DN2498_c0_g1_i4	YP_003969759.1	28.1	381	203	11	261	1295	8	353	1.95e-20	97.1	YP_003969759.1 putative DnaJ/Hsp40 [Cafeteria roenbergensis virus BV-PW1]
TRINITY_DN2498_c0_g1_i4	YP_007354262.1	55.6	72	32	0	246	461	1	72	2.82e-19	93.6	YP_007354262.1 DnaJ-like protein [Acanthamoeba polyphaga moumouvirus]
TRINITY_DN2498_c0_g1_i4	YP_010779699.1	54.5	77	35	0	246	476	1	77	5.06e-19	92.8	YP_010779699.1 hypothetical protein QJ854_gp318 [Moumouvirus goulette]
TRINITY_DN2498_c0_g1_i5	YP_013611589.1	34.6	318	141	9	7751	8593	9	296	1.48e-39	155	YP_013611589.1 hypothetical protein YASMINEVIRUS_1303 [Yasminevirus sp. GU-2018]
TRINITY_DN2498_c0_g1_i5	YP_003969759.1	50.9	108	40	2	7760	8077	8	104	1.43e-18	94.4	YP_003969759.1 putative DnaJ/Hsp40 [Cafeteria roenbergensis virus BV-PW1]
TRINITY_DN2498_c0_g1_i5	YP_007354262.1	55.6	72	32	0	7745	7960	1	72	8.46e-18	92.0	YP_007354262.1 DnaJ-like protein [Acanthamoeba polyphaga moumouvirus]
TRINITY_DN2498_c0_g1_i5	YP_010779699.1	54.5	77	35	0	7745	7975	1	77	1.51e-17	91.3	YP_010779699.1 hypothetical protein QJ854_gp318 [Moumouvirus goulette]
TRINITY_DN2498_c0_g1_i5	YP_010789616.1	55.6	72	32	0	7745	7960	1	72	1.51e-17	91.3	YP_010789616.1 DnaJ-like protein [Moumouvirus australiensis]
TRINITY_DN2463_c1_g1_i13	YP_001686975.1	25.5	404	229	14	72	1250	1	343	5.82e-34	141	YP_001686975.1 chitinase Chit1 precursor-like protein [Glossina pallidipes salivary gland hypertrophy virus]
TRINITY_DN2463_c1_g1_i6	YP_001686975.1	25.5	404	229	14	72	1250	1	343	3.61e-34	141	YP_001686975.1 chitinase Chit1 precursor-like protein [Glossina pallidipes salivary gland hypertrophy virus]
TRINITY_DN2438_c2_g1_i6	YP_009507789.1	56.4	94	41	0	289	570	4	97	1.58e-32	119	YP_009507789.1 p21 v-has transforming protein [Harvey murine sarcoma virus]
TRINITY_DN2438_c2_g1_i6	YP_009507788.1	56.4	94	41	0	289	570	56	149	5.99e-32	119	YP_009507788.1 protein p30 [Harvey murine sarcoma virus]
TRINITY_DN2451_c0_g1_i1	YP_010778060.1	43.8	96	54	0	1043	1330	89	184	2.49e-19	90.1	YP_010778060.1 dual specificity serine/threonine and tyrosine phosphatase [Bodo saltans virus]
TRINITY_DN2451_c0_g1_i1	NP_149586.1	34.0	144	88	2	911	1342	4	140	6.79e-19	87.4	NP_149586.1 123R [Invertebrate iridescent virus 6]
TRINITY_DN2451_c0_g1_i1	YP_009094610.1	35.3	153	91	3	899	1333	2	154	3.22e-15	77.4	YP_009094610.1 conserved dual specificity protein phosphatase [Marseillevirus sp. 'Melbournevirus']
TRINITY_DN2451_c0_g1_i1	YP_009254905.1	35.8	137	84	1	929	1327	16	152	1.11e-14	75.9	YP_009254905.1 conserved dual specificity protein phosphatase [Tokyovirus A1]
TRINITY_DN2451_c0_g1_i1	YP_010087027.1	36.2	138	82	4	929	1327	30	166	1.41e-14	75.9	YP_010087027.1 PTP-2 [Spodoptera eridania nucleopolyhedrovirus]
TRINITY_DN2471_c0_g1_i8	YP_009448636.1	26.5	453	280	12	311	1654	56	460	5.84e-36	145	YP_009448636.1 Cytochrome P450-like protein E-class [Orpheovirus IHUMI-LCC2]
TRINITY_DN2471_c0_g1_i8	YP_010781598.1	29.5	156	104	4	1118	1573	295	448	2.51e-11	70.1	YP_010781598.1 cytochrome P450 [Tupanvirus soda lake]
TRINITY_DN30465_c0_g1_i1	YP_004061438.1	73.7	133	34	1	2	400	173	304	8.63e-59	194	YP_004061438.1 hypothetical protein BpV1_008c [Bathycoccus sp. RCC1105 virus BpV1]
TRINITY_DN30465_c0_g1_i1	YP_007676312.1	73.7	133	34	1	2	400	172	303	4.20e-58	192	YP_007676312.1 heat shock protein 70 [Micromonas pusilla virus 12T]
TRINITY_DN30465_c0_g1_i1	YP_009173627.1	70.7	133	38	1	2	400	177	308	2.43e-55	186	YP_009173627.1 Hsp70 protein [Chrysochromulina ericina virus]
TRINITY_DN30465_c0_g1_i1	YP_003986897.1	64.7	133	46	1	2	400	173	304	3.01e-50	171	YP_003986897.1 heat shock 70 kDa protein-like protein [Acanthamoeba polyphaga mimivirus]
TRINITY_DN30465_c0_g1_i1	YP_004894551.1	65.4	133	45	1	2	400	173	304	1.18e-49	170	YP_004894551.1 heat shock 70 kDa protein-like protein [Megavirus chiliensis]
TRINITY_DN43363_c0_g1_i6	YP_007677683.1	34.9	175	90	8	389	883	36	196	1.05e-11	67.8	YP_007677683.1 transaldolase [Prochlorococcus phage P-GSP1]
TRINITY_DN43363_c0_g1_i6	YP_007677137.1	36.2	127	65	3	509	883	83	195	1.93e-11	67.0	YP_007677137.1 transaldolase [Prochlorococcus phage P-SSP3]
TRINITY_DN43363_c0_g1_i6	YP_005087349.1	36.2	127	65	3	509	883	83	195	1.93e-11	67.0	YP_005087349.1 transaldolase [Cyanophage P-SSP2]
TRINITY_DN43363_c0_g1_i6	YP_214231.1	31.7	123	68	3	509	871	83	191	1.62e-07	55.5	YP_214231.1 transaldolase [Prochlorococcus phage P-SSP7]
TRINITY_DN14695_c0_g1_i1	YP_010804050.1	28.6	140	91	3	418	837	60	190	7.58e-06	52.8	YP_010804050.1 polyprenyl synthetase [Fadolivirus algeromassiliense]
TRINITY_DN21221_c0_g1_i7	YP_874243.1	26.3	315	201	12	796	1683	239	541	8.20e-17	87.8	YP_874243.1 chitinase [Ectropis obliqua nucleopolyhedrovirus]
TRINITY_DN21221_c0_g1_i7	YP_010802950.1	22.8	302	202	8	835	1680	218	508	1.99e-12	73.9	YP_010802950.1 chitinase II [Fadolivirus algeromassiliense]
TRINITY_DN28751_c0_g1_i2	YP_009254008.1	29.9	167	107	4	621	136	519	680	8.33e-13	70.5	YP_009254008.1 putative aspartic protease [Water chestnut soymovirus 1]
TRINITY_DN28751_c0_g1_i2	NP_861410.1	25.5	200	135	4	711	154	442	641	9.99e-11	64.3	NP_861410.1 putative multifunctional pol protein [Cestrum yellow leaf curling virus]
TRINITY_DN16971_c1_g1_i7	YP_010803955.1	27.6	315	177	8	311	1243	4	271	4.58e-23	102	YP_010803955.1 aldo/keto reductase [Fadolivirus algeromassiliense]
TRINITY_DN10689_c0_g1_i22	YP_009162415.1	29.6	284	180	10	994	1842	2	266	2.84e-29	122	YP_009162415.1 serine-threonine kinase [Salmon gill poxvirus]
TRINITY_DN10689_c0_g1_i22	YP_009665657.1	24.8	326	194	8	994	1869	4	312	7.41e-20	97.1	YP_009665657.1 serine-threonine kinase [Feldmannia irregularis virus a]
TRINITY_DN10689_c0_g1_i22	YP_002154675.1	27.4	248	133	5	994	1614	4	245	1.92e-18	92.8	YP_002154675.1 serine-threonine kinase [Feldmannia species virus]
TRINITY_DN10689_c0_g1_i22	YP_007354522.1	25.1	303	187	11	976	1800	1	291	3.91e-18	91.7	YP_007354522.1 serine-threonine kinase [Acanthamoeba polyphaga moumouvirus]
TRINITY_DN10689_c0_g1_i22	YP_010783420.1	28.3	276	163	11	1009	1800	80	332	7.27e-18	89.7	YP_010783420.1 serine/threonine-protein kinase [Tetraselmis virus 1]
TRINITY_DN85437_c0_g2_i2	YP_010777388.1	39.0	566	312	15	412	2064	1	548	1.11e-116	364	YP_010777388.1 glutamine-dependent asparagine synthetase [Acanthamoeba polyphaga mimivirus]
TRINITY_DN85437_c0_g2_i2	YP_003986982.1	38.9	566	313	15	412	2064	1	548	1.57e-116	364	YP_003986982.1 glutamine-dependent asparagine synthetase [Acanthamoeba polyphaga mimivirus]
TRINITY_DN85437_c0_g2_i2	YP_009448498.1	38.7	571	313	15	412	2091	1	545	2.27e-114	358	YP_009448498.1 Asparagine synthase [Orpheovirus IHUMI-LCC2]
TRINITY_DN85437_c0_g2_i2	YP_010803419.1	38.8	564	310	14	412	2073	1	539	1.87e-112	353	YP_010803419.1 asparagine synthetase glutamine-hydrolyzing [Fadolivirus algeromassiliense]
TRINITY_DN85437_c0_g2_i2	YP_009173631.1	40.1	576	305	18	412	2085	1	554	2.03e-112	354	YP_009173631.1 asparagine synthetase B [Chrysochromulina ericina virus]
